complaint_id,customer_ref,branch_id,sale_id,service_id,claim_id,complaint_date,complaint_channel,complaint_category,severity,complaint_text,resolution_status,resolution_date,resolution_cost,currency_code,escalated_flag,days_to_resolution
1,CUS-200463192F,6,2797,6670,,2024-01-18,phone,service_delay,high,Customer raised a high concern regarding service delay.,rejected,2024-02-01,668.75,GHS,False,14
2,CUS-5267F363A5,14,7895,27047,,2024-03-25,email,product,low,Customer raised a low concern regarding product.,resolved,2024-03-30,197.99,GHS,False,5
3,CUS-2A89367D56,1,3484,,,2025-05-16,website,product,low,Customer raised a low concern regarding product.,resolved,2025-05-20,7.18,GHS,False,4
4,CUS-A1561143C8,1,2995,3761,,2024-07-31,email,billing,high,Customer raised a high concern regarding billing.,resolved,2024-08-12,1721.88,GHS,True,12
5,CUS-57D0391BB3,4,4502,,,2024-03-30,website,staff,high,Customer raised a high concern regarding staff.,investigating,,526.17,GHS,True,
6,CUS-42EA349A28,6,19995,,,2025-06-28,email,,high,Customer raised a high concern regarding product.,investigating,,92.39,GHS,True,
7,CUS-37C6C5C053,3,7396,21892,389,2024-09-16,website,warranty,medium,Customer raised a medium concern regarding warranty.,open,,408.78,GHS,False,
8,CUS-C14E7CBF74,10,6792,45732,,2024-06-27,website,product,medium,Customer raised a medium concern regarding product.,rejected,2024-07-04,530.72,GHS,False,7
9,CUS-355747F414,8,9277,35609,,2024-04-05,website,service_delay,medium,Customer raised a medium concern regarding service delay.,resolved,2024-04-16,258.35,GHS,False,11
10,CUS-6C20704373,2,3367,23628,,2024-05-25,phone,billing,high,Customer raised a high concern regarding billing.,resolved,2024-06-11,1327.20,GHS,False,17
11,CUS-6F6844E8F6,12,2374,17348,2475,2023-08-10,website,warranty,medium,Customer raised a medium concern regarding warranty.,rejected,2023-08-20,531.87,GHS,False,10
12,CUS-EF1033C77D,7,11648,29095,,2024-07-27,website,service_delay,medium,Customer raised a medium concern regarding service delay.,resolved,2024-07-31,201.82,GHS,False,4
13,CUS-CFC23FC9CC,15,7084,13222,,2025-04-15,phone,billing,medium,Customer raised a medium concern regarding billing.,resolved,2025-04-22,493.97,GHS,False,7
14,CUS-2518A725B2,6,204,37753,2665,2023-06-24,email,warranty,low,Customer raised a low concern regarding warranty.,investigating,,136.14,GHS,False,
15,CUS-8FFC19EA7E,5,4404,3648,,2025-05-11,phone,service_delay,low,Customer raised a low concern regarding service delay.,resolved,2025-05-16,29.45,GHS,False,5
16,CUS-2ECD633022,4,9684,40133,,2025-06-30,phone,service_delay,medium,Customer raised a medium concern regarding service delay.,resolved,2025-06-30,33.84,GHS,False,0
17,CUS-3FD5A68EF9,10,8505,,,2025-04-13,phone,billing,high,Customer raised a high concern regarding billing.,resolved,2025-04-24,1141.26,GHS,True,11
18,CUS-D019F048D2,6,11322,,,2024-08-05,website,delivery,medium,Customer raised a medium concern regarding delivery.,resolved,2024-08-13,75.95,GHS,False,8
19,CUS-E7F4BD3451,4,5538,44073,,2025-06-30,phone,service_delay,low,Customer raised a low concern regarding service delay.,resolved,2025-06-30,313.09,GHS,False,0
20,CUS-651267F74E,1,19540,34288,,2025-06-30,phone,service_delay,medium,Customer raised a medium concern regarding service delay.,resolved,2025-06-30,96.99,GHS,False,0
21,CUS-DFF85DE8E7,9,12170,,,2024-08-03,email,product,high,Customer raised a high concern regarding product.,rejected,2024-08-14,693.61,GHS,False,11
22,CUS-FA54A41BB6,6,19062,,,2025-05-16,website,delivery,high,Customer raised a high concern regarding delivery.,resolved,2025-05-27,713.58,GHS,True,11
23,CUS-D5AAEB3BF9,2,3357,,,2023-06-27,website,staff,medium,Customer raised a medium concern regarding staff.,resolved,2023-07-01,173.21,GHS,False,4
24,CUS-F2B6DDDA93,10,1274,21465,,2025-06-30,website,billing,medium,Customer raised a medium concern regarding billing.,resolved,2025-06-30,562.38,GHS,False,0
25,CUS-D5FA03F9F0,1,8575,28328,,2025-06-20,email,billing,medium,Customer raised a medium concern regarding billing.,resolved,,292.53,GHS,False,4
26,CUS-934233A350,2,8443,32077,,2024-07-15,email,STAFF,high,Customer raised a high concern regarding staff.,resolved,2024-07-26,1117.36,GHS,True,11
27,CUS-B80AE6756F,2,12693,,,2024-08-22,email,billing,low,Customer raised a low concern regarding billing.,resolved,2024-08-25,123.66,GHS,False,3
28,CUS-C3F8132853,11,7648,45133,,2024-10-26,website,product,low,Customer raised a low concern regarding product.,resolved,2024-10-29,204.89,GHS,False,3
29,CUS-86E54E568A,5,6679,19594,,2024-08-19,phone,product,medium,Customer raised a medium concern regarding product.,resolved,2024-08-25,128.79,GHS,False,6
30,CUS-22EFA66CE6,4,10141,9900,2863,2024-08-15,in_person,warranty,low,Customer raised a low concern regarding warranty.,investigating,,176.84,GHS,False,
31,CUS-EA01025553,9,772,,,2024-01-22,phone,delivery,critical,Customer raised a critical concern regarding delivery.,resolved,2024-02-06,3476.01,GHS,False,15
32,CUS-FC63B8E060,11,14922,753,,2025-05-08,website,product,high,Customer raised a high concern regarding product.,resolved,2025-05-23,439.25,GHS,True,15
33,CUS-2C7DD5006A,6,11666,42421,,2025-06-30,email,billing,low,Customer raised a low concern regarding billing.,resolved,2025-06-30,13.37,GHS,False,0
34,CUS-01A6E418D2,15,15363,32297,2152,2025-01-18,phone,warranty,high,Customer raised a high concern regarding warranty.,resolved,,325.59,GHS,True,12
35,CUS-F234E94561,1,4249,,,2023-08-19,email,delivery,low,Customer raised a low concern regarding delivery.,open,,21.31,GHS,False,
36,CUS-09EDBDB6AE,8,2564,,,2024-11-20,email,staff,medium,Customer raised a medium concern regarding staff.,resolved,2024-12-01,355.07,GHS,False,11
37,CUS-62ED97D8FB,6,11707,5415,700,2025-05-13,phone,warranty,high,Customer raised a high concern regarding warranty.,resolved,2025-05-26,1394.82,GHS,False,13
38,CUS-7DFC399696,2,15027,23758,,2025-05-04,email,billing,low,Customer raised a low concern regarding billing.,resolved,2025-05-12,34.57,GHS,False,8
39,CUS-E2048A5ECE,9,6113,32976,,2024-10-17,email,service_delay,low,Customer raised a low concern regarding service delay.,investigating,,54.38,GHS,False,
40,CUS-D5886BBBD7,3,12126,23250,702,2025-06-30,phone,warranty,medium,Customer raised a medium concern regarding warranty.,resolved,2025-06-30,606.79,GHS,False,0
41,CUS-B3E1EAB290,6,4470,34898,,2024-11-27,email,service_delay,high,Customer raised a high concern regarding service delay.,open,,1975.15,GHS,False,
42,CUS-6B6265857C,13,7919,2486,,2024-03-19,website,service_delay,high,Customer raised a high concern regarding service delay.,resolved,2024-04-05,1298.05,GHS,True,17
43,CUS-E49C3F2AA6,1,15732,27488,233,2025-03-22,in_person,warranty,medium,Customer raised a medium concern regarding warranty.,rejected,2025-04-02,316.97,GHS,False,11
44,CUS-858BB2A787,5,3363,27559,,2023-07-25,phone,product,high,Customer raised a high concern regarding product.,resolved,2023-08-07,286.38,GHS,True,13
45,CUS-58C63B84EF,12,12104,,,2024-07-10,phone,product,low,Customer raised a low concern regarding product.,resolved,2024-07-16,138.44,GHS,False,6
46,CUS-F31CD7B455,7,5076,4323,,2025-06-30,website,service_delay,high,Customer raised a high concern regarding service delay.,resolved,2025-06-30,1757.12,GHS,False,0
47,CUS-E4F8CF81F1,10,9407,5251,90,2025-06-30,email,warranty,high,Customer raised a high concern regarding warranty.,resolved,2025-06-30,170.81,GHS,False,0
48,CUS-B054E79D3C,7,6240,6945,,2024-11-13,social,billing,medium,Customer raised a medium concern regarding billing.,resolved,2024-11-23,116.67,GHS,False,10
49,CUS-A2594C96F5,11,14722,38810,,2025-03-11,phone,service_delay,medium,Customer raised a medium concern regarding service delay.,resolved,2025-03-22,659.55,GHS,False,11
50,CUS-2FE1E8B3A0,4,5897,44154,902,2025-06-30,phone,warranty,low,Customer raised a low concern regarding warranty.,resolved,2025-06-30,48.88,GHS,False,0
51,CUS-0304AC9FDE,7,3005,,,2024-01-09,website,billing,critical,Customer raised a critical concern regarding billing.,resolved,2024-01-26,3731.68,GHS,True,17
52,CUS-4568AC39C8,2,12936,34178,,2025-06-30,email,service_delay,high,Customer raised a high concern regarding service delay.,resolved,2025-06-30,1225.88,GHS,True,0
53,CUS-1412E0A3F3,3,6724,29381,43,2024-07-20,phone,warranty,low,Customer raised a low concern regarding warranty.,resolved,2024-07-24,285.98,GHS,False,4
54,CUS-F9ABA02D82,6,18838,,,2025-05-08,email,delivery,critical,Customer raised a critical concern regarding delivery.,resolved,2025-05-26,2939.93,GHS,True,18
55,CUS-F157B969FF,9,8713,30191,,2025-06-30,phone,service_delay,medium,Customer raised a medium concern regarding service delay.,resolved,2025-06-30,723.43,GHS,False,0
56,CUS-7F7AA18069,1,12443,32599,68,2025-06-30,phone,warranty,low,Customer raised a low concern regarding warranty.,resolved,2025-06-30,220.64,GHS,False,0
57,CUS-644152A792,5,5383,31458,,2025-06-30,phone,product,medium,Customer raised a medium concern regarding product.,open,,568.17,GHS,False,
58,CUS-17D34EF7B9,15,2502,27655,1388,2024-12-28,website,warranty,medium,Customer raised a medium concern regarding warranty.,resolved,2025-01-02,37.62,GHS,False,5
59,CUS-5373B5E226,9,3914,2741,,2025-06-16,website,staff,medium,Customer raised a medium concern regarding staff.,resolved,2025-06-21,53.47,GHS,False,5
60,CUS-A85411CDE6,13,7476,10875,,2024-05-21,phone,billing,medium,Customer raised a medium concern regarding billing.,resolved,2024-05-25,390.74,GHS,False,4
61,CUS-892E07B27D,3,4284,532,1429,2023-10-16,phone,warranty,medium,Customer raised a medium concern regarding warranty.,resolved,2023-10-21,798.38,GHS,False,5
62,CUS-3CA5CEBBC4,10,5241,9150,,2025-06-30,phone,service_delay,medium,Customer raised a medium concern regarding service delay.,rejected,2025-06-30,160.68,GHS,False,0
63,CUS-41AEFFF2D2,3,8116,7905,1183,2025-03-16,website,warranty,medium,Customer raised a medium concern regarding warranty.,resolved,2025-03-21,364.35,GHS,False,5
64,CUS-89F86A4C9F,6,20463,,,2025-06-30,email,staff,medium,Customer raised a medium concern regarding staff.,rejected,2025-06-30,38.99,GHS,False,0
65,CUS-85164C2D4E,2,2757,,,2023-06-06,website,delivery,medium,Customer raised a medium concern regarding delivery.,resolved,2023-06-15,673.69,GHS,False,9
66,CUS-7063E14774,4,4513,8103,825,2025-01-19,phone,warranty,medium,Customer raised a medium concern regarding warranty.,resolved,2025-01-28,673.97,GHS,False,9
67,CUS-C0CF614643,7,8876,7962,1904,2024-11-05,website,warranty,medium,Customer raised a medium concern regarding warranty.,open,,355.12,GHS,False,
68,CUS-6AC28F8319,1,14031,3652,,2024-11-29,social,billing,high,Customer raised a high concern regarding billing.,resolved,2024-12-13,1056.66,GHS,False,14
69,CUS-8AC8A60D7B,1,10759,47492,,2025-01-17,in_person,product,low,Customer raised a low concern regarding product.,resolved,2025-01-25,278.85,GHS,False,8
70,CUS-EBEA5D41F9,9,13792,36365,,2024-11-19,email,product,low,Customer raised a low concern regarding product.,resolved,2024-11-25,81.02,GHS,False,6
71,CUS-D2C362C420,9,284,42802,,2024-02-20,phone,service_delay,medium,Customer raised a medium concern regarding service delay.,resolved,2024-02-24,50.29,GHS,False,4
72,CUS-7BC62C654B,10,14440,20856,2501,2025-06-30,phone,warranty,critical,Customer raised a critical concern regarding warranty.,open,,2408.20,GHS,True,
73,CUS-51DFC853B4,9,15352,,,2024-12-09,phone,staff,low,Customer raised a low concern regarding staff.,resolved,2024-12-17,304.90,GHS,False,8
74,CUS-C94C43E5DD,7,1778,,,2025-04-21,phone,staff,medium,Customer raised a medium concern regarding staff.,resolved,2025-05-02,224.40,GHS,False,11
75,CUS-EE6702E428,11,13229,27826,95,2024-11-30,in_person,warranty,medium,Customer raised a medium concern regarding warranty.,investigating,,791.88,GHS,False,
76,CUS-A00BC874D3,1,13385,35431,,2025-06-30,in_person,service_delay,medium,Customer raised a medium concern regarding service delay.,resolved,2025-06-30,81.32,GHS,False,0
77,CUS-A445ACCC73,1,5976,29618,,2025-06-30,email,service_delay,low,Customer raised a low concern regarding service delay.,resolved,2025-06-30,261.94,GHS,False,0
78,CUS-CD4F0A15AD,1,18805,,,2025-05-25,in_person,product,low,Customer raised a low concern regarding product.,rejected,2025-05-26,11.66,GHS,False,1
79,CUS-6A85937B67,12,3683,,,2024-01-13,phone,delivery,medium,Customer raised a medium concern regarding delivery.,open,,629.95,GHS,False,
80,CUS-3B5356A121,7,10954,16042,2102,2024-12-20,phone,warranty,medium,Customer raised a medium concern regarding warranty.,resolved,2024-12-25,696.65,GHS,False,5
81,CUS-785046D780,4,16025,22967,,2025-05-06,website,product,medium,Customer raised a medium concern regarding product.,resolved,2025-05-10,322.66,GHS,False,4
82,CUS-4AC64ACE87,5,13919,7672,754,2025-06-30,email,warranty,medium,Customer raised a medium concern regarding warranty.,resolved,2025-06-30,404.23,GHS,False,0
83,CUS-6D9CFF7354,6,12812,19582,2283,2025-02-12,phone,warranty,high,Customer raised a high concern regarding warranty.,resolved,2025-02-09,1611.61,GHS,True,13
84,CUS-5499F8B9A7,3,17170,37290,9007,2025-06-30,phone,warranty,medium,Customer raised a medium concern regarding warranty.,resolved,2025-06-30,615.48,GHS,False,0
85,CUS-89AF0A3421,9,1643,32057,,2024-04-14,email,product,medium,Customer raised a medium concern regarding product.,investigating,,587.83,GHS,False,
86,CUS-B464901C25,5,7849,,,2024-01-22,social,delivery,medium,Customer raised a medium concern regarding delivery.,resolved,2024-01-26,692.29,GHS,False,4
87,CUS-E5F2A2AD57,1,7146,,,2024-03-22,email,delivery,medium,Customer raised a medium concern regarding delivery.,open,,5.48,GHS,False,
88,CUS-F392675CE8,2,13712,14790,,2024-10-23,phone,product,medium,Customer raised a medium concern regarding product.,resolved,2024-10-30,278.67,GHS,False,7
89,CUS-DC2683D3F8,12,205,,,2023-12-09,website,delivery,low,Customer raised a low concern regarding delivery.,resolved,2023-12-12,244.77,GHS,False,3
90,CUS-44B594367F,13,5785,31560,,2024-07-05,email,service_delay,medium,Customer raised a medium concern regarding service delay.,investigating,,491.54,GHS,False,
91,CUS-656B4F2FB8,7,10207,35662,,2025-04-19,website,service_delay,medium,Customer raised a medium concern regarding service delay.,resolved,2025-04-28,128.58,GHS,False,9
92,CUS-21C5D028C4,1,18859,,,2025-05-17,email,staff,critical,Customer raised a critical concern regarding staff.,resolved,2025-06-04,3823.70,GHS,False,18
93,CUS-470DB9A3D0,1,1905,43461,2945,2023-05-02,phone,warranty,medium,Customer raised a medium concern regarding warranty.,resolved,2023-05-07,530.73,GHS,False,5
94,CUS-9832190452,4,6659,,,2023-11-18,phone,delivery,medium,Customer raised a medium concern regarding delivery.,resolved,2023-11-25,714.30,GHS,False,7
95,CUS-0CC84DDEA4,7,17701,,,2025-03-09,phone,product,medium,Customer raised a medium concern regarding product.,resolved,2025-03-13,524.20,GHS,False,4
96,CUS-CE3F5C7843,4,6810,,,2023-12-03,phone,delivery,medium,Customer raised a medium concern regarding delivery.,resolved,2023-12-14,347.56,GHS,False,11
97,CUS-9505D12644,5,7472,6063,,2025-06-30,email,product,low,Customer raised a low concern regarding product.,resolved,2025-06-30,300.34,GHS,False,0
98,CUS-88C62085A9,4,4861,35412,707,2024-09-10,phone,warranty,low,Customer raised a low concern regarding warranty.,open,,12.42,GHS,False,
99,CUS-931956BC7C,12,9670,,,2024-04-01,website,delivery,high,Customer raised a high concern regarding delivery.,resolved,2024-04-13,655.65,GHS,True,12
100,CUS-489D13D8E6,1,5641,9141,,2025-06-21,phone,billing,low,Customer raised a low concern regarding billing.,resolved,2025-06-25,4.81,GHS,False,4
101,CUS-6BA51223B9,1,14628,41114,2750,2025-06-07,phone,warranty,medium,Customer raised a medium concern regarding warranty.,resolved,2025-06-17,734.32,GHS,False,10
102,CUS-661957317B,6,14358,41536,,2025-05-23,email,product,medium,Customer raised a medium concern regarding product.,resolved,2025-05-30,573.24,GHS,False,7
103,CUS-7940B078F8,8,1552,40809,,2025-01-30,phone,service_delay,medium,Customer raised a medium concern regarding service delay.,resolved,2025-02-07,94.15,GHS,False,8
104,CUS-3CCE3A181C,4,2132,,,2025-02-21,email,billing,low,Customer raised a low concern regarding billing.,resolved,2025-02-26,50.96,GHS,False,5
105,CUS-3180E8C858,3,2161,,,2025-02-13,phone,billing,medium,Customer raised a medium concern regarding billing.,resolved,2025-02-23,555.97,GHS,False,10
106,CUS-418112A84B,3,572,37434,,2025-06-30,website,staff,medium,Customer raised a medium concern regarding staff.,resolved,2025-06-30,243.04,GHS,False,0
107,CUS-F2CE51CBD6,3,14590,2390,,2025-06-30,website,product,low,Customer raised a low concern regarding product.,resolved,2025-06-30,179.65,GHS,False,0
108,CUS-F9ABA02D82,5,18838,8843,282,2025-06-30,phone,warranty,medium,Customer raised a medium concern regarding warranty.,open,,409.98,GHS,False,
109,CUS-2A6184AD7B,5,8051,17078,1049,2024-09-10,email,warranty,medium,Customer raised a medium concern regarding warranty.,resolved,2024-09-21,531.12,GHS,False,11
110,CUS-588041F550,1,6205,18728,1051,2025-05-06,phone,warranty,medium,Customer raised a medium concern regarding warranty.,resolved,2025-05-12,256.46,GHS,False,6
111,CUS-C9B09D7630,10,10964,20333,624,2024-09-21,phone,warranty,high,Customer raised a high concern regarding warranty.,resolved,2024-10-09,1596.12,GHS,True,18
112,CUS-3FBB493381,14,19045,37474,,2025-06-30,phone,product,high,Customer raised a high concern regarding product.,resolved,2025-06-30,460.66,GHS,True,0
113,CUS-21C5D028C4,4,14561,27870,220,2025-03-04,email,warranty,medium,Customer raised a medium concern regarding warranty.,resolved,2025-03-09,250.59,GHS,False,5
114,CUS-905B5FEB74,5,2334,39784,1986,2023-12-29,in_person,warranty,low,Customer raised a low concern regarding warranty.,open,,230.80,GHS,False,
115,CUS-90C106A143,1,10189,40335,,2025-01-15,phone,product,low,Customer raised a low concern regarding product.,resolved,2025-01-23,122.84,GHS,False,8
116,CUS-285EC48063,13,7467,33098,,2025-06-30,email,product,low,Customer raised a low concern regarding product.,resolved,2025-06-30,103.44,GHS,False,0
117,CUS-88823C3A35,8,9664,,,2024-04-10,phone,product,low,Customer raised a low concern regarding product.,resolved,2024-04-17,169.85,GHS,False,7
118,CUS-0EE238324F,13,14486,33078,,2025-06-07,phone,service_delay,high,Customer raised a high concern regarding service delay.,open,,515.92,GHS,False,
119,CUS-52CE311107,5,1755,38565,9007,2024-10-27,phone,warranty,low,Customer raised a low concern regarding warranty.,resolved,2024-11-03,228.74,GHS,False,7
120,CUS-1040F349D8,15,7009,30805,,2024-11-05,phone,staff,medium,Customer raised a medium concern regarding staff.,resolved,2024-11-10,471.46,GHS,False,5
121,CUS-B9AB1A6CAC,1,5031,,,2025-06-10,website,product,medium,Customer raised a medium concern regarding product.,resolved,2025-06-18,35.44,GHS,False,8
122,CUS-6F635D3241,15,3778,18108,,2024-10-05,email,billing,high,Customer raised a high concern regarding billing.,resolved,2024-10-20,1271.10,GHS,True,15
123,CUS-17EBF87F15,13,20365,,,2025-06-30,email,staff,medium,Customer raised a medium concern regarding staff.,resolved,2025-06-30,736.14,GHS,False,0
124,CUS-FBFA49051C,12,6905,25267,,2025-02-08,social,service_delay,low,Customer raised a low concern regarding service delay.,resolved,2025-02-12,155.07,GHS,False,4
125,CUS-48948071EE,2,954,3049,2440,2024-07-16,social,warranty,low,Customer raised a low concern regarding warranty.,resolved,2024-07-24,182.17,GHS,False,8
126,CUS-F29D584BEE,10,18903,22724,,2025-06-30,phone,billing,medium,Customer raised a medium concern regarding billing.,resolved,2025-06-30,46.76,GHS,False,0
127,CUS-943F2F8690,10,1655,,,2023-04-12,phone,product,medium,Customer raised a medium concern regarding product.,rejected,2023-04-20,757.75,GHS,False,8
128,CUS-3A2E28E8E8,3,13485,,,2024-09-17,email,delivery,medium,Customer raised a medium concern regarding delivery.,resolved,2024-09-21,264.04,GHS,False,4
129,CUS-54FF7B98DB,2,814,,,2025-02-16,website,billing,critical,Customer raised a critical concern regarding billing.,resolved,2025-03-08,2001.78,GHS,True,20
130,CUS-0A04FF6C41,11,11607,10163,1272,2025-06-30,phone,warranty,critical,Customer raised a critical concern regarding warranty.,resolved,2025-06-30,991.97,GHS,True,0
131,CUS-09F3D709A9,2,15136,40869,,2025-06-30,social,billing,medium,Customer raised a medium concern regarding billing.,investigating,,776.37,GHS,False,
132,CUS-6330191A32,10,10434,,,2024-05-29,phone,product,high,Customer raised a high concern regarding product.,resolved,2024-06-14,1621.69,GHS,True,16
133,CUS-65BBDF1E91,10,5981,6503,2955,2025-06-30,in_person,warranty,medium,Customer raised a medium concern regarding warranty.,rejected,2025-06-30,174.46,GHS,False,0
134,CUS-3792B9B44C,3,14167,,,2025-01-18,phone,product,low,Customer raised a low concern regarding product.,resolved,2025-01-23,251.80,GHS,False,5
135,CUS-C345573838,4,3925,9192,1420,2023-11-05,website,warranty,low,Customer raised a low concern regarding warranty.,resolved,2023-11-11,82.27,GHS,False,6
136,CUS-9985EEC54E,11,7139,22235,,2024-04-16,in_person,product,low,Customer raised a low concern regarding product.,resolved,2024-04-19,303.44,GHS,False,3
137,CUS-04710CFBAA,3,2309,,,2023-05-25,phone,product,low,Customer raised a low concern regarding product.,resolved,2023-06-01,306.64,GHS,False,7
138,CUS-EEB5872887,12,16813,15647,,2025-06-30,email,billing,high,Customer raised a high concern regarding billing.,resolved,2025-06-30,1965.56,GHS,True,0
139,CUS-B443DE94DE,5,4802,,,2024-03-20,email,billing,medium,Customer raised a medium concern regarding billing.,resolved,2024-03-31,112.32,GHS,False,11
140,CUS-24496EBFCC,7,12928,20623,,2024-11-30,website,product,medium,Customer raised a medium concern regarding product.,resolved,2024-12-06,19.56,GHS,False,6
141,CUS-E56D9AE43B,8,10946,17145,,2024-10-02,email,product,medium,Customer raised a medium concern regarding product.,investigating,,360.10,GHS,False,
142,CUS-84C85F3D15,2,10920,35734,,2025-06-27,email,product,medium,Customer raised a medium concern regarding product.,resolved,2025-06-30,597.06,GHS,False,3
143,CUS-44B594367F,1,10159,,,2024-05-09,phone,product,medium,Customer raised a medium concern regarding product.,resolved,2024-05-16,730.77,GHS,False,7
144,CUS-93B32A8E1B,11,4619,38895,2047,2024-11-04,phone,warranty,medium,Customer raised a medium concern regarding warranty.,resolved,2024-11-15,101.49,GHS,False,11
145,CUS-BB344C4C03,4,18082,,,2025-04-21,phone,delivery,low,Customer raised a low concern regarding delivery.,resolved,2025-04-22,133.81,GHS,False,1
146,CUS-6E100B61CC,1,17949,23113,2566,2025-06-30,phone,warranty,medium,Customer raised a medium concern regarding warranty.,investigating,,244.62,GHS,False,
147,CUS-93589CBE97,8,15918,,,2025-01-10,phone,delivery,high,Customer raised a high concern regarding delivery.,resolved,2025-01-26,1127.53,GHS,True,16
148,CUS-579E147B75,6,16347,,,2025-01-12,website,billing,medium,Customer raised a medium concern regarding billing.,resolved,2025-01-17,423.66,GHS,False,5
149,CUS-638F41A2FC,1,10853,18273,,2024-06-20,email,service_delay,medium,Customer raised a medium concern regarding service delay.,resolved,2024-07-01,720.15,GHS,False,11
150,CUS-BAD2CF54F3,3,6135,26211,2272,2024-03-13,website,warranty,medium,Customer raised a medium concern regarding warranty.,resolved,2024-03-21,754.07,GHS,False,8
151,CUS-94D63DF204,1,1333,,,2023-12-21,social,delivery,medium,Customer raised a medium concern regarding delivery.,resolved,2023-12-26,734.66,GHS,False,5
152,CUS-323CC7D2A4,11,7389,,,2025-02-12,email,product,low,Customer raised a low concern regarding product.,resolved,2025-02-16,314.92,GHS,False,4
153,CUS-4D2FE2AF5D,12,18497,21322,,2025-06-30,phone,product,high,Customer raised a high concern regarding product.,resolved,2025-06-30,1121.98,GHS,False,0
154,CUS-CF5A2315F6,1,5145,31997,,2025-06-30,website,staff,critical,Customer raised a critical concern regarding staff.,resolved,2025-06-30,2027.38,GHS,True,0
155,CUS-36B0CCEFE1,4,11992,37079,,2025-06-30,phone,billing,low,Customer raised a low concern regarding billing.,resolved,2025-06-30,89.92,GHS,False,0
156,CUS-2D0E4F99DE,13,9882,26933,1760,2025-05-14,email,warranty,high,Customer raised a high concern regarding warranty.,open,,770.19,GHS,True,
157,CUS-B8668CEB12,5,4394,37607,670,2025-06-02,phone,warranty,low,Customer raised a low concern regarding warranty.,resolved,2025-06-04,28.42,GHS,False,2
158,CUS-FC086113BD,13,1928,37267,,2024-03-21,email,service_delay,high,Customer raised a high concern regarding service delay.,resolved,2024-04-04,563.23,GHS,True,14
159,CUS-1FD92E40F5,7,6080,33413,,2024-05-13,email,service_delay,low,Customer raised a low concern regarding service delay.,resolved,2024-05-15,33.98,GHS,False,2
160,CUS-067E511A32,1,18181,,,2025-04-07,phone,product,medium,Customer raised a medium concern regarding product.,open,,490.59,GHS,False,
161,CUS-C65C2265B3,1,19507,,,2025-05-31,phone,delivery,medium,Customer raised a medium concern regarding delivery.,resolved,2025-06-04,427.96,GHS,False,4
162,CUS-B670E59E52,4,4152,20551,,2024-10-12,phone,billing,medium,Customer raised a medium concern regarding billing.,resolved,2024-10-22,695.45,GHS,False,10
163,CUS-0BAE411AB1,6,10358,,,2024-05-10,email,delivery,medium,Customer raised a medium concern regarding delivery.,resolved,2024-05-14,572.07,GHS,False,4
164,CUS-7BE7AFEA9E,9,8018,38500,,2024-02-08,phone,billing,high,Customer raised a high concern regarding billing.,resolved,2024-02-20,692.67,GHS,True,12
165,CUS-02C1363497,1,3301,,,2024-11-30,social,billing,low,Customer raised a low concern regarding billing.,open,,89.76,GHS,False,
166,CUS-4898388556,1,1824,29621,2265,2025-06-30,phone,warranty,high,Customer raised a high concern regarding warranty.,open,,633.81,GHS,True,
167,CUS-E2B64D6892,13,1566,26380,,2023-07-13,social,product,medium,Customer raised a medium concern regarding product.,resolved,2023-07-19,736.16,GHS,False,6
168,CUS-CA250E3636,4,11042,,,2025-06-24,email,delivery,high,Customer raised a high concern regarding delivery.,rejected,2025-06-30,1625.25,GHS,True,6
169,CUS-0F1903F151,2,11191,,,2024-07-01,in_person,billing,low,Customer raised a low concern regarding billing.,resolved,2024-07-02,152.53,GHS,False,1
170,CUS-5228268376,8,4900,13004,2679,2023-10-23,email,warranty,medium,Customer raised a medium concern regarding warranty.,resolved,2023-10-28,210.34,GHS,False,5
171,CUS-1C55719209,14,7709,10841,,2024-04-11,email,product,high,Customer raised a high concern regarding product.,resolved,2024-04-29,558.73,GHS,True,18
172,CUS-5BAF1AF83C,2,12927,,,2024-08-27,phone,staff,medium,Customer raised a medium concern regarding staff.,resolved,2024-09-03,699.00,GHS,False,7
173,CUS-0AA3B5BD17,10,19281,,,2025-05-11,in_person,delivery,medium,Customer raised a medium concern regarding delivery.,investigating,,670.86,GHS,False,
174,CUS-38E7E5A8CB,1,10724,6521,,2024-08-03,website,service_delay,medium,Customer raised a medium concern regarding service delay.,resolved,2024-08-13,273.52,GHS,False,10
175,CUS-B28E1FADF2,11,13318,,,2025-06-30,email,staff,medium,Customer raised a medium concern regarding staff.,rejected,2025-06-30,88.96,GHS,False,0
176,CUS-153E39A664,4,7054,38006,815,2024-07-03,in_person,warranty,high,Customer raised a high concern regarding warranty.,open,,1304.78,GHS,False,
177,CUS-F63417FE13,1,11315,1496,,2024-11-11,in_person,billing,medium,Customer raised a medium concern regarding billing.,resolved,2024-11-21,358.59,GHS,False,10
178,CUS-37BDB47B5F,7,3048,7312,,2024-04-01,phone,service_delay,high,Customer raised a high concern regarding service delay.,resolved,2024-04-13,349.05,GHS,True,12
179,CUS-D062CBC67E,13,14309,,,2024-11-11,email,product,low,Customer raised a low concern regarding product.,resolved,2024-11-14,63.92,GHS,False,3
180,CUS-76832CDB55,5,10238,18910,,2024-11-01,website,product,high,Customer raised a high concern regarding product.,resolved,2024-11-13,1235.97,GHS,True,12
181,CUS-B547C09115,12,3272,6741,,2023-07-03,phone,billing,medium,Customer raised a medium concern regarding billing.,investigating,,12.54,GHS,False,
182,CUS-15114EF38F,6,9142,13128,,2025-06-30,phone,product,high,Customer raised a high concern regarding product.,resolved,2025-06-30,277.85,GHS,False,0
183,CUS-4CC4ED38B1,5,105,9976,,2023-09-13,email,product,low,Customer raised a low concern regarding product.,resolved,2023-09-18,94.40,GHS,False,5
184,CUS-E2E025E6FD,1,15452,,,2024-12-11,email,billing,medium,Customer raised a medium concern regarding billing.,resolved,2024-12-16,719.22,GHS,False,5
185,CUS-F4E260FF21,1,11853,20294,,2024-09-07,phone,billing,medium,Customer raised a medium concern regarding billing.,resolved,2024-09-13,466.29,GHS,False,6
186,CUS-91F8211711,8,171,,,2024-12-21,website,delivery,medium,Customer raised a medium concern regarding delivery.,resolved,2024-12-31,707.45,GHS,False,10
187,CUS-79CCB86C42,6,7813,,,2024-07-27,phone,delivery,medium,Customer raised a medium concern regarding delivery.,investigating,,778.93,GHS,False,
188,CUS-56FA8982E3,10,1113,7937,741,2023-10-15,phone,warranty,medium,Customer raised a medium concern regarding warranty.,resolved,2023-10-20,234.63,GHS,False,5
189,CUS-56D602EBA2,2,14026,,,2024-10-17,website,billing,medium,Customer raised a medium concern regarding billing.,open,,370.20,GHS,False,
190,CUS-4A210DD0CA,1,3907,,,2025-06-30,website,staff,low,Customer raised a low concern regarding staff.,resolved,2025-06-30,4.43,GHS,False,0
191,CUS-B6CDD2D33B,11,6793,7236,,2024-01-03,phone,billing,critical,Customer raised a critical concern regarding billing.,resolved,2024-01-18,556.87,GHS,True,15
192,CUS-B3EF9EAEEF,2,1299,36495,,2025-06-30,email,billing,medium,Customer raised a medium concern regarding billing.,resolved,2025-06-30,104.32,GHS,False,0
193,CUS-6896C40F70,4,2997,6118,2239,2023-07-23,in_person,warranty,medium,Customer raised a medium concern regarding warranty.,resolved,2023-07-31,351.40,GHS,False,8
194,CUS-3C4E6B82F4,9,2602,30032,1837,2025-04-10,phone,warranty,low,Customer raised a low concern regarding warranty.,open,,11.51,GHS,False,
195,CUS-797465D54B,1,10832,,,2024-05-19,phone,product,high,Customer raised a high concern regarding product.,resolved,2024-06-03,1209.26,GHS,True,15
196,CUS-02C25E2DF9,2,13663,,,2024-10-13,phone,product,high,Customer raised a high concern regarding product.,resolved,2024-10-30,1103.33,GHS,True,17
197,CUS-CCBF9CD5AD,13,19984,,,2025-06-30,phone,billing,medium,Customer raised a medium concern regarding billing.,resolved,2025-06-30,270.64,GHS,False,0
198,CUS-81B35B9723,15,566,22370,,2024-05-21,in_person,product,high,Customer raised a high concern regarding product.,resolved,2024-06-01,794.18,GHS,True,11
199,CUS-A8C07E2A7C,13,13983,,,2024-11-04,website,product,high,Customer raised a high concern regarding product.,resolved,2024-11-21,761.87,GHS,True,17
200,CUS-077B0A3995,5,14759,28383,,2025-06-30,website,product,medium,Customer raised a medium concern regarding product.,investigating,,554.15,GHS,False,
201,CUS-CD9FBC873E,10,10866,,,2024-05-30,website,delivery,medium,Customer raised a medium concern regarding delivery.,investigating,,620.76,GHS,False,
202,CUS-668F8FB960,14,5815,10038,,2025-02-27,email,product,medium,Customer raised a medium concern regarding product.,resolved,2025-03-10,776.43,GHS,False,11
203,CUS-C46EFF0C6D,7,16625,32669,,2025-06-30,email,product,high,Customer raised a high concern regarding product.,resolved,2025-06-30,1419.04,GHS,True,0
204,CUS-B21CB5BEF1,10,478,42951,,2023-03-29,email,service_delay,low,Customer raised a low concern regarding service delay.,resolved,2023-04-04,310.32,GHS,False,6
205,CUS-6C7100057A,9,16108,,,2025-01-07,email,delivery,low,Customer raised a low concern regarding delivery.,open,,184.43,GHS,False,
206,CUS-88CF21F508,3,6011,44290,,2025-05-17,in_person,service_delay,medium,Customer raised a medium concern regarding service delay.,open,,129.15,GHS,False,
207,CUS-620F544740,3,3613,5913,,2024-04-06,phone,product,medium,Customer raised a medium concern regarding product.,resolved,2024-04-16,504.39,GHS,False,10
208,CUS-0F81BC1DB5,8,16779,18767,,2025-06-30,email,staff,medium,Customer raised a medium concern regarding staff.,resolved,2025-06-30,489.64,GHS,False,0
209,CUS-AC915A7EE6,8,3670,38051,,2024-03-05,website,service_delay,high,Customer raised a high concern regarding service delay.,resolved,2024-03-21,50.14,GHS,True,16
210,CUS-062CCEEB49,11,18809,,,2025-05-06,website,product,low,Customer raised a low concern regarding product.,resolved,2025-05-09,110.23,GHS,False,3
211,CUS-01ED88F803,3,1856,28611,,2024-11-04,website,product,medium,Customer raised a medium concern regarding product.,resolved,2024-11-10,531.45,GHS,False,6
212,CUS-D819C6B9CC,1,5458,,,2024-09-25,email,product,medium,Customer raised a medium concern regarding product.,resolved,2024-10-04,478.46,GHS,False,9
213,CUS-903A3BA886,3,4038,42776,,2025-03-10,email,product,medium,Customer raised a medium concern regarding product.,investigating,,790.38,GHS,False,
214,CUS-6D39A85602,8,6661,8635,,2025-06-30,in_person,staff,low,Customer raised a low concern regarding staff.,resolved,2025-06-30,202.29,GHS,False,0
215,CUS-ADC5C884F4,9,8762,8900,,2024-05-29,email,product,medium,Customer raised a medium concern regarding product.,resolved,2024-06-04,504.33,GHS,False,6
216,CUS-D7F8F3ACC4,2,10573,32249,,2025-06-30,phone,service_delay,medium,Customer raised a medium concern regarding service delay.,resolved,2025-06-30,360.91,GHS,False,0
217,CUS-51EF5C1A55,6,17886,,,2025-03-31,in_person,staff,low,Customer raised a low concern regarding staff.,resolved,2025-04-01,114.89,GHS,False,1
218,CUS-ACBFB759B4,5,16858,37336,465,2025-06-18,website,warranty,critical,Customer raised a critical concern regarding warranty.,resolved,2025-06-30,2647.52,GHS,True,12
219,CUS-3454DCCF55,3,16195,31540,,2025-06-30,email,billing,high,Customer raised a high concern regarding billing.,resolved,2025-06-30,274.41,GHS,True,0
220,CUS-BBA030D17C,5,19017,34523,390,2025-06-30,phone,warranty,low,Customer raised a low concern regarding warranty.,resolved,2025-06-30,279.34,GHS,False,0
221,CUS-A1561143C8,9,15948,,,2025-01-20,website,billing,medium,Customer raised a medium concern regarding billing.,resolved,2025-01-31,553.67,GHS,False,11
222,CUS-68ABB08B08,3,4893,37010,2958,2023-12-03,website,warranty,low,Customer raised a low concern regarding warranty.,rejected,2023-12-04,171.12,GHS,False,1
223,CUS-044A752288,1,6678,27477,,2024-07-21,social,service_delay,low,Customer raised a low concern regarding service delay.,resolved,2024-07-27,195.57,GHS,False,6
224,CUS-E8A7D2F356,11,12316,,,2024-12-06,email,staff,low,Customer raised a low concern regarding staff.,resolved,2024-12-10,139.76,GHS,False,4
225,CUS-440ABED723,11,4838,,,2023-09-07,email,delivery,high,Customer raised a high concern regarding delivery.,open,,1660.18,GHS,True,
226,CUS-7DD0FDEAFF,1,2077,7593,,2024-05-30,email,service_delay,high,Customer raised a high concern regarding service delay.,open,,1800.41,GHS,False,
227,CUS-7E2DC01E44,12,361,,,2023-05-26,phone,delivery,medium,Customer raised a medium concern regarding delivery.,resolved,2023-06-05,515.38,GHS,False,10
228,CUS-3CD5107A0C,2,12869,,,2024-08-18,email,billing,high,Customer raised a high concern regarding billing.,resolved,2024-08-30,1710.66,GHS,False,12
229,CUS-FD375BEF17,15,13335,42295,,2025-06-30,website,product,medium,Customer raised a medium concern regarding product.,open,,146.83,GHS,False,
230,CUS-45BCC0C697,4,10182,,,2024-05-12,phone,delivery,medium,Customer raised a medium concern regarding delivery.,resolved,2024-05-16,468.94,GHS,False,4
231,CUS-8C1881204A,10,18202,,,2025-04-03,phone,billing,medium,Customer raised a medium concern regarding billing.,resolved,2025-04-12,694.48,GHS,False,9
232,CUS-5DB9AA8668,1,8068,46806,940,2025-06-30,email,warranty,medium,Customer raised a medium concern regarding warranty.,open,,520.13,GHS,False,
233,CUS-323CC7D2A4,12,1842,47804,,2023-09-28,social,service_delay,low,Customer raised a low concern regarding service delay.,open,,130.58,GHS,False,
234,CUS-2249E36DDE,11,605,22737,,2023-12-11,website,staff,medium,Customer raised a medium concern regarding staff.,rejected,2023-12-21,14.66,GHS,False,10
235,CUS-6B2AE03F93,1,14239,31793,,2025-06-30,email,service_delay,high,Customer raised a high concern regarding service delay.,resolved,2025-06-30,827.55,GHS,True,0
236,CUS-0BBA62D0E1,13,19430,,,2025-06-19,phone,billing,high,Customer raised a high concern regarding billing.,resolved,2025-06-30,451.40,GHS,True,11
237,CUS-577DD5DE77,13,16839,,,2025-02-07,email,billing,low,Customer raised a low concern regarding billing.,open,,114.18,GHS,False,
238,CUS-252E313F77,2,2386,,,2024-06-20,phone,delivery,medium,Customer raised a medium concern regarding delivery.,open,,296.95,GHS,False,
239,CUS-E63E332C55,6,6484,29659,,2024-03-12,phone,product,medium,Customer raised a medium concern regarding product.,resolved,2024-03-16,539.35,GHS,False,4
240,CUS-A8F3E0AF07,1,10328,37896,1749,2024-09-27,in_person,warranty,high,Customer raised a high concern regarding warranty.,resolved,2024-10-15,588.74,GHS,False,18
241,CUS-759052314B,4,8988,45872,,2024-07-06,email,billing,low,Customer raised a low concern regarding billing.,investigating,,288.21,GHS,False,
242,CUS-23B7EB8708,9,7468,25965,,2024-02-09,email,staff,medium,Customer raised a medium concern regarding staff.,resolved,2024-02-15,48.67,GHS,False,6
243,CUS-DCE4081ACE,9,419,33041,,2023-03-02,in_person,product,high,Customer raised a high concern regarding product.,resolved,2023-03-20,904.86,GHS,True,18
244,CUS-E582B370B6,10,6387,21244,,2024-07-17,email,product,medium,Customer raised a medium concern regarding product.,open,,293.40,GHS,False,
245,CUS-1E39D9A17B,13,1625,47878,,2024-06-20,email,service_delay,medium,Customer raised a medium concern regarding service delay.,rejected,2024-06-29,533.40,GHS,False,9
246,CUS-8A8F887028,5,10548,,,2024-05-15,phone,staff,medium,Customer raised a medium concern regarding staff.,open,,695.74,GHS,False,
247,CUS-E7D6D506C4,6,1807,,,2023-05-05,email,billing,low,Customer raised a low concern regarding billing.,resolved,2023-05-08,72.29,GHS,False,3
248,CUS-797465D54B,3,10832,16755,1239,2025-06-30,in_person,warranty,medium,Customer raised a medium concern regarding warranty.,resolved,2025-06-30,610.83,GHS,False,0
249,CUS-61AB98FB0A,1,4933,40722,,2024-08-28,email,staff,critical,Customer raised a critical concern regarding staff.,resolved,2024-09-14,1692.76,GHS,True,17
250,CUS-911B9F6AF6,13,908,44994,2108,2024-02-15,email,warranty,high,Customer raised a high concern regarding warranty.,resolved,2024-02-26,1203.84,GHS,True,11
251,CUS-2A9D07B01A,1,5056,,,2023-09-23,website,product,medium,Customer raised a medium concern regarding product.,resolved,2023-10-03,68.64,GHS,False,10
252,CUS-085EA66563,2,7423,43390,,2024-11-20,email,product,low,Customer raised a low concern regarding product.,resolved,2024-11-23,189.27,GHS,False,3
253,CUS-498DD5E40E,1,7614,31879,,2024-05-15,phone,staff,low,Customer raised a low concern regarding staff.,resolved,2024-05-23,59.87,GHS,False,8
254,CUS-F7F57C2554,5,5119,,,2024-10-29,website,delivery,medium,Customer raised a medium concern regarding delivery.,resolved,2024-11-05,236.15,GHS,False,7
255,CUS-C61E0ECC25,9,19914,,,2025-06-24,phone,product,low,Customer raised a low concern regarding product.,investigating,,33.38,GHS,False,
256,CUS-5F262C62CE,10,5295,29601,,2025-06-30,website,billing,medium,Customer raised a medium concern regarding billing.,resolved,2025-06-30,128.41,GHS,False,0
257,CUS-7EB6B5FDD9,4,5009,13989,827,2024-09-09,email,warranty,low,Customer raised a low concern regarding warranty.,resolved,,139.43,GHS,False,6
258,CUS-727A9D0FEB,13,238,,,2023-05-29,email,product,low,Customer raised a low concern regarding product.,investigating,,119.55,GHS,False,
259,CUS-36447625E0,7,14404,,,2024-11-08,email,delivery,low,Customer raised a low concern regarding delivery.,investigating,,287.68,GHS,False,
260,CUS-CB1807A878,1,1059,,,2024-05-14,email,product,high,Customer raised a high concern regarding product.,resolved,2024-05-31,506.93,GHS,True,17
261,CUS-66CC53BAA0,3,3738,31675,725,2024-03-21,phone,warranty,low,Customer raised a low concern regarding warranty.,rejected,2024-03-27,32.10,GHS,False,6
262,CUS-09348EE3BF,5,1863,30447,,2024-06-07,email,product,medium,Customer raised a medium concern regarding product.,resolved,2024-06-16,429.87,GHS,False,9
263,CUS-260FDA972D,10,7262,44855,,2024-08-03,phone,staff,low,Customer raised a low concern regarding staff.,resolved,2024-08-06,62.86,GHS,False,3
264,CUS-83850849C8,4,5194,6705,30,2023-11-18,email,warranty,high,Customer raised a high concern regarding warranty.,resolved,2023-12-02,957.65,GHS,True,14
265,CUS-39C52DE28E,1,12559,22495,,2024-09-25,website,product,medium,Customer raised a medium concern regarding product.,rejected,2024-10-05,20.37,GHS,False,10
266,CUS-A6BF8021E2,3,3307,11806,,2025-05-22,phone,product,medium,Customer raised a medium concern regarding product.,resolved,2025-05-29,71.84,GHS,False,7
267,CUS-83C2765238,3,7483,,,2024-09-08,phone,billing,medium,Customer raised a medium concern regarding billing.,open,,603.74,GHS,False,
268,CUS-367F48787F,6,12352,,,2024-08-23,email,product,medium,Customer raised a medium concern regarding product.,resolved,2024-09-01,249.07,GHS,False,9
269,CUS-C78927BD3B,6,306,11869,,2024-12-15,website,PRODUCT,medium,Customer raised a medium concern regarding product.,investigating,,191.52,GHS,False,
270,CUS-80CC4C57C7,14,10539,44353,,2025-06-26,phone,billing,low,Customer raised a low concern regarding billing.,resolved,2025-06-30,131.94,GHS,False,4
271,CUS-4D20DBF0A3,2,12750,,,2024-09-11,in_person,billing,low,Customer raised a low concern regarding billing.,resolved,2024-09-13,104.80,GHS,False,2
272,CUS-3492BE5998,10,16532,,,2025-02-04,website,staff,high,Customer raised a high concern regarding staff.,resolved,2025-02-21,438.47,GHS,False,17
273,CUS-C435D70CF3,15,6077,36974,,2024-10-28,website,service_delay,low,Customer raised a low concern regarding service delay.,resolved,2024-11-03,301.14,GHS,False,6
274,CUS-9B204E0C4F,8,11423,17137,,2024-08-18,email,service_delay,medium,Customer raised a medium concern regarding service delay.,resolved,2024-08-29,207.67,GHS,False,11
275,CUS-4BC18D35B4,13,12495,,,2024-08-01,phone,billing,medium,Customer raised a medium concern regarding billing.,resolved,2024-08-10,605.28,GHS,False,9
276,CUS-1F641F188F,2,17597,18733,,2025-06-30,in_person,service_delay,high,Customer raised a high concern regarding service delay.,open,,1748.57,GHS,True,
277,CUS-C7F4219EBA,2,19119,,,2025-05-09,email,product,high,Customer raised a high concern regarding product.,investigating,,1281.72,GHS,False,
278,CUS-114EAA2ABE,2,4145,47143,1048,2024-05-24,phone,warranty,high,Customer raised a high concern regarding warranty.,resolved,,828.69,GHS,False,
279,CUS-9E2EDBB654,9,14233,,,2025-04-27,phone,product,medium,Customer raised a medium concern regarding product.,resolved,2025-05-06,463.43,GHS,False,9
280,CUS-C23DD6F95E,2,5010,23856,,2025-01-06,phone,product,medium,Customer raised a medium concern regarding product.,resolved,2025-01-11,675.27,GHS,False,5
281,CUS-B4536BB398,1,16380,,,2025-01-07,website,product,high,Customer raised a high concern regarding product.,resolved,2025-01-24,112.98,GHS,True,17
282,CUS-BF4F4F9FE8,3,4671,33809,2282,2023-10-22,email,warranty,low,Customer raised a low concern regarding warranty.,rejected,2023-10-26,283.60,GHS,False,4
283,CUS-FD270F4DCC,2,6654,,,2024-07-12,website,billing,low,Customer raised a low concern regarding billing.,resolved,2024-07-16,311.97,GHS,False,4
284,CUS-4BDF83EA14,2,4006,42066,,2023-12-21,phone,staff,medium,Customer raised a medium concern regarding staff.,resolved,2023-12-30,614.38,GHS,False,9
285,CUS-A2AAE17A59,10,8117,,,2024-02-01,website,product,critical,Customer raised a critical concern regarding product.,resolved,2024-02-23,3868.25,GHS,True,22
286,CUS-B75192919B,1,2961,17375,,2024-05-23,phone,service_delay,medium,Customer raised a medium concern regarding service delay.,resolved,2024-06-01,319.47,GHS,False,9
287,CUS-8D670104A5,7,6052,45518,,2025-03-24,email,billing,critical,Customer raised a critical concern regarding billing.,resolved,2025-04-12,3087.26,GHS,True,19
288,CUS-5A5E698117,11,398,3994,,2023-10-24,website,service_delay,low,Customer raised a low concern regarding service delay.,resolved,2023-10-30,318.69,GHS,False,6
289,CUS-E42B2A4A0B,2,17159,9861,2864,2025-06-30,phone,warranty,critical,Customer raised a critical concern regarding warranty.,resolved,2025-06-30,964.81,GHS,True,0
290,CUS-8BF1FEB035,3,14308,,,2024-10-27,email,staff,low,Customer raised a low concern regarding staff.,resolved,2024-10-30,192.81,GHS,False,3
291,CUS-2705CDF4FB,10,1764,,,2024-07-02,email,delivery,high,Customer raised a high concern regarding delivery.,investigating,,1929.07,GHS,True,
292,CUS-D86568607F,8,3222,,,2024-07-28,phone,product,medium,Customer raised a medium concern regarding product.,resolved,2024-08-07,711.14,GHS,False,10
293,CUS-EF37282E0A,3,9358,34243,,2024-05-01,website,service_delay,medium,Customer raised a medium concern regarding service delay.,open,,234.25,GHS,False,
294,CUS-2E8A67CF50,2,2566,,,2025-03-16,phone,product,medium,Customer raised a medium concern regarding product.,resolved,2025-03-27,164.18,GHS,False,11
295,CUS-F037B26A94,6,11152,5039,,2025-01-26,phone,product,low,Customer raised a low concern regarding product.,resolved,2025-01-28,290.88,GHS,False,2
296,CUS-26F9AB7895,2,15145,,,2024-12-12,email,billing,medium,Customer raised a medium concern regarding billing.,rejected,2024-12-22,291.51,GHS,False,10
297,CUS-188E6A8C31,7,5248,36066,,2023-12-08,in_person,billing,high,Customer raised a high concern regarding billing.,resolved,2023-12-22,202.79,GHS,False,14
298,CUS-97A9BF6B3B,3,14541,1152,1257,2025-04-23,phone,warranty,medium,Customer raised a medium concern regarding warranty.,resolved,2025-05-01,215.17,GHS,False,8
299,CUS-4FF95F9459,10,7013,32551,,2025-05-17,phone,service_delay,high,Customer raised a high concern regarding service delay.,resolved,2025-05-30,355.28,GHS,True,13
300,CUS-E472072866,2,12078,,,2025-02-10,email,delivery,medium,Customer raised a medium concern regarding delivery.,investigating,,211.65,GHS,False,
301,CUS-CB6BEBB247,2,18369,47379,,2025-04-30,email,product,medium,Customer raised a medium concern regarding product.,resolved,2025-05-10,188.30,GHS,False,10
302,CUS-864C77EC93,3,13424,,,2025-01-27,email,billing,low,Customer raised a low concern regarding billing.,investigating,,304.37,GHS,False,
303,CUS-8576234A7D,11,19316,,,2025-06-04,phone,billing,critical,Customer raised a critical concern regarding billing.,resolved,2025-06-24,217.86,GHS,True,20
304,CUS-DBC9DAA494,1,11774,2283,1046,2024-08-24,in_person,warranty,low,Customer raised a low concern regarding warranty.,resolved,2024-08-30,206.21,GHS,False,6
305,CUS-5C2257A9F8,1,15315,,,2024-12-28,phone,product,medium,Customer raised a medium concern regarding product.,resolved,2025-01-07,46.66,GHS,False,10
306,CUS-F6FAE01881,2,16161,3344,,2025-06-30,phone,service_delay,low,Customer raised a low concern regarding service delay.,resolved,2025-06-30,6.34,GHS,False,0
307,CUS-F86B81E3AA,1,13259,2623,131,2024-10-26,in_person,warranty,high,Customer raised a high concern regarding warranty.,resolved,2024-11-11,1375.39,GHS,False,16
308,CUS-CB8EBFE03A,3,9642,28053,,2025-06-30,in_person,service_delay,medium,Customer raised a medium concern regarding service delay.,resolved,2025-06-30,593.90,GHS,False,0
309,CUS-F30F357997,15,1642,47436,,2023-04-25,in_person,product,high,Customer raised a high concern regarding product.,resolved,2023-05-08,464.83,GHS,True,13
310,CUS-7E5798136A,8,14916,,,2025-06-06,phone,delivery,medium,Customer raised a medium concern regarding delivery.,resolved,2025-06-10,531.41,GHS,False,4
311,CUS-2E732018B0,1,745,,,2025-03-30,email,product,high,Customer raised a high concern regarding product.,open,,1255.28,GHS,True,
312,CUS-BCC893100D,4,3011,,,2023-06-22,phone,delivery,low,Customer raised a low concern regarding delivery.,resolved,2023-06-23,171.15,GHS,False,1
313,CUS-C53E2FD8B2,12,9585,,,2024-07-06,phone,staff,medium,Customer raised a medium concern regarding staff.,resolved,2024-07-15,223.93,GHS,False,9
314,CUS-8576234A7D,10,14269,30709,920,2025-06-30,phone,warranty,high,Customer raised a high concern regarding warranty.,resolved,2025-06-30,383.21,GHS,False,0
315,CUS-48F375BC6D,12,8993,37196,2441,2024-12-09,email,warranty,medium,Customer raised a medium concern regarding warranty.,resolved,2024-12-16,344.60,GHS,False,7
316,CUS-60885C40A1,5,11392,23394,,2025-05-13,in_person,service_delay,low,Customer raised a low concern regarding service delay.,rejected,2025-05-19,40.33,GHS,False,6
317,CUS-88B96EDA9C,5,5273,4160,,2024-08-08,phone,service_delay,high,Customer raised a high concern regarding service delay.,resolved,2024-08-23,1945.62,GHS,True,15
318,CUS-AA0CBA1E70,2,18898,,,2025-04-29,phone,delivery,high,Customer raised a high concern regarding delivery.,open,,86.34,GHS,True,
319,CUS-133CE6ADA1,2,878,10007,,2024-12-01,phone,billing,high,Customer raised a high concern regarding billing.,resolved,2024-12-18,344.25,GHS,True,17
320,CUS-508A6A96F6,8,2333,15327,2770,2025-06-30,in_person,Warranty,low,Customer raised a low concern regarding warranty.,resolved,2025-06-30,278.57,GHS,False,0
321,CUS-744219C7EE,14,2365,47180,,2023-11-27,website,billing,low,Customer raised a low concern regarding billing.,resolved,2023-12-01,158.18,GHS,False,4
322,CUS-2720532622,3,10811,12271,1600,2025-01-22,email,warranty,low,Customer raised a low concern regarding warranty.,open,,243.57,GHS,False,
323,CUS-1F27450A3D,10,13405,,,2025-06-18,phone,billing,low,Customer raised a low concern regarding billing.,resolved,2025-06-23,174.97,GHS,False,5
324,CUS-0365BDBE1F,4,1803,38965,426,2024-10-26,email,warranty,high,Customer raised a high concern regarding warranty.,rejected,2024-11-06,741.34,GHS,True,11
325,CUS-1C3B59B511,8,12397,33380,,2024-09-20,email,service_delay,low,Customer raised a low concern regarding service delay.,resolved,2024-09-23,7.90,GHS,False,3
326,CUS-34021600E8,9,7784,36022,,2024-05-13,website,service_delay,high,Customer raised a high concern regarding service delay.,resolved,2024-05-26,44.65,GHS,False,13
327,CUS-D99A2AF204,12,4635,,,2024-01-21,email,billing,low,Customer raised a low concern regarding billing.,resolved,2024-01-24,215.59,GHS,False,3
328,CUS-AFFC98C0B2,3,49,35569,,2024-03-01,email,product,medium,Customer raised a medium concern regarding product.,open,,237.75,GHS,False,
329,CUS-B0D8189AED,12,13600,,,2025-03-25,phone,product,high,Customer raised a high concern regarding product.,resolved,2025-04-12,1609.51,GHS,True,18
330,CUS-EEF0328A9E,4,6483,11708,2626,2024-01-25,website,warranty,low,Customer raised a low concern regarding warranty.,investigating,,117.23,GHS,False,
331,CUS-8EDC21F5F3,12,4669,16711,,2024-03-30,email,staff,medium,Customer raised a medium concern regarding staff.,resolved,2024-04-08,570.48,GHS,False,9
332,CUS-A81FF6863D,5,29,4904,166,2024-06-22,phone,warranty,low,Customer raised a low concern regarding warranty.,resolved,2024-06-26,286.34,GHS,False,4
333,CUS-B28E1FADF2,11,13318,,,2025-06-30,phone,delivery,medium,Customer raised a medium concern regarding delivery.,resolved,2025-06-30,387.67,GHS,False,0
334,CUS-0305E1E96E,12,10947,,,2024-09-04,email,delivery,critical,Customer raised a critical concern regarding delivery.,resolved,2024-09-25,1554.22,GHS,True,21
335,CUS-8462364BE6,8,4531,,,2023-08-28,website,delivery,medium,Customer raised a medium concern regarding delivery.,investigating,,589.36,GHS,False,
336,CUS-EE8A5C0B6B,1,9017,,,2024-08-07,website,delivery,low,Customer raised a low concern regarding delivery.,resolved,2024-08-14,261.67,GHS,False,7
337,CUS-374317D068,4,14755,27025,,2025-06-30,phone,product,medium,Customer raised a medium concern regarding product.,open,,385.54,GHS,False,
338,CUS-1327910F5B,9,15516,12862,595,2025-06-30,phone,warranty,high,Customer raised a high concern regarding warranty.,resolved,2025-06-30,468.70,GHS,True,0
339,CUS-575839A975,11,5793,,,2023-11-07,email,product,high,Customer raised a high concern regarding product.,investigating,,1888.36,GHS,True,
340,CUS-603B49F411,2,13916,33828,,2025-06-30,phone,service_delay,low,Customer raised a low concern regarding service delay.,resolved,2025-06-30,149.33,GHS,False,0
341,CUS-F7331491DA,4,11161,32940,,2025-06-30,in_person,billing,high,Customer raised a high concern regarding billing.,resolved,2025-06-30,1212.89,GHS,True,0
342,CUS-62B5E281FE,7,12716,,,2024-09-03,in_person,product,medium,Customer raised a medium concern regarding product.,resolved,2024-09-13,258.49,GHS,False,10
343,CUS-B670E59E52,2,10010,26555,,2024-12-19,phone,billing,low,Customer raised a low concern regarding billing.,resolved,2024-12-25,25.21,GHS,False,6
344,CUS-82E17D7789,5,6433,22693,,2025-06-30,website,service_delay,low,Customer raised a low concern regarding service delay.,resolved,2025-06-30,58.49,GHS,False,0
345,CUS-5AD9708441,4,12437,20662,,2024-09-06,email,service_delay,low,Customer raised a low concern regarding service delay.,rejected,2024-09-07,254.25,GHS,False,1
346,CUS-BD1BE79D85,11,10092,30332,2416,2024-10-15,phone,warranty,medium,Customer raised a medium concern regarding warranty.,resolved,2024-10-19,262.16,GHS,False,4
347,CUS-9422CA0EFE,15,10287,43169,,2024-10-07,website,billing,medium,Customer raised a medium concern regarding billing.,resolved,2024-10-11,368.93,GHS,False,4
348,CUS-559935C179,11,20336,47927,,2025-06-30,phone,billing,medium,Customer raised a medium concern regarding billing.,resolved,2025-06-30,17.63,GHS,False,0
349,CUS-69A308D650,14,836,4719,,2025-01-07,phone,product,low,Customer raised a low concern regarding product.,resolved,2025-01-11,52.52,GHS,False,4
350,CUS-93589CBE97,6,18871,,,2025-05-02,in_person,delivery,critical,Customer raised a critical concern regarding delivery.,open,,1604.94,GHS,True,
351,CUS-98F2CB8EAB,15,3572,11400,,2023-12-27,website,billing,low,Customer raised a low concern regarding billing.,resolved,2023-12-29,32.81,GHS,False,2
352,CUS-2E589BD469,8,716,6561,2844,2025-05-25,website,warranty,medium,Customer raised a medium concern regarding warranty.,resolved,2025-05-29,3.63,GHS,False,4
353,CUS-035393184E,4,10467,,,2024-06-21,phone,staff,low,Customer raised a low concern regarding staff.,investigating,,164.56,GHS,False,
354,CUS-4EC4619512,2,2115,30268,,2025-03-29,phone,product,high,Customer raised a high concern regarding product.,resolved,2025-04-10,1103.34,GHS,True,12
355,CUS-15FABD6BD8,2,621,,,2023-08-17,phone,delivery,medium,Customer raised a medium concern regarding delivery.,open,,67.44,GHS,False,
356,CUS-8AC1DBBB0B,2,11923,29435,,2025-01-16,email,staff,medium,Customer raised a medium concern regarding staff.,resolved,2025-01-22,255.41,GHS,False,6
357,CUS-827E235177,2,8450,21751,,2025-06-30,social,staff,high,Customer raised a high concern regarding staff.,resolved,2025-06-30,257.29,GHS,True,0
358,CUS-D7C8FB27D2,4,19849,,,2025-06-30,phone,delivery,low,Customer raised a low concern regarding delivery.,investigating,,242.47,GHS,False,
359,CUS-AFBAD2D177,4,14331,36649,,2024-12-14,website,staff,medium,Customer raised a medium concern regarding staff.,resolved,2024-12-19,457.86,GHS,False,5
360,CUS-E20C09F301,2,2905,,,2024-07-27,social,billing,medium,Customer raised a medium concern regarding billing.,investigating,,763.24,GHS,False,
361,CUS-3465B48C93,9,6757,846,547,2024-02-16,phone,warranty,low,Customer raised a low concern regarding warranty.,resolved,2024-02-22,143.21,GHS,False,6
362,CUS-A088406BF9,10,4984,,,2023-09-26,in_person,delivery,high,Customer raised a high concern regarding delivery.,resolved,2023-10-08,626.12,GHS,True,12
363,CUS-F5D9E9306A,1,19317,144,1943,2025-06-30,phone,warranty,medium,Customer raised a medium concern regarding warranty.,investigating,,521.29,GHS,False,
364,CUS-D8EBA33FC7,2,2018,,,2025-05-07,email,staff,medium,Customer raised a medium concern regarding staff.,resolved,2025-05-17,350.67,GHS,False,10
365,CUS-2E33E33500,4,2806,,,2023-07-10,phone,product,high,Customer raised a high concern regarding product.,rejected,2023-07-26,773.67,GHS,False,16
366,CUS-A7D7986198,3,2827,11621,990,2023-11-20,phone,warranty,medium,Customer raised a medium concern regarding warranty.,investigating,,29.99,GHS,False,
367,CUS-DFD4D82D45,1,16148,34470,,2025-06-30,email,service_delay,medium,Customer raised a medium concern regarding service delay.,resolved,2025-06-30,246.71,GHS,False,0
368,CUS-C9911308AD,11,11468,,,2024-06-20,email,delivery,medium,Customer raised a medium concern regarding delivery.,resolved,2024-06-30,53.62,GHS,False,10
369,CUS-169422E635,2,7140,22885,,2025-06-30,phone,service_delay,high,Customer raised a high concern regarding service delay.,investigating,,1734.59,GHS,False,
370,CUS-3533BDE85A,3,3733,17528,2173,2024-07-05,in_person,warranty,medium,Customer raised a medium concern regarding warranty.,open,,185.62,GHS,False,
371,CUS-F0A81D24F5,13,13819,46825,,2025-01-11,in_person,billing,high,Customer raised a high concern regarding billing.,resolved,2025-01-26,76.28,GHS,False,15
372,CUS-54C76C7513,1,12402,45761,,2024-10-26,phone,service_delay,medium,Customer raised a medium concern regarding service delay.,rejected,2024-11-03,78.83,GHS,False,8
373,CUS-22157905F4,15,8497,32691,879,2025-04-16,website,warranty,low,Customer raised a low concern regarding warranty.,resolved,2025-04-24,163.96,GHS,False,8
374,CUS-5AD9AAA714,7,2657,33038,,2024-10-05,phone,product,medium,Customer raised a medium concern regarding product.,resolved,2024-10-09,333.46,GHS,False,4
375,CUS-999B138EBF,13,973,44361,,2024-05-22,website,billing,low,Customer raised a low concern regarding billing.,resolved,2024-05-24,150.38,GHS,False,2
376,CUS-110333E01F,2,5230,32572,,2025-06-30,in_person,product,low,Customer raised a low concern regarding product.,resolved,2025-06-30,182.61,GHS,False,0
377,CUS-7BCA8D3305,2,2871,46087,2675,2025-02-13,phone,warranty,high,Customer raised a high concern regarding warranty.,resolved,2025-02-27,1144.30,GHS,True,14
378,CUS-730D5431A7,12,4959,39493,,2024-02-17,email,product,low,Customer raised a low concern regarding product.,open,,41.20,GHS,False,
379,CUS-2E1CB102C6,3,6303,20081,,2024-09-10,phone,product,low,Customer raised a low concern regarding product.,resolved,2024-09-18,56.58,GHS,False,8
380,CUS-8B92376EBC,1,9686,21353,2624,2025-02-08,phone,warranty,low,Customer raised a low concern regarding warranty.,resolved,2025-02-15,315.53,GHS,False,7
381,CUS-06AD317397,6,5942,,,2024-04-19,in_person,delivery,medium,Customer raised a medium concern regarding delivery.,resolved,2024-04-28,589.78,GHS,False,9
382,CUS-F456540313,1,16337,,,2025-01-10,phone,delivery,low,Customer raised a low concern regarding delivery.,resolved,2025-01-12,212.19,GHS,False,2
383,CUS-A0149B2000,1,16257,,,2025-01-24,phone,product,medium,Customer raised a medium concern regarding product.,investigating,,149.49,GHS,False,
384,CUS-900C887E45,7,3673,,,2024-07-20,phone,product,medium,Customer raised a medium concern regarding product.,resolved,2024-07-27,218.10,GHS,False,7
385,CUS-AFA6FC70DF,15,11442,22674,,2025-03-09,email,billing,medium,Customer raised a medium concern regarding billing.,resolved,2025-03-14,442.43,GHS,False,5
386,CUS-DD130431D8,2,19925,,,2025-06-14,phone,staff,low,Customer raised a low concern regarding staff.,open,,166.00,GHS,False,
387,CUS-EF5DCA213D,2,15184,,,2024-11-26,phone,billing,low,Customer raised a low concern regarding billing.,resolved,2024-12-02,167.12,GHS,False,6
388,CUS-CC1E20C716,6,17772,,,2025-04-13,phone,billing,low,Customer raised a low concern regarding billing.,resolved,2025-04-15,91.52,GHS,False,2
389,CUS-1F1B398632,2,4575,13388,1805,2023-10-20,phone,warranty,medium,Customer raised a medium concern regarding warranty.,open,,11.76,GHS,False,
390,CUS-C8F7F10954,11,7527,29619,,2024-05-16,phone,product,high,Customer raised a high concern regarding product.,resolved,2024-06-02,98.27,GHS,True,17
391,CUS-C2B6046AF7,9,1411,43306,,2025-06-30,phone,service_delay,medium,Customer raised a medium concern regarding service delay.,investigating,,604.83,GHS,False,
392,CUS-6E510F8E89,5,12647,,,2024-08-15,website,billing,medium,Customer raised a medium concern regarding billing.,resolved,2024-08-19,680.34,GHS,False,4
393,CUS-C7ED043CE9,2,4555,,,2024-01-11,in_person,staff,low,Customer raised a low concern regarding staff.,rejected,2024-01-15,233.58,GHS,False,4
394,CUS-8985A2D6DE,5,3657,21539,,2025-06-30,website,service_delay,high,Customer raised a high concern regarding service delay.,rejected,2025-06-30,525.75,GHS,True,0
395,CUS-EF4E261B6D,4,269,38312,,2025-06-30,in_person,product,high,Customer raised a high concern regarding product.,resolved,2025-06-30,1814.92,GHS,True,0
396,CUS-D48B655333,3,18832,,,2025-05-13,email,product,low,Customer raised a low concern regarding product.,resolved,2025-05-16,258.30,GHS,False,3
397,CUS-52E951184A,5,12784,,,2024-08-27,in_person,delivery,critical,Customer raised a critical concern regarding delivery.,resolved,2024-09-13,3129.91,GHS,True,17
398,CUS-E49A3D6E78,1,4980,,,2024-10-27,in_person,billing,medium,Customer raised a medium concern regarding billing.,resolved,2024-11-01,375.53,GHS,False,5
399,CUS-92BBAE53FE,3,10214,,,2025-04-30,phone,billing,medium,Customer raised a medium concern regarding billing.,resolved,2025-05-08,426.43,GHS,False,8
400,CUS-D287D053BF,5,10281,,,2024-08-27,website,product,medium,Customer raised a medium concern regarding product.,resolved,2024-09-04,119.46,GHS,False,8
401,CUS-3697BC7E0E,12,4305,30215,,2023-10-19,website,product,critical,Customer raised a critical concern regarding product.,open,,3748.63,GHS,True,
402,CUS-48C6FF4854,1,9678,,,2024-04-05,phone,delivery,medium,Customer raised a medium concern regarding delivery.,resolved,2024-04-12,641.59,GHS,False,7
403,CUS-EAF461EF49,3,1898,4312,,2024-11-16,email,staff,high,Customer raised a high concern regarding staff.,resolved,2024-11-29,1956.14,GHS,True,13
404,CUS-0D257CCF36,4,11103,,,2025-03-08,website,staff,medium,Customer raised a medium concern regarding staff.,investigating,,463.52,GHS,False,
405,CUS-B70AAFA9D7,12,3615,45777,2032,2025-01-07,email,warranty,high,Customer raised a high concern regarding warranty.,resolved,2025-01-23,1381.89,GHS,True,16
406,CUS-DE773A9982,5,8363,6506,,2025-03-29,email,service_delay,low,Customer raised a low concern regarding service delay.,resolved,2025-04-01,5.04,GHS,False,3
407,CUS-CDD4B36033,5,7577,,,2024-04-23,email,product,medium,Customer raised a medium concern regarding product.,resolved,2024-05-03,41.83,GHS,False,10
408,CUS-620D1F828F,1,6330,47127,,2024-06-16,website,product,low,Customer raised a low concern regarding product.,resolved,2024-06-18,76.10,GHS,False,2
409,CUS-1FDE1CDCBC,6,16715,9580,,2025-06-30,phone,product,high,Customer raised a high concern regarding product.,resolved,2025-06-30,1781.35,GHS,False,0
410,CUS-4DAA992CB4,3,1337,40868,,2024-08-08,in_person,billing,medium,Customer raised a medium concern regarding billing.,resolved,2024-08-12,628.23,GHS,False,4
411,CUS-262CB9B2FA,4,17473,,,2025-03-07,phone,billing,high,Customer raised a high concern regarding billing.,investigating,,1054.21,GHS,False,
412,CUS-71B442C65E,5,16499,,,2025-01-28,email,billing,high,Customer raised a high concern regarding billing.,resolved,2025-02-12,1583.01,GHS,True,15
413,CUS-D072D9FDD9,2,2080,,,2024-01-26,phone,staff,medium,Customer raised a medium concern regarding staff.,resolved,2024-02-04,469.93,GHS,False,9
414,CUS-1AB4B84C0D,4,984,,,2023-07-02,phone,delivery,low,Customer raised a low concern regarding delivery.,resolved,2023-07-03,136.00,GHS,False,1
415,CUS-6B05A229B0,9,14496,11163,,2024-12-07,email,staff,medium,Customer raised a medium concern regarding staff.,resolved,2024-12-16,326.29,GHS,False,9
416,CUS-1741195B08,11,1908,43089,,2023-11-15,phone,product,medium,Customer raised a medium concern regarding product.,resolved,2023-11-23,550.95,GHS,False,8
417,CUS-1BA4524904,2,13546,20679,2599,2025-06-30,phone,warranty,medium,Customer raised a medium concern regarding warranty.,resolved,2025-06-30,482.32,GHS,False,0
418,CUS-4ECFA61EB1,3,2550,,,2025-01-16,email,delivery,low,Customer raised a low concern regarding delivery.,open,,290.54,GHS,False,
419,CUS-01ED88F803,5,10409,16124,582,2025-06-30,email,warranty,medium,Customer raised a medium concern regarding warranty.,investigating,,667.06,GHS,False,
420,CUS-29809DCCCA,1,12276,,,2024-09-16,email,delivery,high,Customer raised a high concern regarding delivery.,rejected,2024-10-01,1257.04,GHS,False,15
421,CUS-85389A8D9C,3,17477,,,2025-03-23,email,billing,medium,Customer raised a medium concern regarding billing.,resolved,2025-03-29,129.60,GHS,False,6
422,CUS-45021A3CAD,3,4196,34037,1757,2024-11-16,website,warranty,medium,Customer raised a medium concern regarding warranty.,resolved,,617.84,GHS,False,10
423,CUS-7286AC2425,8,1327,,,2024-05-15,email,delivery,medium,Customer raised a medium concern regarding delivery.,investigating,,-40.42,GHS,False,
424,CUS-38E7E5A8CB,8,2175,19132,,2023-11-05,email,service_delay,high,Customer raised a high concern regarding service delay.,resolved,2023-11-19,972.01,GHS,False,14
425,CUS-44A7C19D56,4,4355,12564,,2024-03-04,in_person,product,low,Customer raised a low concern regarding product.,resolved,2024-03-06,232.15,GHS,False,2
426,CUS-72E322E692,5,13188,45384,,2024-12-21,phone,product,low,Customer raised a low concern regarding product.,open,,176.64,GHS,False,
427,CUS-38F87CF952,7,13692,,,2024-10-18,email,delivery,medium,Customer raised a medium concern regarding delivery.,resolved,2024-10-26,243.54,GHS,False,8
428,CUS-66163C9D3A,2,3769,10530,441,2025-05-04,in_person,warranty,high,Customer raised a high concern regarding warranty.,open,,1106.92,GHS,True,
429,CUS-EFB1979365,7,6623,,,2025-01-05,email,product,medium,Customer raised a medium concern regarding product.,resolved,2025-01-13,563.09,GHS,False,8
430,CUS-BCC893100D,10,10180,27755,,2024-09-25,email,service_delay,high,Customer raised a high concern regarding service delay.,resolved,2024-10-09,999.28,GHS,True,14
431,CUS-138FD56E15,13,8566,4398,,2024-03-20,phone,service_delay,low,Customer raised a low concern regarding service delay.,resolved,2024-03-21,152.20,GHS,False,1
432,CUS-2949C9D501,8,16968,,,2025-04-13,email,delivery,medium,Customer raised a medium concern regarding delivery.,resolved,2025-04-17,272.08,GHS,False,4
433,CUS-AF1A85F448,5,15493,44124,,2025-02-03,phone,service_delay,low,Customer raised a low concern regarding service delay.,resolved,2025-02-05,2.15,GHS,False,2
434,CUS-86661B4C6F,2,5661,,,2023-10-31,website,delivery,high,Customer raised a high concern regarding delivery.,resolved,,1957.83,GHS,True,13
435,CUS-0E9FC50D00,5,10790,,,2024-05-17,in_person,staff,low,Customer raised a low concern regarding staff.,investigating,,268.51,GHS,False,
436,CUS-B4BF52ABDF,3,12596,5513,,2025-03-18,website,service_delay,low,Customer raised a low concern regarding service delay.,open,,4.37,GHS,False,
437,CUS-4BBECBC746,7,8881,,,2025-06-28,website,delivery,medium,Customer raised a medium concern regarding delivery.,resolved,2025-06-30,279.03,GHS,False,2
438,CUS-2855835DEB,6,11002,13493,2916,2024-09-27,email,warranty,medium,Customer raised a medium concern regarding warranty.,resolved,2024-10-01,161.67,GHS,False,4
439,CUS-F1961D3B14,9,9051,,,2024-03-10,website,delivery,low,Customer raised a low concern regarding delivery.,resolved,2024-03-12,5.32,GHS,False,2
440,CUS-0ADC1E8E76,11,8967,19074,,2024-09-26,website,product,low,Customer raised a low concern regarding product.,rejected,2024-10-01,184.06,GHS,False,5
441,CUS-C016C48525,7,4480,3812,,2024-02-10,email,billing,medium,Customer raised a medium concern regarding billing.,resolved,2024-02-18,264.50,GHS,False,8
442,CUS-41A7CEA6AB,7,2240,3764,,2024-10-24,phone,billing,medium,Customer raised a medium concern regarding billing.,resolved,2024-10-28,554.05,GHS,False,4
443,CUS-200463192F,13,2797,,,2023-12-23,email,product,high,Customer raised a high concern regarding product.,resolved,2024-01-09,1581.19,GHS,False,17
444,CUS-DE306ED28E,3,12434,33812,1324,2025-01-31,email,warranty,medium,Customer raised a medium concern regarding warranty.,resolved,2025-02-09,81.11,GHS,False,9
445,CUS-B106F9C910,2,11440,30862,,2025-02-09,phone,billing,medium,Customer raised a medium concern regarding billing.,investigating,,505.83,GHS,False,
446,CUS-883628C224,3,3346,21736,,2024-09-28,phone,staff,medium,Customer raised a medium concern regarding staff.,resolved,2024-10-05,241.55,GHS,False,7
447,CUS-12E52CAA35,1,1218,,,2024-08-10,email,billing,medium,Customer raised a medium concern regarding billing.,resolved,2024-08-17,465.55,GHS,False,7
448,CUS-4DE6C9FD73,3,4030,4381,,2024-07-12,website,product,low,Customer raised a low concern regarding product.,resolved,2024-07-20,308.08,GHS,False,8
449,CUS-B783D8BABF,8,979,41232,,2025-06-01,email,STAFF,high,Customer raised a high concern regarding staff.,open,,1305.43,GHS,False,
450,CUS-C4FDA0DDCA,8,4080,9571,,2025-06-30,email,service_delay,medium,Customer raised a medium concern regarding service delay.,resolved,2025-06-30,168.58,GHS,False,0
451,CUS-9DA59C78AB,7,12787,,,2025-02-12,in_person,delivery,medium,Customer raised a medium concern regarding delivery.,resolved,2025-02-19,174.98,GHS,False,7
452,CUS-C124782E6F,4,513,41613,,2024-04-05,phone,service_delay,high,Customer raised a high concern regarding service delay.,resolved,2024-04-17,1612.12,GHS,False,12
453,CUS-825483994F,3,7189,,,2024-08-18,website,product,low,Customer raised a low concern regarding product.,resolved,2024-08-24,108.44,GHS,False,6
454,CUS-17EF1D9A77,4,14064,4147,,2025-02-27,email,service_delay,medium,Customer raised a medium concern regarding service delay.,rejected,2025-03-07,519.71,GHS,False,8
455,CUS-9130CD7628,11,19612,,,2025-06-09,email,product,high,Customer raised a high concern regarding product.,investigating,,1545.39,GHS,True,
456,CUS-B0EA0637FC,7,16334,,,2025-05-24,phone,billing,low,Customer raised a low concern regarding billing.,resolved,2025-05-30,224.97,GHS,False,6
457,CUS-CF09000533,3,10454,44966,,2025-02-26,website,staff,low,Customer raised a low concern regarding staff.,resolved,2025-02-27,298.22,GHS,False,1
458,CUS-215E5BDAC0,7,6776,,,2025-02-09,website,product,medium,Customer raised a medium concern regarding product.,resolved,2025-02-20,784.46,GHS,False,11
459,CUS-B8946E7B91,12,7263,29313,,2025-03-12,social,service_delay,medium,Customer raised a medium concern regarding service delay.,resolved,2025-03-20,389.86,GHS,False,8
460,CUS-C3A5B1F429,9,14845,42826,602,2024-12-02,phone,warranty,low,Customer raised a low concern regarding warranty.,resolved,2024-12-10,51.60,GHS,False,8
461,CUS-4E08E40051,7,1437,12044,,2025-06-30,in_person,service_delay,low,Customer raised a low concern regarding service delay.,resolved,2025-06-30,215.68,GHS,False,0
462,CUS-5C2257A9F8,8,12566,,,2024-08-23,email,product,high,Customer raised a high concern regarding product.,resolved,2024-09-09,14.75,GHS,True,17
463,CUS-1B0E3B1C1D,10,7175,17896,802,2024-06-11,website,warranty,medium,Customer raised a medium concern regarding warranty.,resolved,2024-06-15,589.74,GHS,False,4
464,CUS-3EA9035604,2,18242,42709,,2025-06-30,website,billing,low,Customer raised a low concern regarding billing.,resolved,2025-06-30,81.74,GHS,False,0
465,CUS-BE5451D525,2,11317,37817,977,2024-07-27,website,warranty,medium,Customer raised a medium concern regarding warranty.,resolved,2024-08-03,388.75,GHS,False,7
466,CUS-B86F09BB5D,10,3980,,,2023-08-10,website,delivery,high,Customer raised a high concern regarding delivery.,resolved,2023-08-26,1968.08,GHS,True,16
467,CUS-C542ADBA5F,1,3387,,,2024-09-16,email,staff,high,Customer raised a high concern regarding staff.,resolved,2024-09-28,1492.39,GHS,True,12
468,CUS-197436B517,1,13341,,,2024-12-13,phone,delivery,low,Customer raised a low concern regarding delivery.,resolved,2024-12-18,235.13,GHS,False,5
469,CUS-2012D6FA58,12,13901,36758,,2025-01-13,email,service_delay,medium,Customer raised a medium concern regarding service delay.,resolved,2025-01-20,100.35,GHS,False,7
470,CUS-E4F8CF81F1,3,9407,22483,9007,2024-07-28,email,warranty,low,Customer raised a low concern regarding warranty.,resolved,2024-07-29,312.90,GHS,False,1
471,CUS-02485BA7BF,15,6253,19548,1346,2024-09-21,phone,warranty,medium,Customer raised a medium concern regarding warranty.,rejected,2024-10-02,661.41,GHS,False,11
472,CUS-189A6B3189,2,3117,5236,,2024-07-11,phone,product,medium,Customer raised a medium concern regarding product.,resolved,2024-07-18,50.46,GHS,False,7
473,CUS-37B58F057B,1,4303,19639,1170,2024-05-22,phone,warranty,low,Customer raised a low concern regarding warranty.,resolved,2024-05-27,232.03,GHS,False,5
474,CUS-758FC1C8F7,5,7237,34987,,2025-06-30,website,service_delay,low,Customer raised a low concern regarding service delay.,resolved,2025-06-30,141.69,GHS,False,0
475,CUS-B3A1B0C61F,3,251,8572,,2023-10-20,phone,service_delay,low,Customer raised a low concern regarding service delay.,resolved,2023-10-27,198.23,GHS,False,7
476,CUS-62ED97D8FB,1,18161,37957,,2025-06-30,email,staff,medium,Customer raised a medium concern regarding staff.,investigating,,711.61,GHS,False,
477,CUS-473AE7C8D5,3,2362,38978,,2023-08-16,phone,service_delay,low,Customer raised a low concern regarding service delay.,resolved,2023-08-22,240.24,GHS,False,6
478,CUS-D086AD45E2,6,11632,31363,,2025-06-30,phone,service_delay,low,Customer raised a low concern regarding service delay.,resolved,2025-06-30,271.54,GHS,False,0
479,CUS-189A5E9165,7,4823,15713,,2025-06-30,email,service_delay,medium,Customer raised a medium concern regarding service delay.,resolved,2025-06-30,768.85,GHS,False,0
480,CUS-D46E5DCA7E,4,1729,11613,,2024-07-24,in_person,product,high,Customer raised a high concern regarding product.,investigating,,403.95,GHS,True,
481,CUS-0D6DC09871,5,6691,40593,501,2024-10-08,in_person,warranty,low,Customer raised a low concern regarding warranty.,resolved,2024-10-10,257.57,GHS,False,2
482,CUS-F3E25F7898,1,13995,,,2024-11-02,email,delivery,critical,Customer raised a critical concern regarding delivery.,resolved,2024-11-23,2759.73,GHS,True,21
483,CUS-8A306E7768,2,14457,,,2024-11-09,website,delivery,medium,Customer raised a medium concern regarding delivery.,resolved,2024-11-16,53.69,GHS,False,7
484,CUS-0ADC1E8E76,11,8967,19074,,2024-10-17,social,product,low,Customer raised a low concern regarding product.,open,,251.51,GHS,False,
485,CUS-92A8DCD197,12,7278,14504,2725,2025-06-30,phone,warranty,medium,Customer raised a medium concern regarding warranty.,resolved,2025-06-30,590.81,GHS,False,0
486,CUS-B70B2CB0AF,3,1675,44525,,2023-08-29,in_person,product,medium,Customer raised a medium concern regarding product.,resolved,2023-09-03,266.93,GHS,False,5
487,CUS-F4794020F2,1,2051,36721,,2024-09-09,website,service_delay,medium,Customer raised a medium concern regarding service delay.,resolved,2024-09-17,324.83,GHS,False,8
488,CUS-310EAD7A35,7,11081,21420,9007,2024-11-14,email,warranty,low,Customer raised a low concern regarding warranty.,resolved,2024-11-19,17.89,GHS,False,5
489,CUS-F546DDC500,6,10104,,,2024-09-01,phone,billing,high,Customer raised a high concern regarding billing.,resolved,2024-09-15,1290.28,GHS,True,14
490,CUS-5171ECEFBC,2,4627,19773,,2023-09-11,email,service_delay,low,Customer raised a low concern regarding service delay.,resolved,2023-09-14,183.97,GHS,False,3
491,CUS-4D56AF389C,9,8753,,,2024-02-21,phone,delivery,high,Customer raised a high concern regarding delivery.,rejected,2024-03-04,671.93,GHS,False,12
492,CUS-A265DFD95F,9,11645,39867,,2024-10-06,email,service_delay,medium,Customer raised a medium concern regarding service delay.,investigating,,97.76,GHS,False,
493,CUS-C9D6006FB3,15,4738,35497,,2024-11-09,email,product,medium,Customer raised a medium concern regarding product.,open,,638.56,GHS,False,
494,CUS-DA62E324BD,5,9185,17160,1169,2024-10-08,in_person,warranty,low,Customer raised a low concern regarding warranty.,resolved,2024-10-10,6.89,GHS,False,2
495,CUS-98D5716983,1,8326,,,2024-02-14,phone,staff,low,Customer raised a low concern regarding staff.,resolved,2024-02-18,119.72,GHS,False,4
496,CUS-FF38AE31E3,7,809,41696,2202,2025-06-30,social,warranty,medium,Customer raised a medium concern regarding warranty.,investigating,,718.07,GHS,False,
497,CUS-A5779544CC,1,5307,44672,1293,2024-07-24,in_person,warranty,low,Customer raised a low concern regarding warranty.,resolved,2024-07-31,40.03,GHS,False,7
498,CUS-BBA9A39E3C,4,17474,23211,1125,2025-06-30,phone,warranty,low,Customer raised a low concern regarding warranty.,resolved,2025-06-30,74.34,GHS,False,0
499,CUS-AB086F0981,6,11278,47368,216,2025-01-06,email,warranty,high,Customer raised a high concern regarding warranty.,open,,607.31,GHS,True,
500,CUS-1DFC729C3A,11,17794,31332,,2025-05-29,email,billing,medium,Customer raised a medium concern regarding billing.,rejected,2025-06-09,196.05,GHS,False,11
501,CUS-0318BDA9F0,9,9241,,,2025-02-10,phone,billing,medium,Customer raised a medium concern regarding billing.,resolved,2025-02-18,28.51,GHS,False,8
502,CUS-11D2BCFEB6,1,4617,,,2024-10-25,phone,billing,high,Customer raised a high concern regarding billing.,investigating,,1100.93,GHS,True,
503,CUS-864C77EC93,6,6192,23623,,2024-09-08,email,product,medium,Customer raised a medium concern regarding product.,investigating,,53.13,GHS,False,
504,CUS-57D5177BD9,8,239,22926,1989,2024-08-03,phone,warranty,high,Customer raised a high concern regarding warranty.,rejected,2024-08-21,1995.01,GHS,True,18
505,CUS-897B598B49,11,17642,,,2025-04-03,phone,product,medium,Customer raised a medium concern regarding product.,resolved,2025-04-07,172.28,GHS,False,4
506,CUS-BCAAD8FD07,3,7956,30092,,2025-04-11,email,service_delay,medium,Customer raised a medium concern regarding service delay.,resolved,2025-04-16,649.43,GHS,False,5
507,CUS-355747F414,2,11716,9283,1829,2025-06-30,phone,warranty,high,Customer raised a high concern regarding warranty.,resolved,2025-06-30,1126.28,GHS,True,0
508,CUS-D3CDDA1F6C,3,12689,,,2024-09-02,email,product,medium,Customer raised a medium concern regarding product.,investigating,,658.35,GHS,False,
509,CUS-0E5BCAC74D,3,8955,,,2024-02-26,phone,delivery,high,Customer raised a high concern regarding delivery.,resolved,2024-03-11,409.60,GHS,True,14
510,CUS-3C7D5F232E,2,4463,45434,,2025-06-30,phone,product,medium,Customer raised a medium concern regarding product.,resolved,2025-06-30,702.16,GHS,False,0
511,CUS-5C40490CBA,5,12122,45182,,2025-05-29,email,service_delay,medium,Customer raised a medium concern regarding service delay.,resolved,2025-06-09,758.69,GHS,False,11
512,CUS-C345573838,4,3925,9192,1420,2023-11-03,website,warranty,high,Customer raised a high concern regarding warranty.,resolved,2023-11-21,1444.92,GHS,True,18
513,CUS-999B138EBF,1,973,,,2023-11-20,email,staff,high,Customer raised a high concern regarding staff.,resolved,2023-12-08,233.02,GHS,False,18
514,CUS-7D42493975,5,14938,28589,,2025-06-30,phone,service_delay,high,Customer raised a high concern regarding service delay.,resolved,2025-06-30,757.52,GHS,True,0
515,CUS-CCA2D08DE6,3,15816,,,2024-12-30,phone,billing,low,Customer raised a low concern regarding billing.,open,,217.41,GHS,False,
516,CUS-827BAA39F2,1,7760,,,2025-03-23,phone,sta,medium,Customer raised a medium concern regarding staff.,resolved,2025-03-27,797.32,GHS,False,4
517,CUS-66D72A104F,15,7818,28081,,2024-07-02,in_person,service_delay,low,Customer raised a low concern regarding service delay.,investigating,,50.53,GHS,False,
518,CUS-EC68331D5E,11,6718,13512,,2024-05-26,email,service_delay,medium,Customer raised a medium concern regarding service delay.,resolved,2024-05-31,166.58,GHS,False,5
519,CUS-2ED9BF72A0,4,7212,,,2024-01-10,phone,product,low,Customer raised a low concern regarding product.,resolved,2024-01-16,226.37,GHS,False,6
520,CUS-B106F9C910,2,11440,46823,,2025-01-04,in_person,service_delay,medium,Customer raised a medium concern regarding service delay.,resolved,2025-01-13,382.17,GHS,False,9
521,CUS-C1A5E2890B,2,12155,40538,2054,2025-06-09,phone,warranty,medium,Customer raised a medium concern regarding warranty.,open,,751.65,GHS,False,
522,CUS-D155651DD2,6,10223,,,2024-04-15,phone,delivery,critical,Customer raised a critical concern regarding delivery.,investigating,,2772.56,GHS,True,
523,CUS-95EA4BD24F,4,5160,45543,,2024-08-13,phone,billing,low,Customer raised a low concern regarding billing.,resolved,2024-08-18,117.67,GHS,False,5
524,CUS-4738B27DE1,4,6568,47795,,2024-03-03,phone,product,high,Customer raised a high concern regarding product.,open,,399.32,GHS,True,
525,CUS-0FBFF90C44,9,149,20308,2151,2023-11-30,in_person,warranty,medium,Customer raised a medium concern regarding warranty.,open,,386.75,GHS,False,
526,CUS-E35852CF83,3,321,39768,1142,2024-11-08,in_person,warranty,low,Customer raised a low concern regarding warranty.,resolved,2024-11-10,266.34,GHS,False,2
527,CUS-80359F1309,14,411,25709,,2025-06-30,website,billing,medium,Customer raised a medium concern regarding billing.,resolved,2025-06-30,34.16,GHS,False,0
528,CUS-34021600E8,14,5904,25620,,2025-03-02,phone,service_delay ,low,Customer raised a low concern regarding service delay.,resolved,2025-03-07,159.23,GHS,False,5
529,CUS-4D84C0F51F,4,12081,12863,458,2024-12-31,phone,warranty,high,Customer raised a high concern regarding warranty.,resolved,2025-01-15,26.90,GHS,True,15
530,CUS-47CB171A97,1,14951,,,2024-12-06,phone,delivery,low,Customer raised a low concern regarding delivery.,resolved,2024-12-12,139.36,GHS,False,6
531,CUS-027B5C3726,3,5740,,,2023-10-08,phone,delivery,medium,Customer raised a medium concern regarding delivery.,resolved,2023-10-12,498.46,GHS,False,4
532,CUS-E08AACA244,6,2021,5226,,2023-11-10,email,service_delay,medium,Customer raised a medium concern regarding service delay.,resolved,2023-11-18,141.36,GHS,False,8
533,CUS-53B68E0859,13,4967,7720,,2024-08-28,email,billing,low,Customer raised a low concern regarding billing.,resolved,2024-08-29,63.69,GHS,False,1
534,CUS-6252675E08,6,493,24631,,2025-03-28,in_person,product,critical,Customer raised a critical concern regarding product.,resolved,2025-04-18,3066.23,GHS,True,21
535,CUS-6DC73B7D85,1,1879,33694,,2025-05-11,phone,billing,low,Customer raised a low concern regarding billing.,resolved,2025-05-14,130.19,GHS,False,3
536,CUS-A4EFAECF7A,1,5445,12166,,2024-07-11,email,product,medium,Customer raised a medium concern regarding product.,investigating,,484.47,GHS,False,
537,CUS-17E7275BCC,11,8740,,,2025-05-19,phone,delivery,medium,Customer raised a medium concern regarding delivery.,open,,490.63,GHS,False,
538,CUS-8FDE5F5AE0,6,18193,35315,904,2025-06-30,phone,warranty,low,Customer raised a low concern regarding warranty.,investigating,,225.12,GHS,False,
539,CUS-6CAB1E0680,3,6414,16945,,2024-09-01,email,product,low,Customer raised a low concern regarding product.,resolved,2024-09-07,149.07,GHS,False,6
540,CUS-CFF8498F80,4,3036,,,2025-05-06,in_person,staff,medium,Customer raised a medium concern regarding staff.,resolved,2025-05-11,736.81,GHS,False,5
541,CUS-B054E79D3C,8,17191,14404,,2025-05-28,phone,product,low,Customer raised a low concern regarding product.,resolved,2025-05-31,43.37,GHS,False,3
542,CUS-8FA3027D1F,11,8682,,,2025-01-02,phone,delivery,high,Customer raised a high concern regarding delivery.,resolved,2025-01-17,1689.87,GHS,True,15
543,CUS-998CCE1CC7,5,2505,,,2024-10-29,social,product,critical,Customer raised a critical concern regarding product.,open,,180.85,GHS,True,
544,CUS-0D388B67D4,2,1746,21169,597,2024-10-23,phone,warranty,medium,Customer raised a medium concern regarding warranty.,resolved,2024-10-28,251.06,GHS,False,5
545,CUS-0040BE46C1,1,381,,,2024-01-10,email,product,low,Customer raised a low concern regarding product.,open,,108.68,GHS,False,
546,CUS-C05745162B,12,6304,38401,,2023-11-19,email,product,low,Customer raised a low concern regarding product.,resolved,2023-11-27,147.80,GHS,False,8
547,CUS-19187D2E20,1,19387,,,2025-05-17,website,delivery,low,Customer raised a low concern regarding delivery.,resolved,2025-05-20,131.46,GHS,False,3
548,CUS-21F77E8CF6,8,12658,8429,,2024-10-10,phone,service_delay,low,Customer raised a low concern regarding service delay.,resolved,2024-10-15,113.83,GHS,False,5
549,CUS-63B9B131E3,3,20406,,,2025-06-30,email,delivery,high,Customer raised a high concern regarding delivery.,resolved,2025-06-30,885.60,GHS,True,0
550,CUS-3B4F69AC0C,3,2025,25635,,2025-06-30,website,service_delay,high,Customer raised a high concern regarding service delay.,investigating,,1356.04,GHS,False,
551,CUS-E6BA1A4617,1,3336,,,2025-02-01,phone,staff,medium,Customer raised a medium concern regarding staff.,resolved,2025-02-09,700.96,GHS,False,8
552,CUS-A52C2D747B,1,1472,1954,1863,2025-01-14,email,warranty,medium,Customer raised a medium concern regarding warranty.,resolved,2025-01-21,156.64,GHS,False,7
553,CUS-189A5E9165,10,4295,25075,949,2024-05-09,phone,warranty,medium,Customer raised a medium concern regarding warranty.,open,,319.08,GHS,False,
554,CUS-5AF63B58C3,5,6195,43597,,2024-02-29,phone,service_delay,medium,Customer raised a medium concern regarding service delay.,resolved,2024-03-08,68.54,GHS,False,8
555,CUS-FF8DA32262,10,10283,13350,367,2024-06-05,phone,warranty,medium,Customer raised a medium concern regarding warranty.,resolved,2024-06-16,545.13,GHS,False,11
556,CUS-4605641DE5,1,4182,46086,,2025-06-30,email,product,medium,Customer raised a medium concern regarding product.,open,,760.63,GHS,False,
557,CUS-80ED5DC5D7,4,7840,25220,1856,2024-03-04,phone,warranty,medium,Customer raised a medium concern regarding warranty.,rejected,2024-03-15,271.96,GHS,False,11
558,CUS-033739BD76,8,2869,35797,,2023-12-10,in_person,billing,low,Customer raised a low concern regarding billing.,resolved,2023-12-15,11.79,GHS,False,5
559,CUS-C20790FCEA,12,12732,,,2024-08-28,phone,delivery,medium,Customer raised a medium concern regarding delivery.,open,,695.11,GHS,False,
560,CUS-9E0DA4AB47,4,8673,15223,,2024-03-04,phone,service_delay,medium,Customer raised a medium concern regarding service delay.,resolved,2024-03-14,354.89,GHS,False,10
561,CUS-7DE93A3AFA,3,1994,36341,,2024-09-29,website,product,medium,Customer raised a medium concern regarding product.,resolved,2024-10-03,486.58,GHS,False,4
562,CUS-2FB52A8DCB,4,6053,36766,906,2024-01-15,email,warranty,critical,Customer raised a critical concern regarding warranty.,resolved,2024-02-02,129.09,GHS,False,18
563,CUS-F96E8452AF,3,15969,5626,,2025-06-30,website,billing,high,Customer raised a high concern regarding billing.,resolved,2025-06-30,102.69,GHS,True,0
564,CUS-419A027EAB,12,2042,3962,2098,2025-02-08,email,warranty,medium,Customer raised a medium concern regarding warranty.,rejected,2025-02-16,428.43,GHS,False,8
565,CUS-36E6FE7C2F,14,7313,44603,246,2025-03-01,in_person,warranty,low,Customer raised a low concern regarding warranty.,rejected,2025-03-03,179.68,GHS,False,2
566,CUS-F161FFED98,5,8039,31350,2397,2024-10-31,email,warranty,low,Customer raised a low concern regarding warranty.,resolved,2024-11-03,90.13,GHS,False,3
567,CUS-299738B2A4,6,15433,,,2025-01-05,email,delivery,medium,Customer raised a medium concern regarding delivery.,resolved,2025-01-13,33.19,GHS,False,8
568,CUS-9C16E149AE,4,667,10338,,2023-09-12,phone,billing,critical,Customer raised a critical concern regarding billing.,resolved,2023-10-01,555.39,GHS,True,19
569,CUS-2EE33AFBF0,7,17157,,,2025-02-18,website,delivery,medium,Customer raised a medium concern regarding delivery.,resolved,2025-02-22,790.12,GHS,False,4
570,CUS-D25F73F810,5,20235,,,2025-06-30,in_person,delivery,high,Customer raised a high concern regarding delivery.,rejected,2025-06-30,175.64,GHS,False,0
571,CUS-C477A95B49,2,18590,3451,,2025-06-30,phone,service_delay,high,Customer raised a high concern regarding service delay.,resolved,2025-06-30,1765.51,GHS,True,0
572,CUS-1A3D2EAA1E,13,213,38620,2463,2023-08-02,phone,warranty,medium,Customer raised a medium concern regarding warranty.,resolved,2023-08-08,635.00,GHS,False,6
573,CUS-2C101C4724,11,5301,9147,,2023-11-14,website,staff,high,Customer raised a high concern regarding staff.,resolved,2023-11-25,1607.69,GHS,True,11
574,CUS-7073976803,1,15538,10780,,2025-06-30,phone,service_delay,medium,Customer raised a medium concern regarding service delay.,investigating,2025-06-27,464.65,GHS,False,
575,CUS-66163C9D3A,3,3769,46346,,2023-10-21,phone,staff,high,Customer raised a high concern regarding staff.,resolved,2023-11-06,1656.80,GHS,False,16
576,CUS-305A4761B5,10,1902,,,2023-06-30,phone,product,medium,Customer raised a medium concern regarding product.,open,,656.10,GHS,False,
577,CUS-DD0075E3BA,2,221,,,2023-03-05,email,delivery,medium,Customer raised a medium concern regarding delivery.,resolved,2023-03-15,733.71,GHS,False,10
578,CUS-9110C92220,8,7996,24489,,2024-06-26,website,product,medium,Customer raised a medium concern regarding product.,investigating,,660.28,GHS,False,
579,CUS-275E7C97D7,15,12377,34167,610,2024-12-10,phone,warranty,low,Customer raised a low concern regarding warranty.,resolved,2024-12-17,173.14,GHS,False,7
580,CUS-27667D9BDF,8,17112,39861,2586,2025-06-30,email,warranty,low,Customer raised a low concern regarding warranty.,resolved,2025-06-30,62.03,GHS,False,0
581,CUS-3CDDF5CDB3,10,15355,,,2024-12-25,phone,product,high,Customer raised a high concern regarding product.,rejected,2025-01-07,380.38,GHS,True,13
582,CUS-085B384F17,2,2191,36194,,2025-04-20,in_person,billing,medium,Customer raised a medium concern regarding billing.,resolved,2025-04-28,403.21,GHS,False,8
583,CUS-58E9EB96DF,7,15465,,,2025-04-03,email,delivery,high,Customer raised a high concern regarding delivery.,rejected,2025-04-14,115.56,GHS,False,11
584,CUS-30E4437FFF,4,1310,15415,,2023-06-20,website,service_delay,high,Customer raised a high concern regarding service delay.,resolved,2023-07-05,1639.85,GHS,True,15
585,CUS-D2569DBA6C,6,17713,,,2025-04-08,website,delivery,high,Customer raised a high concern regarding delivery.,resolved,2025-04-25,61.24,GHS,True,17
586,CUS-D394ADC0C3,9,13330,,,2024-09-09,website,delivery,low,Customer raised a low concern regarding delivery.,resolved,2024-09-10,52.29,GHS,False,1
587,CUS-668EB84359,6,3803,31425,,2023-11-13,phone,service_delay,low,Customer raised a low concern regarding service delay.,resolved,2023-11-20,115.39,GHS,False,7
588,CUS-592733A7AD,6,8647,47164,,2025-06-30,email,billing,medium,Customer raised a medium concern regarding billing.,resolved,2025-06-30,329.79,GHS,False,0
589,CUS-9C683F7932,12,5895,27394,2612,2024-05-02,website,warranty,low,Customer raised a low concern regarding warranty.,resolved,2024-05-04,188.27,GHS,False,2
590,CUS-79A4B13C2C,4,5757,,,2024-09-20,email,product,low,Customer raised a low concern regarding product.,open,,-259.92,GHS,False,
591,CUS-D96CC05EA3,12,2866,6533,,2025-06-30,email,billing,low,Customer raised a low concern regarding billing.,resolved,2025-06-30,85.14,GHS,False,0
592,CUS-185A8FAE72,1,5442,37853,,2024-10-25,phone,service_delay,high,Customer raised a high concern regarding service delay.,investigating,,171.43,GHS,True,
593,CUS-9D4B38D183,4,15744,,,2025-01-13,in_person,delivery,medium,Customer raised a medium concern regarding delivery.,resolved,2025-01-17,403.83,GHS,False,4
594,CUS-356640CC05,7,7233,13973,2217,2024-05-05,in_person,warranty,high,Customer raised a high concern regarding warranty.,rejected,2024-05-18,1686.84,GHS,True,13
595,CUS-0E6796F175,5,14819,3527,,2025-06-30,phone,service_delay,medium,Customer raised a medium concern regarding service delay.,resolved,2025-06-30,352.54,GHS,False,0
596,CUS-9D704EE6C1,3,827,30937,,2023-08-05,phone,billing,high,Customer raised a high concern regarding billing.,resolved,2023-08-23,143.17,GHS,True,18
597,CUS-877FDF6324,1,11848,,,2024-08-01,phone,staff,low,Customer raised a low concern regarding staff.,resolved,2024-08-06,63.99,GHS,False,5
598,CUS-622A9D63DC,4,3643,43020,,2023-09-28,website,service_delay,medium,Customer raised a medium concern regarding service delay.,resolved,2023-10-03,496.64,GHS,False,5
599,CUS-843059D3E6,2,2828,43260,,2023-09-12,phone,staff,high,Customer raised a high concern regarding staff.,resolved,2023-09-30,1211.62,GHS,True,18
600,CUS-7E0EA34F9C,8,792,14543,1233,2025-05-26,phone,warranty,medium,Customer raised a medium concern regarding warranty.,resolved,2025-06-02,188.60,GHS,False,7
601,CUS-5DF80EB098,5,5170,8867,1298,2024-12-03,social,warranty,high,Customer raised a high concern regarding warranty.,investigating,,1904.01,GHS,False,
602,CUS-CE482A74DF,6,8613,,,2024-03-08,in_person,product,medium,Customer raised a medium concern regarding product.,resolved,2024-03-18,330.87,GHS,False,10
603,CUS-3167EF535F,5,3445,6212,,2024-03-10,email,billing,medium,Customer raised a medium concern regarding billing.,open,,415.77,GHS,False,
604,CUS-2DEAA9AD01,6,2278,6247,,2025-06-30,email,billing,low,Customer raised a low concern regarding billing.,resolved,2025-06-30,244.98,GHS,False,0
605,CUS-019BFB0F67,4,18199,,,2025-04-21,email,product,high,Customer raised a high concern regarding product.,resolved,2025-05-03,591.45,GHS,False,12
606,CUS-D26FE2FFB7,12,9784,,,2024-04-16,phone,product,high,Customer raised a high concern regarding product.,resolved,2024-04-28,1486.85,GHS,True,12
607,CUS-C835D5D609,1,15349,,,2024-12-05,in_person,product,low,Customer raised a low concern regarding product.,resolved,2024-12-11,242.56,GHS,False,6
608,CUS-E2048A5ECE,1,6113,,,2023-11-23,email,product,high,Customer raised a high concern regarding product.,resolved,2023-12-05,1758.63,GHS,False,12
609,CUS-1040F349D8,5,14174,,,2025-04-22,in_person,product,low,Customer raised a low concern regarding product.,resolved,2025-04-27,256.42,GHS,False,5
610,CUS-6763EBEDFE,10,1425,23595,,2025-02-12,phone,product,low,Customer raised a low concern regarding product.,investigating,,160.87,GHS,False,
611,CUS-6AF94750DF,6,13212,10800,,2025-04-07,email,product,medium,Customer raised a medium concern regarding product.,resolved,2025-04-16,318.98,GHS,False,9
612,CUS-1425CF93B3,15,12324,1075,1476,2025-06-30,email,warranty,medium,Customer raised a medium concern regarding warranty.,open,,475.08,GHS,False,
613,CUS-6DF72C1693,2,3224,12382,,2024-08-20,email,staff,medium,Customer raised a medium concern regarding staff.,resolved,2024-08-28,578.27,GHS,False,8
614,CUS-C58EB7915F,10,6728,38654,1921,2024-05-03,social,warranty,medium,Customer raised a medium concern regarding warranty.,open,,715.55,GHS,False,
615,CUS-6109A366B8,8,20098,,,2025-06-18,phone,product,critical,Customer raised a critical concern regarding product.,resolved,2025-06-30,2880.49,GHS,True,12
616,CUS-105F8E72E1,4,2256,18559,,2024-09-19,phone,product,low,Customer raised a low concern regarding product.,resolved,2024-09-26,307.06,GHS,False,7
617,CUS-02C1363497,1,3301,,,2024-11-16,website,product,critical,Customer raised a critical concern regarding product.,resolved,2024-12-02,611.45,GHS,False,16
618,CUS-C988241C3E,8,508,,,2025-02-12,email,delivery,medium,Customer raised a medium concern regarding delivery.,resolved,2025-02-23,132.28,GHS,False,11
619,CUS-1E7AB84655,12,5497,,,2023-10-08,email,delivery,medium,Customer raised a medium concern regarding delivery.,resolved,2023-10-16,111.52,GHS,False,8
620,CUS-A24EDB997F,10,2307,19355,,2024-06-14,phone,product,medium,Customer raised a medium concern regarding product.,resolved,2024-06-24,667.43,GHS,False,10
621,CUS-5BD3192C5F,5,8079,26561,2156,2024-05-05,website,warranty,medium,Customer raised a medium concern regarding warranty.,resolved,2024-05-14,583.31,GHS,False,9
622,CUS-1F167B047B,8,14262,,,2024-10-23,in_person,billing,medium,Customer raised a medium concern regarding billing.,resolved,2024-10-31,118.95,GHS,False,8
623,CUS-BF862128A5,2,7162,28198,,2023-12-31,email,product,high,Customer raised a high concern regarding product.,resolved,2024-01-11,550.69,GHS,True,11
624,CUS-59EE1919BD,2,13380,,,2024-10-07,website,delivery,low,Customer raised a low concern regarding delivery.,resolved,2024-10-12,242.30,GHS,False,5
625,CUS-0B9E5025AC,10,5957,20951,,2025-04-28,email,service_delay,medium,Customer raised a medium concern regarding service delay.,open,,594.84,GHS,False,
626,CUS-5A2480E474,6,8574,36466,,2025-06-30,phone,product,low,Customer raised a low concern regarding product.,resolved,2025-06-30,287.37,GHS,False,0
627,CUS-34B5D42CE5,6,7545,,,2024-02-28,social,staff,low,Customer raised a low concern regarding staff.,investigating,,193.65,GHS,False,
628,CUS-0C738121BB,9,7764,17986,,2024-05-26,email,service_delay,low,Customer raised a low concern regarding service delay.,resolved,2024-06-01,165.13,GHS,False,6
629,CUS-295A2C0E76,11,10004,4887,,2024-08-20,phone,service_delay,low,Customer raised a low concern regarding service delay.,open,,230.59,GHS,False,
630,CUS-0087410EDE,6,5960,,,2024-03-08,phone,product,low,Customer raised a low concern regarding product.,rejected,2024-03-13,213.47,GHS,False,5
631,CUS-BD7FA9362C,11,18000,,,2025-04-02,email,product,low,Customer raised a low concern regarding product.,resolved,2025-04-09,235.59,GHS,False,7
632,CUS-7FFB8B22DF,11,12911,28450,,2024-09-23,website,service_delay,low,Customer raised a low concern regarding service delay.,rejected,2024-09-27,208.47,GHS,False,4
633,CUS-99A12B5A25,1,9450,45960,,2025-06-13,phone,staff,medium,Customer raised a medium concern regarding staff.,resolved,2025-06-20,308.82,GHS,False,7
634,CUS-8297B4E27B,10,7823,29544,,2024-11-22,phone,service_delay,high,Customer raised a high concern regarding service delay.,resolved,2024-12-07,366.78,GHS,True,15
635,CUS-626E43BE2C,1,14648,39720,210,2025-06-30,email,warranty,medium,Customer raised a medium concern regarding warranty.,investigating,,355.62,GHS,False,
636,CUS-D7E6F6FB30,1,9083,32313,,2024-09-01,phone,service_delay,high,Customer raised a high concern regarding service delay.,resolved,2024-09-16,1347.27,GHS,True,15
637,CUS-E0974350C8,3,7594,12102,,2024-05-24,website,service_delay,medium,Customer raised a medium concern regarding service delay.,investigating,,12.22,GHS,False,
638,CUS-19D83ABD50,2,3413,,,2023-10-12,phone,staff,medium,Customer raised a medium concern regarding staff.,resolved,2023-10-17,657.00,GHS,False,5
639,CUS-2CFF325722,5,13074,32623,440,2025-06-30,in_person,warranty,medium,Customer raised a medium concern regarding warranty.,resolved,2025-06-30,451.76,GHS,False,0
640,CUS-B054E79D3C,3,8027,,,2024-08-07,phone,product,medium,Customer raised a medium concern regarding product.,resolved,2024-08-11,787.45,GHS,False,4
641,CUS-83180B92B6,11,11749,16750,,2024-10-07,phone,product,low,Customer raised a low concern regarding product.,resolved,2024-10-09,220.78,GHS,False,2
642,CUS-07CC0EF483,4,4375,41663,,2025-06-30,email,staff,medium,Customer raised a medium concern regarding staff.,resolved,2025-06-30,562.67,GHS,False,0
643,CUS-4F00D3C95D,6,7303,,,2024-05-08,website,product,high,Customer raised a high concern regarding product.,resolved,2024-05-26,556.22,GHS,True,18
644,CUS-68A8B210CE,5,19348,,,2025-05-23,email,billing,medium,Customer raised a medium concern regarding billing.,resolved,2025-05-28,743.01,GHS,False,5
645,CUS-93B32A8E1B,7,875,18630,,2024-01-12,phone,service_delay,low,Customer raised a low concern regarding service delay.,resolved,2024-01-18,194.69,GHS,False,6
646,CUS-122BF74832,13,810,,,2023-09-25,in_person,delivery,medium,Customer raised a medium concern regarding delivery.,resolved,2023-10-03,154.84,GHS,False,8
647,CUS-A9CD5FD302,14,668,3539,,2023-09-06,in_person,service_delay,low,Customer raised a low concern regarding service delay.,resolved,2023-09-08,201.31,GHS,False,2
648,CUS-3C8685F096,1,3703,37,,2025-06-16,phone,service_delay,medium,Customer raised a medium concern regarding service delay.,resolved,2025-06-20,792.57,GHS,False,4
649,CUS-D2195129F5,7,17129,,,2025-03-10,phone,delivery,medium,Customer raised a medium concern regarding delivery.,resolved,2025-03-18,214.34,GHS,False,8
650,CUS-3A1541E059,15,9045,34927,,2024-04-20,email,billing,medium,Customer raised a medium concern regarding billing.,resolved,2024-04-25,406.87,GHS,False,5
651,CUS-7D829DB277,13,7495,,,2024-11-08,website,product,medium,Customer raised a medium concern regarding product.,open,,602.61,GHS,False,
652,CUS-E155F1FBA9,1,8947,38659,1078,2025-01-02,phone,warranty,low,Customer raised a low concern regarding warranty.,resolved,2025-01-10,127.09,GHS,False,8
653,CUS-0E552361EB,3,8420,,,2024-05-08,phone,billing,medium,Customer raised a medium concern regarding billing.,resolved,2024-05-17,150.45,GHS,False,9
654,CUS-34864996F6,6,5455,33384,,2025-02-10,social,product,low,Customer raised a low concern regarding product.,resolved,2025-02-17,129.40,GHS,False,7
655,CUS-17E7275BCC,11,8740,,,2025-06-12,in_person,delivery,low,Customer raised a low concern regarding delivery.,resolved,2025-06-14,50.82,GHS,False,2
656,CUS-29D97CE580,13,1913,29068,,2024-07-04,in_person,billing,medium,Customer raised a medium concern regarding billing.,resolved,2024-07-15,576.83,GHS,False,11
657,CUS-63545A1F3B,5,3605,27544,,2025-04-23,website,billing,medium,Customer raised a medium concern regarding billing.,resolved,2025-05-04,780.89,GHS,False,11
658,CUS-42F8B1D044,6,20107,,,2025-06-30,email,product,low,Customer raised a low concern regarding product.,resolved,2025-06-30,115.31,GHS,False,0
659,CUS-C5E6C63142,6,19292,,,2025-06-03,phone,product,medium,Customer raised a medium concern regarding product.,resolved,2025-06-10,504.69,GHS,False,7
660,CUS-49BB579C9A,3,1147,32315,,2025-03-19,website,staff,low,Customer raised a low concern regarding staff.,resolved,2025-03-24,19.96,GHS,False,5
661,CUS-6ECF565C8C,14,3852,22177,,2024-09-11,in_person,service_delay,medium,Customer raised a medium concern regarding service delay.,resolved,2024-09-20,319.33,GHS,False,9
662,CUS-E09A4BD3EE,3,14765,,,2024-12-03,email,billing,low,Customer raised a low concern regarding billing.,resolved,,123.61,GHS,False,
663,CUS-9B44601FEE,5,10027,3017,1615,2024-11-19,in_person,warranty,medium,Customer raised a medium concern regarding warranty.,investigating,,570.66,GHS,False,
664,CUS-7B03612E57,2,5774,41592,,2023-11-28,social,product,low,Customer raised a low concern regarding product.,resolved,2023-12-04,25.10,GHS,False,6
665,CUS-C4D31D6E65,2,19871,,,2025-06-03,in_person,delivery,low,Customer raised a low concern regarding delivery.,rejected,2025-06-04,258.32,GHS,False,1
666,CUS-47415BAE3C,3,19640,,,2025-06-15,email,delivery,high,Customer raised a high concern regarding delivery.,resolved,2025-06-29,693.29,GHS,True,14
667,CUS-83A5B0F39E,3,7150,32619,2081,2025-06-05,in_person,warranty,medium,Customer raised a medium concern regarding warranty.,resolved,2025-06-09,519.02,GHS,False,4
668,CUS-E697A30368,2,4164,33643,,2023-08-16,phone,service_delay,low,Customer raised a low concern regarding service delay.,resolved,2023-08-18,92.37,GHS,False,2
669,CUS-882AE26759,8,840,26355,,2024-05-27,email,service_delay,medium,Customer raised a medium concern regarding service delay.,resolved,2024-06-02,376.45,GHS,False,6
670,CUS-3CD5107A0C,1,12097,,,2024-08-06,email,delivery,medium,Customer raised a medium concern regarding delivery.,resolved,2024-08-16,537.94,GHS,False,10
671,CUS-7F660BF9C2,8,3302,46385,,2024-05-11,in_person,product,low,Customer raised a low concern regarding product.,resolved,2024-05-13,192.69,GHS,False,2
672,CUS-57F8B45A72,5,5097,,,2023-09-16,phone,delivery,medium,Customer raised a medium concern regarding delivery.,resolved,2023-09-24,612.22,GHS,False,8
673,CUS-9B701B227F,8,18819,42888,571,2025-06-30,phone,warranty,low,Customer raised a low concern regarding warranty.,resolved,2025-06-30,226.04,GHS,False,0
674,CUS-D2AC9E002E,8,18043,8712,2500,2025-06-30,phone,warranty,medium,Customer raised a medium concern regarding warranty.,resolved,2025-06-30,494.48,GHS,False,0
675,CUS-D943A14150,4,6915,,,2025-06-30,in_person,delivery,medium,Customer raised a medium concern regarding delivery.,resolved,2025-06-30,304.42,GHS,False,0
676,CUS-464F0D4989,7,965,,,2023-02-24,social,delivery,medium,Customer raised a medium concern regarding delivery.,open,,784.31,GHS,False,
677,CUS-CCDC65355B,5,18174,,,2025-04-29,phone,billing,high,Customer raised a high concern regarding billing.,open,,1540.28,GHS,True,
678,CUS-A9CB141504,1,20109,,,2025-06-15,website,delivery,high,Customer raised a high concern regarding delivery.,resolved,2025-06-28,880.70,GHS,True,13
679,CUS-52CE311107,5,1755,38565,,2024-11-03,website,billing,low,Customer raised a low concern regarding billing.,resolved,2024-11-05,254.15,GHS,False,2
680,CUS-7F2D7487C0,12,8422,,,2024-02-04,phone,staff,low,Customer raised a low concern regarding staff.,rejected,2024-02-08,81.54,GHS,False,4
681,CUS-DE3A76FEF2,11,1057,,,2024-10-20,website,delivery,medium,Customer raised a medium concern regarding delivery.,resolved,2024-10-27,251.86,GHS,False,7
682,CUS-3667D34579,13,15954,,,2025-03-29,phone,PRODUCT,low,Customer raised a low concern regarding product.,open,,187.03,GHS,False,
683,CUS-04E0314C7A,2,14593,,,2024-11-18,phone,billing,medium,Customer raised a medium concern regarding billing.,resolved,2024-11-28,419.86,GHS,False,10
684,CUS-3FEC0AA604,7,850,87,,2023-09-07,email,service_delay,medium,Customer raised a medium concern regarding service delay.,resolved,2023-09-17,323.70,GHS,False,10
685,CUS-8F10181AAD,7,8623,,,2024-02-17,phone,delivery,medium,Customer raised a medium concern regarding delivery.,resolved,2024-02-28,15.37,GHS,False,11
686,CUS-F118739FE4,10,12512,47301,,2025-06-30,email,staff,low,Customer raised a low concern regarding staff.,resolved,2025-06-30,238.30,GHS,False,0
687,CUS-BE5DB59741,4,1527,23218,,2024-01-12,email,product,medium,Customer raised a medium concern regarding product.,resolved,2024-01-19,101.50,GHS,False,7
688,CUS-C4D31D6E65,5,5152,11619,,2025-02-06,email,billing,medium,Customer raised a medium concern regarding billing.,resolved,2025-02-13,640.03,GHS,False,7
689,CUS-2E18EC8E08,7,4020,10986,,2024-10-20,email,staff,critical,Customer raised a critical concern regarding staff.,resolved,2024-11-10,265.16,GHS,False,21
690,CUS-0F536B1814,4,16592,,,2025-02-17,in_person,delivery,medium,Customer raised a medium concern regarding delivery.,resolved,2025-02-23,753.33,GHS,False,6
691,CUS-84447BD539,4,16413,31664,,2025-06-30,phone,billing,medium,Customer raised a medium concern regarding billing.,resolved,2025-06-30,628.48,GHS,False,0
692,CUS-8881FB8C3D,7,20103,,,2025-06-30,email,billing,medium,Customer raised a medium concern regarding billing.,investigating,,516.26,GHS,False,
693,CUS-1B9B9C1402,3,721,32755,1425,2024-01-05,phone,warranty,high,Customer raised a high concern regarding warranty.,open,,78.11,GHS,True,
694,CUS-FF2C450631,11,3480,,,2025-03-20,phone,delivery,medium,Customer raised a medium concern regarding delivery.,resolved,2025-03-31,215.12,GHS,False,11
695,CUS-831FBAEB66,15,19900,3602,,2025-06-30,phone,product,low,Customer raised a low concern regarding product.,resolved,2025-06-30,54.81,GHS,False,0
696,CUS-5215C977A9,1,13887,,,2024-10-23,phone,delivery,medium,Customer raised a medium concern regarding delivery.,investigating,,144.31,GHS,False,
697,CUS-58882CBB0A,12,17718,13998,,2025-04-21,phone,product,medium,Customer raised a medium concern regarding product.,open,,-176.62,GHS,False,
698,CUS-91F5151DC2,12,11420,13613,,2024-10-06,email,product,medium,Customer raised a medium concern regarding product.,resolved,2024-10-15,373.17,GHS,False,9
699,CUS-67BE2C80FD,6,10544,,,2024-11-26,email,product,low,Customer raised a low concern regarding product.,resolved,2024-11-27,282.16,GHS,False,1
700,CUS-1A09135DFE,3,10991,228,,2024-09-09,website,product,low,Customer raised a low concern regarding product.,resolved,2024-09-15,54.85,GHS,False,6
701,CUS-D7E6F6FB30,9,7843,24765,2185,2024-09-27,phone,warranty,medium,Customer raised a medium concern regarding warranty.,open,,780.41,GHS,False,
702,CUS-64E340A66E,5,655,46639,908,2025-01-15,email,warranty,medium,Customer raised a medium concern regarding warranty.,resolved,2025-01-20,596.68,GHS,False,5
703,CUS-DEFDED4BCB,3,17619,38232,,2025-05-27,website,product,medium,Customer raised a medium concern regarding product.,resolved,2025-06-03,161.14,GHS,False,7
704,CUS-3B5F4061A6,8,768,13964,,2024-09-24,email,staff,medium,Customer raised a medium concern regarding staff.,resolved,2024-10-02,104.29,GHS,False,8
705,CUS-D7DBD3CC30,2,9239,,,2024-06-20,phone,delivery,medium,Customer raised a medium concern regarding delivery.,resolved,2024-06-25,729.35,GHS,False,5
706,CUS-797465D54B,3,10832,16755,,2025-06-30,website,billing,medium,Customer raised a medium concern regarding billing.,resolved,2025-06-30,317.88,GHS,False,0
707,CUS-A7D0B018AC,5,722,37070,,2023-04-21,email,product,medium,Customer raised a medium concern regarding product.,rejected,2023-04-27,264.29,GHS,False,6
708,CUS-0515B37334,4,3569,24155,,2024-06-27,phone,product,low,Customer raised a low concern regarding product.,resolved,2024-07-03,303.31,GHS,False,6
709,CUS-E610A1B669,4,1257,45274,,2024-01-09,phone,service_delay,high,Customer raised a high concern regarding service delay.,resolved,2024-01-23,451.04,GHS,True,14
710,CUS-AAA8258852,11,2754,,,2023-10-09,website,delivery,medium,Customer raised a medium concern regarding delivery.,resolved,2023-10-14,36.79,GHS,False,5
711,CUS-6A8DB056B5,6,11842,38559,,2025-06-10,website,billing,medium,Customer raised a medium concern regarding billing.,resolved,2025-06-16,124.87,GHS,False,6
712,CUS-EE579F68BC,1,11969,32480,,2024-08-16,phone,staff,high,Customer raised a high concern regarding staff.,open,,1329.95,GHS,False,
713,CUS-2A2E8BAAAA,6,15915,,,2024-12-19,website,product,high,Customer raised a high concern regarding product.,resolved,2025-01-06,184.64,GHS,True,18
714,CUS-8A8BD3B6B6,12,8041,,,2024-11-02,social,delivery,low,Customer raised a low concern regarding delivery.,resolved,2024-11-10,205.05,GHS,False,8
715,CUS-146B709039,7,1485,18309,,2024-06-20,website,staff,high,Customer raised a high concern regarding staff.,resolved,2024-07-02,1725.67,GHS,True,12
716,CUS-C1CBC73170,14,1975,37518,,2025-03-15,email,billing,low,Customer raised a low concern regarding billing.,resolved,2025-03-17,63.08,GHS,False,2
717,CUS-81B267788C,9,6125,,,2024-08-05,phone,product,low,Customer raised a low concern regarding product.,investigating,,44.85,GHS,False,
718,CUS-120E62866B,1,15917,4480,,2025-06-02,in_person,staff,medium,Customer raised a medium concern regarding staff.,resolved,2025-06-09,27.02,GHS,False,7
719,CUS-DBAA5EBC1D,2,11906,,,2024-08-01,in_person,delivery,low,Customer raised a low concern regarding delivery.,investigating,,165.59,GHS,False,
720,CUS-38A02F4763,7,7043,33670,,2024-05-25,email,product,low,Customer raised a low concern regarding product.,resolved,2024-05-27,76.70,GHS,False,2
721,CUS-0E8C26D141,10,8986,44005,2859,2025-01-06,website,warranty,high,Customer raised a high concern regarding warranty.,resolved,2025-01-18,916.27,GHS,True,12
722,CUS-5E169E439B,10,11,31212,1896,2024-06-18,in_person,warranty,low,Customer raised a low concern regarding warranty.,resolved,2024-06-23,319.46,GHS,False,5
723,CUS-3465B48C93,12,336,15185,,2024-02-18,email,service_delay,medium,Customer raised a medium concern regarding service delay.,resolved,2024-02-25,239.06,GHS,False,7
724,CUS-CF5536FEEA,12,19380,,,2025-05-31,in_person,staff,high,Customer raised a high concern regarding staff.,resolved,2025-06-16,1474.62,GHS,True,16
725,CUS-E4C92FEB58,7,14639,10959,,2024-12-01,phone,product,medium,Customer raised a medium concern regarding product.,resolved,2024-12-12,319.15,GHS,False,11
726,CUS-665DDED9A8,3,12194,,,2024-07-30,phone,delivery,medium,Customer raised a medium concern regarding delivery.,resolved,2024-08-09,492.63,GHS,False,10
727,CUS-F234E94561,4,6874,13120,1107,2024-10-06,phone,warranty,low,Customer raised a low concern regarding warranty.,resolved,2024-10-11,75.20,GHS,False,5
728,CUS-7FB414F9C9,2,4546,,,2024-07-25,phone,product,low,Customer raised a low concern regarding product.,resolved,2024-08-02,313.85,GHS,False,8
729,CUS-3F006BF664,2,15921,,,2025-03-01,in_person,product,critical,Customer raised a critical concern regarding product.,resolved,2025-03-18,3861.91,GHS,False,17
730,CUS-C9D6006FB3,5,4904,,,2023-09-30,email,delivery,low,Customer raised a low concern regarding delivery.,resolved,2023-10-02,32.94,GHS,False,2
731,CUS-19CD216B1D,1,10674,17031,,2024-06-14,phone,product,medium,Customer raised a medium concern regarding product.,rejected,2024-06-18,795.58,GHS,False,4
732,CUS-EC3FEC7691,12,12626,,,2024-12-17,website,product,medium,Customer raised a medium concern regarding product.,resolved,2024-12-24,476.81,GHS,False,7
733,CUS-B1F5BD80DB,7,3593,,,2025-01-16,phone,delivery,low,Customer raised a low concern regarding delivery.,resolved,2025-01-17,281.48,GHS,False,1
734,CUS-419A027EAB,12,2042,3962,2098,2025-01-16,email,warranty,low,Customer raised a low concern regarding warranty.,investigating,,249.92,GHS,False,
735,CUS-E6E797D9B2,3,16781,,,2025-02-21,phone,product,high,Customer raised a high concern regarding product.,investigating,,1558.68,GHS,False,
736,CUS-4151F24A27,12,9805,,,2024-09-22,in_person,product,high,Customer raised a high concern regarding product.,resolved,2024-10-03,1255.37,GHS,False,11
737,CUS-903A3BA886,8,11430,8510,,2025-01-21,phone,staff,medium,Customer raised a medium concern regarding staff.,open,,656.59,GHS,False,
738,CUS-6B46C234EB,4,2949,42308,,2024-04-16,email,billing,critical,Customer raised a critical concern regarding billing.,resolved,2024-05-02,3849.14,GHS,True,16
739,CUS-7BDA6924F4,11,13091,,,2024-09-28,social,staff,low,Customer raised a low concern regarding staff.,investigating,,32.44,GHS,False,
740,CUS-9A7339F96F,5,6454,34834,1149,2024-03-28,in_person,warranty,medium,Customer raised a medium concern regarding warranty.,resolved,2024-04-04,542.70,GHS,False,7
741,CUS-E4FB9235F9,4,9089,2779,,2025-06-30,phone,product,low,Customer raised a low concern regarding product.,resolved,2025-06-30,63.82,GHS,False,0
742,CUS-4605641DE5,12,4182,,,2024-03-07,phone,product,medium,Customer raised a medium concern regarding product.,resolved,2024-03-15,152.19,GHS,False,8
743,CUS-4D5E180514,5,11463,5642,,2024-08-06,email,staff,medium,Customer raised a medium concern regarding staff.,resolved,2024-08-11,775.24,GHS,False,5
744,CUS-355747F414,5,2745,30224,1042,2025-06-30,email,warranty,critical,Customer raised a critical concern regarding warranty.,resolved,2025-06-30,87.18,GHS,True,0
745,CUS-516E41AF1A,3,886,13133,,2024-02-29,email,product,medium,Customer raised a medium concern regarding product.,open,,297.95,GHS,False,
746,CUS-C849DA0F92,4,16466,5356,,2025-06-30,email,service_delay,medium,Customer raised a medium concern regarding service delay.,resolved,2025-06-30,294.61,GHS,False,0
747,CUS-7427D8332F,4,5630,13491,,2024-11-27,in_person,billing,low,Customer raised a low concern regarding billing.,rejected,2024-11-30,156.35,GHS,False,3
748,CUS-5AF3D65595,4,7578,25238,1296,2025-04-23,in_person,warranty,low,Customer raised a low concern regarding warranty.,resolved,2025-05-01,113.49,GHS,False,8
749,CUS-73C6BC6C90,4,1526,45956,1753,2025-06-03,website,warranty,high,Customer raised a high concern regarding warranty.,resolved,2025-06-17,69.52,GHS,True,14
750,CUS-2259F80FC2,1,13488,41194,,2025-06-30,email,product,medium,Customer raised a medium concern regarding product.,resolved,2025-06-30,54.03,GHS,False,0
751,CUS-EEFDA76B00,2,5211,46198,,2025-06-30,in_person,product,high,Customer raised a high concern regarding product.,open,,1181.58,GHS,True,
752,CUS-DC9DEF5BF9,3,7285,12316,,2025-03-29,in_person,product,medium,Customer raised a medium concern regarding product.,resolved,2025-04-03,177.27,GHS,False,5
753,CUS-CD0EE729F8,10,5870,21240,,2023-11-06,phone,service_delay,medium,Customer raised a medium concern regarding service delay.,resolved,2023-11-12,149.39,GHS,False,6
754,CUS-7F47EEC705,1,7641,34065,,2025-06-30,in_person,billing,low,Customer raised a low concern regarding billing.,open,,224.11,GHS,False,
755,CUS-34F07E385C,3,12763,,,2025-01-22,in_person,delivery,medium,Customer raised a medium concern regarding delivery.,resolved,2025-01-31,96.75,GHS,False,9
756,CUS-A0BE9D61AB,12,1374,5970,,2024-03-17,website,service_delay,low,Customer raised a low concern regarding service delay.,resolved,2024-03-19,205.96,GHS,False,2
757,CUS-032831BA90,4,11480,13043,,2025-06-30,website,product,low,Customer raised a low concern regarding product.,resolved,2025-06-30,49.70,GHS,False,0
758,CUS-17DED26D92,6,6025,3955,,2024-04-19,in_person,staff,low,Customer raised a low concern regarding staff.,resolved,2024-04-22,241.15,GHS,False,3
759,CUS-211F27096C,4,9326,17660,,2024-10-17,website,staff,low,Customer raised a low concern regarding staff.,investigating,,6.55,GHS,False,
760,CUS-5DF93D5D88,10,3527,35053,,2025-06-30,phone,product,medium,Customer raised a medium concern regarding product.,resolved,2025-06-30,286.61,GHS,False,0
761,CUS-69D2A2C6AE,15,3804,3937,1794,2023-08-23,website,warranty,low,Customer raised a low concern regarding warranty.,resolved,2023-08-24,130.44,GHS,False,1
762,CUS-7CC5774DE4,9,9630,,,2024-11-15,email,staff,high,Customer raised a high concern regarding staff.,rejected,2024-11-29,1635.56,GHS,False,14
763,CUS-D1DEA946E3,7,7072,28976,,2024-01-28,email,billing,low,Customer raised a low concern regarding billing.,resolved,2024-01-29,219.25,GHS,False,1
764,CUS-19FBDFE7BA,5,12855,,,2024-09-11,phone,billing,low,Customer raised a low concern regarding billing.,resolved,2024-09-16,296.96,GHS,False,5
765,CUS-C68A1350AF,4,4457,20250,,2024-02-14,in_person,staff,medium,Customer raised a medium concern regarding staff.,investigating,,459.11,GHS,False,
766,CUS-FFF86925E0,15,4186,38845,,2023-08-29,email,service_delay,medium,Customer raised a medium concern regarding service delay.,resolved,2023-09-05,745.81,GHS,False,7
767,CUS-E4BB367112,12,227,43480,,2024-01-17,phone,product,medium,Customer raised a medium concern regarding product.,resolved,2024-01-27,501.79,GHS,False,10
768,CUS-978600A3E3,7,2168,8396,,2023-07-26,phone,billing,medium,Customer raised a medium concern regarding billing.,resolved,2023-08-03,33.14,GHS,False,8
769,CUS-4AB006EF41,2,17829,,,2025-04-13,phone,delivery,high,Customer raised a high concern regarding delivery.,investigating,,1250.36,GHS,True,
770,CUS-720B737A87,12,11332,3046,2620,2025-03-02,email,warranty,medium,Customer raised a medium concern regarding warranty.,resolved,2025-03-12,218.62,GHS,False,10
771,CUS-20457D43CD,12,10237,9970,2075,2024-08-07,phone,warranty,medium,Customer raised a medium concern regarding warranty.,resolved,2024-08-14,583.10,GHS,False,7
772,CUS-F37C83BB73,3,14412,37519,2515,2025-06-30,phone,warranty,medium,Customer raised a medium concern regarding warranty.,resolved,2025-06-30,687.04,GHS,False,0
773,CUS-361B2A6F1F,1,2514,6524,2374,2024-07-20,phone,warranty,low,Customer raised a low concern regarding warranty.,resolved,2024-07-21,241.33,GHS,False,1
774,CUS-3B7F6B55C7,5,5310,20789,,2024-02-11,phone,product,medium,Customer raised a medium concern regarding product.,resolved,2024-02-20,564.18,GHS,False,9
775,CUS-225C4B0117,6,6322,19195,,2024-09-30,phone,service_delay,medium,Customer raised a medium concern regarding service delay.,resolved,2024-10-06,490.19,GHS,False,6
776,CUS-9422CA0EFE,6,10287,,,2024-05-03,email,billing,low,Customer raised a low concern regarding billing.,resolved,2024-05-08,-67.15,GHS,False,5
777,CUS-3C578C3CF2,11,15470,34378,,2025-06-30,in_person,product,medium,Customer raised a medium concern regarding product.,rejected,2025-06-30,397.06,GHS,False,0
778,CUS-948C40BE09,1,11189,,,2024-06-28,phone,delivery,low,Customer raised a low concern regarding delivery.,resolved,2024-07-02,57.79,GHS,False,4
779,CUS-00C9CFA181,4,16683,,,2025-02-25,email,staff,high,Customer raised a high concern regarding staff.,resolved,2025-03-15,802.92,GHS,True,18
780,CUS-D6CE7AD2A5,11,4051,47921,,2025-03-13,in_person,product,low,Customer raised a low concern regarding product.,open,,165.97,GHS,False,
781,CUS-1434D98A12,6,10282,39496,,2025-04-26,in_person,product,low,Customer raised a low concern regarding product.,open,,20.73,GHS,False,
782,CUS-EF5DCA213D,6,15184,47853,,2025-02-13,in_person,product,high,Customer raised a high concern regarding product.,resolved,2025-02-24,956.74,GHS,True,11
783,CUS-BBB6974AC0,10,10685,,,2024-05-17,email,delivery,low,Customer raised a low concern regarding delivery.,resolved,2024-05-21,51.69,GHS,False,4
784,CUS-F58C68E973,2,17621,,,2025-03-19,phone,delivery,low,Customer raised a low concern regarding delivery.,open,,211.12,GHS,False,
785,CUS-2201BFD4C4,7,6114,30427,1056,2024-05-25,in_person,warranty,high,Customer raised a high concern regarding warranty.,resolved,2024-06-05,1199.21,GHS,False,11
786,CUS-A265DFD95F,12,11645,,,2024-07-07,email,billing,high,Customer raised a high concern regarding billing.,resolved,2024-07-19,613.83,GHS,True,12
787,CUS-BF4F4F9FE8,3,4671,33809,2282,2023-11-02,website,warranty,low,Customer raised a low concern regarding warranty.,open,,179.60,GHS,False,
788,CUS-0545D3DEB0,2,8490,,,2024-03-19,phone,billing,medium,Customer raised a medium concern regarding billing.,rejected,2024-03-23,237.66,GHS,False,4
789,CUS-85520BECFD,12,17865,,,2025-04-13,social,delivery,critical,Customer raised a critical concern regarding delivery.,resolved,2025-05-02,1873.91,GHS,True,19
790,CUS-4F403E07EE,6,11095,13953,,2025-06-30,phone,staff,medium,Customer raised a medium concern regarding staff.,resolved,2025-06-30,707.46,GHS,False,0
791,CUS-D5FA03F9F0,4,1726,28893,,2023-09-27,email,billing,medium,Customer raised a medium concern regarding billing.,resolved,2023-10-07,654.21,GHS,False,10
792,CUS-421768A195,8,8359,43215,,2024-04-16,social,billing,low,Customer raised a low concern regarding billing.,resolved,2024-04-22,160.99,GHS,False,6
793,CUS-4A930D23F9,10,12909,45421,,2024-12-06,phone,staff,high,Customer raised a high concern regarding staff.,open,,919.22,GHS,True,
794,CUS-9D4B38D183,2,15744,5032,,2025-01-14,phone,service_delay,critical,Customer raised a critical concern regarding service delay.,resolved,2025-02-02,3996.37,GHS,True,19
795,CUS-5D95598942,7,11717,,,2024-11-01,email,delivery,high,Customer raised a high concern regarding delivery.,open,,1863.81,GHS,True,
796,CUS-D68438BC5E,10,4986,38258,,2024-01-18,phone,service_delay,medium,Customer raised a medium concern regarding service delay.,resolved,2024-01-24,367.07,GHS,False,6
797,CUS-D1DEA946E3,9,7072,24087,,2024-01-18,phone,product,high,Customer raised a high concern regarding product.,resolved,2024-02-05,1905.56,GHS,True,18
798,CUS-8508E54B28,3,12105,,,2024-08-04,phone,billing,high,Customer raised a high concern regarding billing.,resolved,2024-08-18,1436.66,GHS,True,14
799,CUS-A7F517AF5B,11,4934,,,2024-08-13,phone,delivery,medium,Customer raised a medium concern regarding delivery.,resolved,2024-08-18,380.17,GHS,False,5
800,CUS-D7DDA59BC9,1,12389,,,2025-03-22,phone,product,low,Customer raised a low concern regarding product.,investigating,,221.60,GHS,False,
801,CUS-30EFD0086E,4,162,46518,,2025-06-30,in_person,product,medium,Customer raised a medium concern regarding product.,resolved,2025-06-30,386.71,GHS,False,0
802,CUS-365260B1F2,1,9559,24964,,2024-05-14,in_person,product,low,Customer raised a low concern regarding product.,resolved,2024-05-17,57.92,GHS,False,3
803,CUS-C0A6316442,6,7771,39778,,2024-05-09,website,product,medium,Customer raised a medium concern regarding product.,resolved,2024-05-15,758.91,GHS,False,6
804,CUS-6BA9157C1F,3,11826,,,2024-07-06,website,delivery,medium,Customer raised a medium concern regarding delivery.,resolved,2024-07-10,235.07,GHS,False,4
805,CUS-25907FADF4,10,4001,9158,,2025-06-30,website,product,low,Customer raised a low concern regarding product.,resolved,2025-06-30,301.67,GHS,False,0
806,CUS-E6392D46C4,15,2324,43688,,2024-09-27,in_person,staff,high,Customer raised a high concern regarding staff.,resolved,2024-10-12,532.82,GHS,True,15
807,CUS-88823C3A35,3,1306,13470,,2024-12-05,website,staff,medium,Customer raised a medium concern regarding staff.,investigating,,679.79,GHS,False,
808,CUS-CDAEC5D7C5,4,2651,15390,,2025-06-30,phone,service_delay,medium,Customer raised a medium concern regarding service delay.,resolved,2025-06-30,561.51,GHS,False,0
809,CUS-20DB39114A,2,11488,,,2024-07-09,phone,delivery,low,Customer raised a low concern regarding delivery.,resolved,2024-07-11,270.66,GHS,False,2
810,CUS-5670598334,4,18520,,,2025-04-20,social,delivery,medium,Customer raised a medium concern regarding delivery.,resolved,2025-04-24,605.33,GHS,False,4
811,CUS-88892E1AB6,10,8314,28316,,2024-08-04,social,product,medium,Customer raised a medium concern regarding product.,resolved,2024-08-15,131.69,GHS,False,11
812,CUS-65E9D53FAF,5,18711,,,2025-04-29,in_person,product,high,Customer raised a high concern regarding product.,resolved,2025-05-12,1667.01,GHS,True,13
813,CUS-7A028A11EE,6,11816,43586,,2024-07-31,phone,service_delay,high,Customer raised a high concern regarding service delay.,resolved,2024-08-12,1212.62,GHS,True,12
814,CUS-4DFD41A9A1,1,5680,,,2023-11-30,email,product,medium,Customer raised a medium concern regarding product.,resolved,2023-12-07,108.59,GHS,False,7
815,CUS-60D6FEF5D8,3,736,,,2024-04-14,email,delivery,high,Customer raised a high concern regarding delivery.,resolved,2024-05-02,1148.68,GHS,True,18
816,CUS-6CAAF4DD4B,14,5854,20456,874,2024-10-03,website,warranty,high,Customer raised a high concern regarding warranty.,resolved,2024-10-14,193.84,GHS,True,11
817,CUS-F7F6EDE798,8,6022,1910,,2024-05-18,social,staff,low,Customer raised a low concern regarding staff.,resolved,2024-05-21,96.06,GHS,False,3
818,CUS-21922A38EC,6,9780,,,2024-05-16,phone,delivery,high,Customer raised a high concern regarding delivery.,resolved,2024-05-30,1221.75,GHS,True,14
819,CUS-61C9853804,3,5834,,,2025-01-25,phone,delivery,medium,Customer raised a medium concern regarding delivery.,open,,194.09,GHS,False,
820,CUS-D903637682,3,2455,,,2023-10-18,phone,product,medium,Customer raised a medium concern regarding product.,investigating,,235.41,GHS,False,
821,CUS-BED8C8C538,1,7503,11932,,2024-01-18,phone,service_delay,high,Customer raised a high concern regarding service delay.,resolved,2024-02-05,741.90,GHS,False,18
822,CUS-788224C4C6,4,12615,1151,,2025-06-20,phone,product,high,Customer raised a high concern regarding product.,resolved,2025-06-30,700.45,GHS,True,10
823,CUS-C450376604,4,15727,24597,987,2025-06-30,phone,warranty,high,Customer raised a high concern regarding warranty.,resolved,2025-06-30,50.61,GHS,True,0
824,CUS-CA8333E889,5,8092,,,2024-04-23,website,delivery,low,Customer raised a low concern regarding delivery.,resolved,2024-04-30,279.11,GHS,False,7
825,CUS-56FEC80FD7,13,2916,20453,,2024-11-02,phone,billing,low,Customer raised a low concern regarding billing.,resolved,2024-11-05,230.33,GHS,False,3
826,CUS-CA6A8B75DF,2,13149,1128,,2025-04-24,phone,service_delay,medium,Customer raised a medium concern regarding service delay.,resolved,2025-04-30,172.79,GHS,False,6
827,CUS-F67A370D00,3,6365,11250,,2025-06-30,in_person,staff,low,Customer raised a low concern regarding staff.,resolved,2025-06-30,179.37,GHS,False,0
828,CUS-C437DE8A15,4,11768,,,2025-03-12,phone,staff,low,Customer raised a low concern regarding staff.,resolved,2025-03-14,73.97,GHS,False,2
829,CUS-076221E683,5,4577,26215,,2024-06-07,email,service_delay,low,Customer raised a low concern regarding service delay.,resolved,2024-06-09,45.54,GHS,False,2
830,CUS-77213C8097,11,19382,,,2025-06-12,website,product,high,Customer raised a high concern regarding product.,resolved,2025-06-30,1130.05,GHS,True,18
831,CUS-720ABCE02A,10,4648,,,2023-09-09,website,product,high,Customer raised a high concern regarding product.,resolved,2023-09-26,184.89,GHS,True,17
832,CUS-10322130BA,1,11379,40896,,2025-02-12,phone,product,critical,Customer raised a critical concern regarding product.,resolved,2025-03-03,3920.42,GHS,True,19
833,CUS-575839A975,11,5793,,,2023-10-15,email,delivery,medium,Customer raised a medium concern regarding delivery.,resolved,2023-10-25,106.10,GHS,False,10
834,CUS-D8D26F36C5,2,17113,37018,1231,2025-06-12,phone,warranty,medium,Customer raised a medium concern regarding warranty.,resolved,2025-06-22,604.90,GHS,False,10
835,CUS-1A3D2EAA1E,6,213,,,2023-06-25,email,staff,medium,Customer raised a medium concern regarding staff.,resolved,2023-06-29,282.07,GHS,False,4
836,CUS-FC1C132EAC,6,14584,,,2024-12-19,email,,medium,Customer raised a medium concern regarding delivery.,resolved,2024-12-24,551.44,GHS,False,5
837,CUS-7AFDBD2345,3,4161,32598,1772,2025-06-30,website,warranty,high,Customer raised a high concern regarding warranty.,resolved,2025-06-30,1924.88,GHS,True,0
838,CUS-C9DB9210FF,9,13467,,,2025-03-04,email,product,high,Customer raised a high concern regarding product.,resolved,2025-03-16,806.94,GHS,True,12
839,CUS-1C55719209,5,7709,45860,,2024-01-22,in_person,product,low,Customer raised a low concern regarding product.,resolved,2024-01-25,179.32,GHS,False,3
840,CUS-124324E24E,6,487,,,2025-05-12,phone,product,critical,Customer raised a critical concern regarding product.,resolved,2025-05-28,1830.08,GHS,True,16
841,CUS-39202002E0,13,19005,,,2025-05-21,website,delivery,medium,Customer raised a medium concern regarding delivery.,resolved,,339.83,GHS,False,10
842,CUS-53FA6FCCA3,3,15705,,,2024-12-15,phone,billing,low,Customer raised a low concern regarding billing.,resolved,2024-12-22,229.98,GHS,False,7
843,CUS-EF567F3B4E,13,16994,1077,,2025-06-30,email,service_delay,medium,Customer raised a medium concern regarding service delay.,investigating,,544.81,GHS,False,
844,CUS-09AFF8FC5A,4,5545,16351,,2023-11-12,website,service_delay,medium,Customer raised a medium concern regarding service delay.,rejected,2023-11-19,80.32,GHS,False,7
845,CUS-5756633127,5,11090,,,2025-04-18,email,staff,medium,Customer raised a medium concern regarding staff.,resolved,2025-04-28,98.96,GHS,False,10
846,CUS-5AF63B58C3,3,6195,43195,1751,2025-06-30,phone,warranty,medium,Customer raised a medium concern regarding warranty.,open,,283.97,GHS,False,
847,CUS-502F7B02E9,2,9541,9671,,2025-02-08,in_person,staff,low,Customer raised a low concern regarding staff.,investigating,,168.93,GHS,False,
848,CUS-3533BDE85A,5,6096,37153,9007,2024-09-30,phone,warranty,low,Customer raised a low concern regarding warranty.,resolved,2024-10-06,252.60,GHS,False,6
849,CUS-429EAB6D02,10,14215,,,2024-11-02,phone,billing,high,Customer raised a high concern regarding billing.,resolved,2024-11-19,1612.33,GHS,False,17
850,CUS-13C289FD92,5,14166,8852,,2025-04-22,email,billing,medium,Customer raised a medium concern regarding billing.,resolved,2025-04-28,520.91,GHS,False,6
851,CUS-E545617EE4,6,13671,,,2024-10-05,phone,delivery,high,Customer raised a high concern regarding delivery.,resolved,2024-10-18,1806.58,GHS,True,13
852,CUS-163ED52C7C,4,12184,22776,,2025-01-21,phone,product,low,Customer raised a low concern regarding product.,investigating,,31.59,GHS,False,
853,CUS-9BD4DCD8D9,4,8864,2787,,2024-04-11,in_person,billing,high,Customer raised a high concern regarding billing.,resolved,2024-04-26,662.32,GHS,False,15
854,CUS-D8AEEDB7C4,8,19862,8076,2557,2025-06-30,phone,warranty,high,Customer raised a high concern regarding warranty.,resolved,2025-06-30,20.17,GHS,True,0
855,CUS-104CD26097,6,6601,41164,,2025-06-30,website,service_delay,low,Customer raised a low concern regarding service delay.,resolved,2025-06-30,294.34,GHS,False,0
856,CUS-41C4CE9A6E,2,3164,47944,,2024-10-25,phone,service_delay,low,Customer raised a low concern regarding service delay.,investigating,,121.44,GHS,False,
857,CUS-C69B02C44E,10,14730,5778,1811,2025-06-11,email,warranty,medium,Customer raised a medium concern regarding warranty.,resolved,2025-06-17,779.12,GHS,False,6
858,CUS-7E3AB63453,5,6855,42369,,2024-12-31,phone,staff,high,Customer raised a high concern regarding staff.,investigating,,1646.12,GHS,False,
859,CUS-2D3D9146ED,15,4482,28606,,2023-10-19,in_person,service_delay,medium,Customer raised a medium concern regarding service delay.,resolved,2023-10-25,630.70,GHS,False,6
860,CUS-A11647AE01,4,10296,,,2025-05-13,phone,staff,low,Customer raised a low concern regarding staff.,open,,-77.98,GHS,False,
861,CUS-FE370ADAB9,4,9110,41741,,2024-07-31,phone,billing,medium,Customer raised a medium concern regarding billing.,resolved,2024-08-11,409.21,GHS,False,11
862,CUS-C67B4AED3A,11,4052,22017,,2025-05-28,email,service_delay,high,Customer raised a high concern regarding service delay.,resolved,2025-06-10,1306.98,GHS,True,13
863,CUS-C94857DC0C,1,5839,38923,,2024-06-25,email,billing,medium,Customer raised a medium concern regarding billing.,resolved,2024-06-29,286.88,GHS,False,4
864,CUS-EF3A023D00,6,11277,,,2024-06-05,website,product,medium,Customer raised a medium concern regarding product.,resolved,2024-06-12,288.78,GHS,False,7
865,CUS-F25DBFB908,9,677,,,2024-02-06,website,delivery,medium,Customer raised a medium concern regarding delivery.,resolved,2024-02-10,273.88,GHS,False,4
866,CUS-E4B0DA87E9,12,16396,,,2025-01-11,website,staff,high,Customer raised a high concern regarding staff.,resolved,2025-01-25,1834.32,GHS,True,14
867,CUS-FE03DFD401,7,9232,,,2024-09-27,email,product,critical,Customer raised a critical concern regarding product.,open,,1258.50,GHS,True,
868,CUS-2518A725B2,6,204,37753,,2023-06-06,phone,service_delay,low,Customer raised a low concern regarding service delay.,resolved,2023-06-14,218.69,GHS,False,8
869,CUS-C0539537AA,6,10977,,,2024-06-09,email,billing,medium,Customer raised a medium concern regarding billing.,resolved,2024-06-14,176.29,GHS,False,5
870,CUS-36E6FE7C2F,14,7313,44603,246,2025-03-23,email,warranty,low,Customer raised a low concern regarding warranty.,resolved,2025-03-29,42.49,GHS,False,6
871,CUS-F204920162,2,3956,9557,,2024-10-06,phone,service_delay,low,Customer raised a low concern regarding service delay.,resolved,2024-10-14,87.52,GHS,False,8
872,CUS-749125C52D,2,3798,,,2024-12-29,email,product,low,Customer raised a low concern regarding product.,resolved,2025-01-04,249.10,GHS,False,6
873,CUS-470DC06B80,4,7961,28229,,2024-09-28,phone,service_delay,medium,Customer raised a medium concern regarding service delay.,open,,187.43,GHS,False,
874,CUS-6190F1A031,7,10714,,,2024-12-05,website,billing,low,Customer raised a low concern regarding billing.,investigating,,149.66,GHS,False,
875,CUS-C8CB2D6CC5,3,10748,,,2024-12-10,phone,staff,low,Customer raised a low concern regarding staff.,resolved,2024-12-15,248.53,GHS,False,5
876,CUS-4714FD03F2,2,14824,5328,,2025-01-29,phone,service_delay,medium,Customer raised a medium concern regarding service delay.,investigating,,626.40,GHS,False,
877,CUS-9C1F721B36,1,11859,26800,,2024-10-30,email,service_delay,medium,Customer raised a medium concern regarding service delay.,resolved,2024-11-05,447.60,GHS,False,6
878,CUS-64C285F8F6,4,20023,31330,,2025-06-30,email,product,medium,Customer raised a medium concern regarding product.,resolved,2025-06-30,759.01,GHS,False,0
879,CUS-10F53A421D,6,10456,38758,1668,2024-08-31,email,warranty,medium,Customer raised a medium concern regarding warranty.,resolved,2024-09-09,680.45,GHS,False,9
880,CUS-BA6F21C078,4,12846,36578,,2025-06-30,email,staff,low,Customer raised a low concern regarding staff.,open,,304.52,GHS,False,
881,CUS-22FB92B611,5,16525,,,2025-02-09,phone,staff,high,Customer raised a high concern regarding staff.,open,,218.64,GHS,False,
882,CUS-3A048570DD,3,1177,45591,,2023-12-06,website,staff,medium,Customer raised a medium concern regarding staff.,resolved,2023-12-10,543.73,GHS,False,4
883,CUS-19E35D0C8C,3,888,,,2023-03-25,phone,billing,medium,Customer raised a medium concern regarding billing.,investigating,,420.40,GHS,False,
884,CUS-37F3FFF1D5,12,6090,31511,,2025-06-30,phone,service_delay,medium,Customer raised a medium concern regarding service delay.,resolved,2025-06-30,71.14,GHS,False,0
885,CUS-10B36A241A,5,1432,6856,,2023-12-30,phone,staff,medium,Customer raised a medium concern regarding staff.,resolved,2024-01-09,121.67,GHS,False,10
886,CUS-FD4F7B2009,3,12479,,,2024-07-31,phone,billing,low,Customer raised a low concern regarding billing.,resolved,2024-08-01,222.76,GHS,False,1
887,CUS-1B861DF229,8,2436,21130,37,2024-01-01,in_person,warranty,high,Customer raised a high concern regarding warranty.,investigating,,518.72,GHS,False,
888,CUS-65B95FCE1F,11,10942,,,2024-08-27,website,delivery,high,Customer raised a high concern regarding delivery.,resolved,2024-09-14,489.77,GHS,True,18
889,CUS-BE5451D525,7,16463,46539,,2025-06-30,in_person,service_delay,medium,Customer raised a medium concern regarding service delay.,resolved,2025-06-30,106.61,GHS,False,0
890,CUS-C849DA0F92,6,16466,,,2025-05-05,phone,delivery,medium,Customer raised a medium concern regarding delivery.,resolved,2025-05-13,393.41,GHS,False,8
891,CUS-1AC630CC66,2,15956,9984,,2025-06-30,email,billing,medium,Customer raised a medium concern regarding billing.,resolved,2025-06-30,394.31,GHS,False,0
892,CUS-3E03FA22F7,2,10061,,,2024-12-06,website,product,low,Customer raised a low concern regarding product.,rejected,2024-12-09,90.44,GHS,False,3
893,CUS-8422921702,8,10493,18705,,2024-12-15,website,product,low,Customer raised a low concern regarding product.,resolved,2024-12-21,300.00,GHS,False,6
894,CUS-299F608DBF,2,11995,12031,,2024-12-11,in_person,service_delay,medium,Customer raised a medium concern regarding service delay.,resolved,2024-12-19,315.39,GHS,False,8
895,CUS-A7A29CD067,5,3231,2480,,2025-06-30,phone,billing,medium,Customer raised a medium concern regarding billing.,resolved,2025-06-30,87.15,GHS,False,0
896,CUS-32FC39C6DA,1,7041,34933,,2024-01-04,website,staff,low,Customer raised a low concern regarding staff.,resolved,,22.64,GHS,False,4
897,CUS-CB9B0D7216,9,14410,298,102,2025-02-13,website,warranty,low,Customer raised a low concern regarding warranty.,resolved,2025-02-15,45.46,GHS,False,2
898,CUS-E2CAC6B8D3,7,14369,46033,,2025-06-30,phone,service_delay,medium,Customer raised a medium concern regarding service delay.,open,,89.99,GHS,False,
899,CUS-60498AEB09,5,18229,,,2025-04-09,social,staff,medium,Customer raised a medium concern regarding staff.,rejected,2025-04-15,77.60,GHS,False,6
900,CUS-EF5DCA213D,2,15184,,,2024-11-25,website,delivery,critical,Customer raised a critical concern regarding delivery.,resolved,2024-12-15,-3592.31,GHS,True,20
901,CUS-DA4ABA11F6,8,3214,,,2024-03-10,phone,staff,medium,Customer raised a medium concern regarding staff.,resolved,2024-03-19,769.86,GHS,False,9
902,CUS-1B3F58EE0D,3,19556,,,2025-06-03,phone,product,low,Customer raised a low concern regarding product.,resolved,2025-06-08,217.36,GHS,False,5
903,CUS-0DD90CE499,6,13557,8840,,2025-06-30,phone,Service_Delay,low,Customer raised a low concern regarding service delay.,resolved,2025-06-30,53.77,GHS,False,0
904,CUS-CD4F0A15AD,4,2408,,,2023-06-29,phone,product,medium,Customer raised a medium concern regarding product.,resolved,2023-07-05,771.77,GHS,False,6
905,CUS-91AFD35752,9,16253,21781,2317,2025-02-16,website,warranty,medium,Customer raised a medium concern regarding warranty.,resolved,2025-02-23,414.80,GHS,False,7
906,CUS-88CDA38A7A,2,13238,20903,,2024-10-24,in_person,service_delay,medium,Customer raised a medium concern regarding service delay.,resolved,2024-10-30,158.67,GHS,False,6
907,CUS-A4AA8C47B5,5,12141,,,2024-07-18,in_person,delivery,medium,Customer raised a medium concern regarding delivery.,resolved,2024-07-28,370.63,GHS,False,10
908,CUS-AFFC98C0B2,5,49,8183,,2023-06-01,phone,service_delay,low,Customer raised a low concern regarding service delay.,resolved,2023-06-06,146.09,GHS,False,5
909,CUS-98955AE29E,11,11125,,,2024-11-01,email,staff,low,Customer raised a low concern regarding staff.,resolved,2024-11-07,27.12,GHS,False,6
910,CUS-9B5388522A,13,13243,4881,1684,2025-06-30,email,warranty,medium,Customer raised a medium concern regarding warranty.,open,,773.30,GHS,False,
911,CUS-F2F516D565,8,2451,39353,,2024-01-17,in_person,service_delay,high,Customer raised a high concern regarding service delay.,resolved,2024-02-02,1894.26,GHS,False,16
912,CUS-000BE08158,12,11014,29829,,2025-06-30,phone,service_delay,medium,Customer raised a medium concern regarding service delay.,resolved,2025-06-30,558.11,GHS,False,0
913,CUS-E6ADE5B3EE,1,16167,,,2024-12-30,email,product,high,Customer raised a high concern regarding product.,investigating,,66.73,GHS,True,
914,CUS-D9387979CF,6,12314,1813,,2024-11-24,email,billing,medium,Customer raised a medium concern regarding billing.,resolved,2024-12-05,130.15,GHS,False,11
915,CUS-997915402B,7,10522,,,2024-05-05,phone,product,high,Customer raised a high concern regarding product.,resolved,2024-05-19,677.35,GHS,True,14
916,CUS-00EA59C32F,1,19534,,,2025-06-03,phone,delivery,high,Customer raised a high concern regarding delivery.,open,,1552.88,GHS,True,
917,CUS-201F348B68,4,793,23492,,2025-06-30,email,service_delay,low,Customer raised a low concern regarding service delay.,resolved,2025-06-30,109.66,GHS,False,0
918,CUS-4332194F95,8,19838,,,2025-06-11,in_person,delivery,high,Customer raised a high concern regarding delivery.,resolved,2025-06-22,44.13,GHS,True,11
919,CUS-230E209F16,15,4956,34884,574,2023-10-06,website,warranty,medium,Customer raised a medium concern regarding warranty.,rejected,2023-10-14,635.58,GHS,False,8
920,CUS-35D4450BDB,2,13266,11357,,2025-06-30,in_person,billing,low,Customer raised a low concern regarding billing.,resolved,2025-06-30,61.99,GHS,False,0
921,CUS-33B09148A9,6,9223,4980,,2024-11-28,email,product,medium,Customer raised a medium concern regarding product.,resolved,2024-12-02,13.48,GHS,False,4
922,CUS-0EE238324F,7,4662,,,2024-07-28,email,staff,low,Customer raised a low concern regarding staff.,rejected,2024-08-05,202.69,GHS,False,8
923,CUS-77D72A3CCF,10,17946,31866,,2025-06-30,phone,service_delay,medium,Customer raised a medium concern regarding service delay.,resolved,2025-06-30,729.51,GHS,False,0
924,CUS-A6566BB4B6,4,7058,39987,,2024-10-05,email,staff,medium,Customer raised a medium concern regarding staff.,resolved,2024-10-16,122.87,GHS,False,11
925,CUS-403ADBFE4B,2,12146,38203,,2025-06-30,phone,staff,medium,Customer raised a medium concern regarding staff.,open,,719.65,GHS,False,
926,CUS-34B5D42CE5,3,7466,36925,,2024-01-25,email,service_delay,medium,Customer raised a medium concern regarding service delay.,resolved,2024-01-29,108.75,GHS,False,4
927,CUS-51AC5A8A1F,7,13677,,,2024-11-24,phone,billing,high,Customer raised a high concern regarding billing.,investigating,,1640.76,GHS,True,
928,CUS-049FDF3DBA,6,11568,15409,,2025-03-11,phone,staff,low,Customer raised a low concern regarding staff.,open,,147.55,GHS,False,
929,CUS-D6995A40AF,1,18600,10421,,2025-06-05,phone,billing,medium,Customer raised a medium concern regarding billing.,resolved,2025-06-12,412.74,GHS,False,7
930,CUS-525885C701,2,5422,18716,,2023-12-17,phone,staff,medium,Customer raised a medium concern regarding staff.,resolved,2023-12-28,560.05,GHS,False,11
931,CUS-25EE1DD636,2,7581,27807,,2024-11-08,social,staff,medium,Customer raised a medium concern regarding staff.,investigating,,223.82,GHS,False,
932,CUS-B3BE414902,1,5943,8155,,2023-11-26,email,service_delay,medium,Customer raised a medium concern regarding service delay.,open,,667.62,GHS,False,
933,CUS-BBB6974AC0,6,9674,19238,,2024-05-24,phone,product,low,Customer raised a low concern regarding product.,open,,298.17,GHS,False,
934,CUS-8CD6543C36,11,8726,,,2025-03-19,email,delivery,low,Customer raised a low concern regarding delivery.,open,,236.27,GHS,False,
935,CUS-0B02ABCB13,11,8164,4819,266,2025-06-30,in_person,warranty,high,Customer raised a high concern regarding warranty.,resolved,2025-06-30,1725.09,GHS,True,0
936,CUS-A3B744EC96,15,3325,27464,480,2024-01-16,social,warranty,high,Customer raised a high concern regarding warranty.,resolved,2024-01-29,423.35,GHS,True,13
937,CUS-88B64176F0,3,7312,,,2024-04-16,phone,delivery,critical,Customer raised a critical concern regarding delivery.,resolved,2024-05-07,3225.76,GHS,True,21
938,CUS-E2D5034FE7,1,8578,,,2024-09-03,email,delivery,high,Customer raised a high concern regarding delivery.,investigating,,1743.10,GHS,True,
939,CUS-D943A14150,1,16278,42188,1014,2025-04-28,website,warranty,high,Customer raised a high concern regarding warranty.,open,,181.27,GHS,False,
940,CUS-EDDA82BE00,5,1135,3404,,2025-03-19,in_person,product,low,Customer raised a low concern regarding product.,resolved,2025-03-20,5.16,GHS,False,1
941,CUS-7388CE94E8,2,6027,37612,279,2024-04-09,phone,warranty,low,Customer raised a low concern regarding warranty.,resolved,2024-04-14,161.38,GHS,False,5
942,CUS-CEB90F5D98,11,10009,,,2024-04-19,website,delivery,high,Customer raised a high concern regarding delivery.,rejected,2024-04-30,1134.89,GHS,True,11
943,CUS-E919DD4A05,5,18105,,,2025-04-01,email,delivery,medium,Customer raised a medium concern regarding delivery.,resolved,2025-04-05,550.02,GHS,False,4
944,CUS-3A376614BF,1,913,5998,1360,2023-12-25,phone,warranty,low,Customer raised a low concern regarding warranty.,resolved,2023-12-29,72.84,GHS,False,4
945,CUS-E4F8D1E74C,2,10807,,,2024-05-19,website,staff,medium,Customer raised a medium concern regarding staff.,resolved,2024-05-28,512.44,GHS,False,9
946,CUS-F4F38B6034,2,342,,,2023-01-22,phone,product,low,Customer raised a low concern regarding product.,resolved,2023-01-29,233.51,GHS,False,7
947,CUS-7F6A70A377,14,15675,46468,1835,2025-06-30,social,warranty,high,Customer raised a high concern regarding warranty.,resolved,2025-06-30,900.67,GHS,True,0
948,CUS-077B0A3995,1,2375,41388,2536,2024-02-14,phone,warranty,medium,Customer raised a medium concern regarding warranty.,open,,681.18,GHS,False,
949,CUS-A64C234A35,5,7741,24025,2767,2025-04-10,website,warranty,low,Customer raised a low concern regarding warranty.,resolved,2025-04-14,14.54,GHS,False,4
950,CUS-77D72A3CCF,8,11346,,,2025-04-30,phone,delivery,medium,Customer raised a medium concern regarding delivery.,open,,725.12,GHS,False,
951,CUS-705E012DD5,11,19679,,,2025-06-28,phone,product,medium,Customer raised a medium concern regarding product.,resolved,2025-06-30,694.93,GHS,False,2
952,CUS-DBE911B334,15,10541,17800,,2024-05-25,phone,product,high,Customer raised a high concern regarding product.,investigating,,836.72,GHS,True,
953,CUS-E114886FCC,5,5572,44587,,2025-02-05,website,billing,medium,Customer raised a medium concern regarding billing.,resolved,2025-02-11,170.78,GHS,False,6
954,CUS-5D37D579D6,1,7532,,,2025-03-20,email,product,high,Customer raised a high concern regarding product.,open,,797.93,GHS,False,
955,CUS-FAA94D8EA7,2,9531,17995,,2024-09-13,social,product,low,Customer raised a low concern regarding product.,resolved,2024-09-17,140.42,GHS,False,4
956,CUS-C3DA945984,2,8916,41065,,2024-09-18,email,billing,medium,Customer raised a medium concern regarding billing.,resolved,2024-09-22,102.31,GHS,False,4
957,CUS-FA5D52D8A7,11,4568,,,2025-06-30,website,staff,medium,Customer raised a medium concern regarding staff.,resolved,2025-06-30,247.03,GHS,False,0
958,CUS-9F76421DF9,13,12164,42405,457,2025-06-30,phone,warranty,high,Customer raised a high concern regarding warranty.,resolved,2025-06-30,1028.92,GHS,True,0
959,CUS-B8FAF679DA,13,16255,,,2025-06-20,phone,staff,high,Customer raised a high concern regarding staff.,resolved,2025-06-30,1525.26,GHS,False,10
960,CUS-C1FDFE7F36,13,11406,,,2024-08-17,website,billing,low,Customer raised a low concern regarding billing.,resolved,2024-08-20,43.81,GHS,False,3
961,CUS-A9603CD7A9,12,7406,,,2024-04-15,social,billing,medium,Customer raised a medium concern regarding billing.,resolved,2024-04-21,552.29,GHS,False,6
962,CUS-DFFD4076B9,3,18474,,,2025-05-04,email,staff,medium,Customer raised a medium concern regarding staff.,resolved,2025-05-09,768.46,GHS,False,5
963,CUS-60AF8FFDDB,6,10658,10593,2014,2024-09-23,website,warranty,low,Customer raised a low concern regarding warranty.,open,,20.45,GHS,False,
964,CUS-FF9284C96A,5,16239,2497,,2025-06-30,in_person,service_delay,medium,Customer raised a medium concern regarding service delay.,resolved,2025-06-30,383.73,GHS,False,0
965,CUS-85164C2D4E,4,2683,6267,,2023-11-05,email,service_delay,high,Customer raised a high concern regarding service delay.,investigating,2023-11-02,48.54,GHS,False,
966,CUS-AE9922545E,6,380,17404,123,2025-03-26,website,warranty,high,Customer raised a high concern regarding warranty.,resolved,2025-04-08,1400.67,GHS,True,13
967,CUS-8AD52032DA,6,8383,31856,,2024-03-04,email,billing,critical,Customer raised a critical concern regarding billing.,resolved,2024-03-24,1808.65,GHS,False,20
968,CUS-22E37D9D62,10,5803,,,2025-05-06,website,billing,high,Customer raised a high concern regarding billing.,resolved,2025-05-24,918.65,GHS,True,18
969,CUS-5996E5653D,9,13989,38743,,2025-06-30,phone,service_delay,low,Customer raised a low concern regarding service delay.,resolved,2025-06-30,96.29,GHS,False,0
970,CUS-7AC381FE5A,4,10412,30309,932,2024-10-18,phone,warranty,medium,Customer raised a medium concern regarding warranty.,resolved,2024-10-23,113.28,GHS,False,5
971,CUS-373E9D415A,9,18531,33423,,2025-06-30,phone,service_delay,medium,Customer raised a medium concern regarding service delay.,resolved,2025-06-30,651.83,GHS,False,0
972,CUS-EA73200AFC,2,18930,,,2025-05-15,email,staff,medium,Customer raised a medium concern regarding staff.,resolved,2025-05-20,134.94,GHS,False,5
973,CUS-F64AF6C827,3,6293,,,2023-11-11,in_person,billing,medium,Customer raised a medium concern regarding billing.,resolved,2023-11-20,398.38,GHS,False,9
974,CUS-60582F0A8D,11,9632,,,2024-04-17,email,delivery,high,Customer raised a high concern regarding delivery.,resolved,2024-05-02,350.09,GHS,True,15
975,CUS-456B76CA1A,3,11492,10364,1558,2024-11-20,website,warranty,medium,Customer raised a medium concern regarding warranty.,investigating,,236.32,GHS,False,
976,CUS-7B01AEE8CD,3,3870,22692,,2023-08-24,email,billing,medium,Customer raised a medium concern regarding billing.,resolved,2023-08-31,118.74,GHS,False,7
977,CUS-6248847FFC,14,650,23720,,2024-01-09,email,product,low,Customer raised a low concern regarding product.,resolved,2024-01-13,4.65,GHS,False,4
978,CUS-E3D57DD1DD,5,12205,,,2025-04-29,in_person,billing,high,Customer raised a high concern regarding billing.,resolved,2025-05-12,233.15,GHS,True,13
979,CUS-0087410EDE,3,5727,46502,3046,2024-04-08,email,warranty,low,Customer raised a low concern regarding warranty.,open,,208.84,GHS,False,
980,CUS-7A579A4AF2,5,1906,26807,,2023-12-19,social,billing,medium,Customer raised a medium concern regarding billing.,resolved,2023-12-30,414.37,GHS,False,11
981,CUS-74F557B229,4,11610,18663,,2024-09-12,phone,product,low,Customer raised a low concern regarding product.,resolved,2024-09-19,119.08,GHS,False,7
982,CUS-728BD95494,1,13449,14851,,2024-12-09,phone,product,high,Customer raised a high concern regarding product.,resolved,2024-12-24,1997.06,GHS,True,15
983,CUS-F9F03D0E6C,2,9202,34676,,2024-06-08,email,service_delay,low,Customer raised a low concern regarding service delay.,resolved,2024-06-05,88.88,GHS,False,3
984,CUS-FFD88B6E87,4,3744,7912,94,2023-10-17,phone,warranty,low,Customer raised a low concern regarding warranty.,resolved,2023-10-21,210.59,GHS,False,4
985,CUS-0A648A8D58,7,9817,,,2024-09-16,email,product,low,Customer raised a low concern regarding product.,investigating,,52.11,GHS,False,
986,CUS-792B52B62E,4,14572,27045,665,2024-12-28,in_person,warranty,low,Customer raised a low concern regarding warranty.,resolved,2024-12-30,245.19,GHS,False,2
987,CUS-A7CE7D1CFA,4,14649,10212,,2025-03-14,phone,service_delay,medium,Customer raised a medium concern regarding service delay.,resolved,2025-03-22,692.49,GHS,False,8
988,CUS-62FB577673,6,2056,11240,1617,2023-11-25,email,warranty,low,Customer raised a low concern regarding warranty.,resolved,2023-11-29,29.02,GHS,False,4
989,CUS-1076B06EA5,1,77,,,2025-01-18,website,billing,high,Customer raised a high concern regarding billing.,resolved,2025-02-04,1637.26,GHS,True,17
990,CUS-9B1140007B,3,6138,,,2023-12-15,in_person,billing,low,Customer raised a low concern regarding billing.,resolved,2023-12-18,276.47,GHS,False,3
991,CUS-1828BD00FD,9,14804,,,2024-12-04,website,staff,high,Customer raised a high concern regarding staff.,resolved,2024-12-16,1324.37,GHS,True,12
992,CUS-24E2C7D877,6,8436,10901,,2024-04-29,phone,staff,low,Customer raised a low concern regarding staff.,resolved,2024-04-30,39.24,GHS,False,1
993,CUS-55D6C08694,4,4961,28633,,2024-08-27,website,service_delay,medium,Customer raised a medium concern regarding service delay.,resolved,2024-08-31,612.09,GHS,False,4
994,CUS-A498077636,4,6112,,,2023-11-10,in_person,billing ,low,Customer raised a low concern regarding billing.,resolved,2023-11-14,37.51,GHS,False,4
995,CUS-87E3BF5941,1,5805,20733,,2025-06-30,phone,,medium,Customer raised a medium concern regarding service delay.,open,,709.02,GHS,False,
996,CUS-1CD0E25D59,9,4872,13219,,2025-06-30,email,service_delay,high,Customer raised a high concern regarding service delay.,resolved,2025-06-30,349.18,GHS,True,0
997,CUS-8E05141842,8,6606,33108,,2024-06-27,email,product,medium,Customer raised a medium concern regarding product.,resolved,2024-07-05,469.05,GHS,False,8
998,CUS-9B404FCA25,4,17738,,,2025-03-19,email,delivery,high,Customer raised a high concern regarding delivery.,resolved,2025-04-02,716.18,GHS,False,14
999,CUS-E026A22B99,8,11288,10012,,2025-06-30,in_person,billing,medium,Customer raised a medium concern regarding billing.,resolved,2025-06-30,658.36,GHS,False,0
1000,CUS-13BA080844,5,11746,,,2024-07-11,email,product,low,Customer raised a low concern regarding product.,open,,21.98,GHS,False,
1001,CUS-8C5B657D1B,3,6886,23547,,2025-01-25,email,billing,medium,Customer raised a medium concern regarding billing.,open,,341.23,GHS,False,
1002,CUS-3344E6BD84,4,6684,,,2023-11-15,email,product,high,Customer raised a high concern regarding product.,resolved,2023-12-01,1673.82,GHS,True,16
1003,CUS-68A7F8E1E4,8,15101,,,2024-11-22,email,staff,medium,Customer raised a medium concern regarding staff.,open,,591.29,GHS,False,
1004,CUS-B6ABEA0588,5,10683,18698,,2025-03-09,email,service_delay,medium,Customer raised a medium concern regarding service delay.,resolved,2025-03-17,728.37,GHS,False,8
1005,CUS-43BD48F8CB,7,14439,,,2025-01-15,email,product,medium,Customer raised a medium concern regarding product.,investigating,,423.03,GHS,False,
1006,CUS-B72E261FD9,3,230,20797,,2025-06-30,phone,product,medium,Customer raised a medium concern regarding product.,resolved,2025-06-30,395.56,GHS,False,0
1007,CUS-6A9C1593C9,2,6699,41,1902,2025-04-21,phone,warranty,low,Customer raised a low concern regarding warranty.,resolved,2025-04-29,36.16,GHS,False,8
1008,CUS-81B267788C,4,5509,42560,270,2024-03-31,phone,warranty,high,Customer raised a high concern regarding warranty.,rejected,2024-04-12,352.29,GHS,True,12
1009,CUS-CCFCD5D091,4,8342,,,2025-06-30,phone,staff,medium,Customer raised a medium concern regarding staff.,open,,452.81,GHS,False,
1010,CUS-ADAE69D582,1,6074,40933,,2024-09-12,in_person,billing,low,Customer raised a low concern regarding billing.,resolved,2024-09-16,170.44,GHS,False,4
1011,CUS-344F554789,4,2491,40096,,2025-01-28,email,product,medium,Customer raised a medium concern regarding product.,resolved,2025-02-01,266.21,GHS,False,4
1012,CUS-1AF48AA336,1,7031,,,2023-12-23,in_person,billing,low,Customer raised a low concern regarding billing.,resolved,2023-12-26,199.32,GHS,False,3
1013,CUS-85C161C4C9,9,19385,,,2025-06-09,email,staff,medium,Customer raised a medium concern regarding staff.,resolved,2025-06-14,11.13,GHS,False,5
1014,CUS-C91ACEF43C,1,6621,38679,1627,2025-04-29,email,warranty,medium,Customer raised a medium concern regarding warranty.,resolved,2025-05-09,446.53,GHS,False,10
1015,CUS-FE03DFD401,8,6982,,,2024-09-24,website,product,critical,Customer raised a critical concern regarding product.,resolved,2024-10-14,2596.57,GHS,True,20
1016,CUS-A02188EC72,4,11462,42065,,2025-06-30,phone,product,low,Customer raised a low concern regarding product.,resolved,2025-06-30,115.73,GHS,False,0
1017,CUS-1CCBD23D86,9,2277,,,2024-03-07,email,billing,high,Customer raised a high concern regarding billing.,resolved,2024-03-22,1754.08,GHS,False,15
1018,CUS-5373B5E226,10,1207,4187,,2024-04-22,phone,service_delay,medium,Customer raised a medium concern regarding service delay.,resolved,2024-04-30,267.17,GHS,False,8
1019,CUS-00FC52B03C,10,3529,19023,,2023-10-20,phone,billing,high,Customer raised a high concern regarding billing.,resolved,2023-11-04,368.19,GHS,False,15
1020,CUS-DE306ED28E,3,12434,2890,173,2025-06-30,email,warranty,low,Customer raised a low concern regarding warranty.,resolved,2025-06-30,80.55,GHS,False,0
1021,CUS-33E815E7F0,6,10292,,,2025-02-06,email,billing,medium,Customer raised a medium concern regarding billing.,resolved,2025-02-12,389.69,GHS,False,6
1022,CUS-F30F357997,14,4486,32917,,2025-06-15,website,staff,medium,Customer raised a medium concern regarding staff.,resolved,,54.09,GHS,False,6
1023,CUS-4DF882898A,8,12980,,,2025-05-17,website,delivery,medium,Customer raised a medium concern regarding delivery.,resolved,2025-05-22,296.61,GHS,False,5
1024,CUS-7A2B415BE9,12,7798,5519,,2024-12-11,website,product,medium,Customer raised a medium concern regarding product.,resolved,2024-12-21,265.74,GHS,False,10
1025,CUS-C2D530B2B9,3,14195,,,2024-11-03,website,delivery,low,Customer raised a low concern regarding delivery.,resolved,2024-11-08,18.91,GHS,False,5
1026,CUS-2D0068A435,4,2074,7356,,2023-06-29,email,staff,medium,Customer raised a medium concern regarding staff.,resolved,2023-07-03,46.97,GHS,False,4
1027,CUS-E641176C71,4,19192,,,2025-06-02,website,delivery,high,Customer raised a high concern regarding delivery.,resolved,2025-06-18,651.13,GHS,True,16
1028,CUS-B011EE3689,8,917,31994,916,2024-12-27,phone,warranty,medium,Customer raised a medium concern regarding warranty.,resolved,2024-12-31,136.26,GHS,False,4
1029,CUS-34B5D42CE5,3,7545,46231,,2024-10-20,phone,service_delay,low,Customer raised a low concern regarding service delay.,resolved,2024-10-27,32.46,GHS,False,7
1030,CUS-FF38AE31E3,2,809,35746,,2023-09-18,website,staff,medium,Customer raised a medium concern regarding staff.,rejected,2023-09-24,288.61,GHS,False,6
1031,CUS-4472628391,2,15422,,,2024-12-07,email,delivery,medium,Customer raised a medium concern regarding delivery.,resolved,2024-12-15,691.29,GHS,False,8
1032,CUS-9521BB9447,8,270,9126,,2023-07-26,in_person,product,medium,Customer raised a medium concern regarding product.,resolved,2023-08-03,371.37,GHS,False,8
1033,CUS-B3A1B0C61F,2,8964,43739,,2024-08-10,phone,staff,high,Customer raised a high concern regarding staff.,resolved,2024-08-21,1414.85,GHS,False,11
1034,CUS-2455350F5C,4,17987,,,2025-04-06,phone,product,medium,Customer raised a medium concern regarding product.,resolved,2025-04-10,162.05,GHS,False,4
1035,CUS-591758C3C5,2,5288,,,2024-02-12,phone,staff,medium,Customer raised a medium concern regarding staff.,resolved,2024-02-20,730.46,GHS,False,8
1036,CUS-B1E4C16C37,12,19917,,,2025-06-11,phone,delivery,medium,Customer raised a medium concern regarding delivery.,resolved,2025-06-22,228.56,GHS,False,11
1037,CUS-B78758138E,2,4076,35448,,2025-02-06,email,service_delay,medium,Customer raised a medium concern regarding service delay.,resolved,2025-02-10,596.66,GHS,False,4
1038,CUS-DDE85D9F9E,6,335,30062,,2024-08-07,website,service_delay,medium,Customer raised a medium concern regarding service delay.,open,,349.06,GHS,False,
1039,CUS-2DAD1F4339,13,11962,6187,,2024-09-27,phone,product,medium,Customer raised a medium concern regarding product.,open,,111.01,GHS,False,
1040,CUS-FD22AA810D,3,5599,,,2024-11-19,phone,delivery,low,Customer raised a low concern regarding delivery.,resolved,2024-11-22,68.47,GHS,False,3
1041,CUS-CB65DCA47A,1,17098,18718,,2025-06-30,in_person,staff,medium,Customer raised a medium concern regarding staff.,resolved,2025-06-30,618.20,GHS,False,0
1042,CUS-3AA6035ECC,8,16493,850,,2025-02-27,website,service_delay,low,Customer raised a low concern regarding service delay.,resolved,2025-02-28,231.30,GHS,False,1
1043,CUS-3729931FEA,14,8460,31582,,2024-05-06,phone,product,medium,Customer raised a medium concern regarding product.,resolved,2024-05-12,171.46,GHS,False,6
1044,CUS-A3B744EC96,9,1751,38587,1528,2023-12-20,phone,warranty,medium,Customer raised a medium concern regarding warranty.,resolved,2023-12-28,308.97,GHS,False,8
1045,CUS-34415859BC,8,5106,29232,,2024-07-22,in_person,billing,high,Customer raised a high concern regarding billing.,resolved,2024-08-09,380.15,GHS,True,18
1046,CUS-270B9D5A56,13,12359,18540,,2025-06-30,phone,staff,high,Customer raised a high concern regarding staff.,rejected,2025-06-30,278.58,GHS,True,0
1047,CUS-AAE23CFF75,7,10535,31294,,2024-08-14,phone,service_delay,high,Customer raised a high concern regarding service delay.,resolved,2024-09-01,1108.57,GHS,True,18
1048,CUS-2613EDB844,5,2878,32379,,2023-08-30,email,staff,medium,Customer raised a medium concern regarding staff.,resolved,2023-09-05,1.82,GHS,False,6
1049,CUS-6EAB04FDCF,10,3971,18315,1848,2023-12-09,email,warranty,low,Customer raised a low concern regarding warranty.,resolved,2023-12-17,282.76,GHS,False,8
1050,CUS-F79EDA3857,5,7477,30100,,2024-03-05,phone,service_delay,medium,Customer raised a medium concern regarding service delay.,resolved,2024-03-13,115.69,GHS,False,8
1051,CUS-D71DAFBE0E,7,8147,,,2025-06-03,email,billing,medium,Customer raised a medium concern regarding billing.,rejected,2025-06-09,712.90,GHS,False,6
1052,CUS-65DF56F344,3,6361,19976,,2024-10-14,phone,billing,low,Customer raised a low concern regarding billing.,resolved,2024-10-22,263.98,GHS,False,8
1053,CUS-20E65E06AC,1,5550,6648,,2024-12-25,email,product,medium,Customer raised a medium concern regarding product.,resolved,2025-01-03,396.65,GHS,False,9
1054,CUS-75AB39FBEC,6,15594,2717,,2025-06-30,phone,product,medium,Customer raised a medium concern regarding product.,resolved,2025-06-30,711.60,GHS,False,0
1055,CUS-8EE9FC6DFE,2,7246,,,2024-05-26,in_person,product,high,Customer raised a high concern regarding product.,investigating,,1808.62,GHS,True,
1056,CUS-51612B6145,3,8799,25680,2803,2025-06-19,email,warranty,medium,Customer raised a medium concern regarding warranty.,investigating,,560.19,GHS,False,
1057,CUS-ACA364217E,4,7160,,,2023-12-12,email,staff,medium,Customer raised a medium concern regarding staff.,resolved,2023-12-17,590.89,GHS,False,5
1058,CUS-1791DA5A78,2,15495,,,2025-03-30,website,staff,low,Customer raised a low concern regarding staff.,resolved,2025-04-06,242.05,GHS,False,7
1059,CUS-5FEC145709,15,175,6348,,2025-04-07,website,service_delay,medium,Customer raised a medium concern regarding service delay.,resolved,2025-04-18,761.16,GHS,False,11
1060,CUS-6D2527B082,1,5566,,,2024-03-04,email,product,medium,Customer raised a medium concern regarding product.,resolved,2024-03-10,234.30,GHS,False,6
1061,CUS-F4FBAB96B9,3,4461,8939,1365,2024-07-08,phone,warranty,high,Customer raised a high concern regarding warranty.,resolved,2024-07-23,1432.78,GHS,True,15
1062,CUS-63545A1F3B,5,3605,27544,,2025-04-02,phone,service_delay,low,Customer raised a low concern regarding service delay.,rejected,2025-04-06,60.41,GHS,False,4
1063,CUS-D03AB51F71,1,12127,,,2024-07-16,in_person,staff,medium,Customer raised a medium concern regarding staff.,resolved,2024-07-26,713.44,GHS,False,10
1064,CUS-145F97A286,3,9841,,,2024-11-16,phone,delivery,medium,Customer raised a medium concern regarding delivery.,resolved,2024-11-27,58.42,GHS,False,11
1065,CUS-CB3F978B2A,3,5391,,,2023-10-21,email,product,low,Customer raised a low concern regarding product.,resolved,2023-10-26,99.08,GHS,False,5
1066,CUS-AB5C6B041D,13,19272,,,2025-05-26,email,product,low,Customer raised a low concern regarding product.,resolved,2025-05-29,211.52,GHS,False,3
1067,CUS-911B9F6AF6,14,908,14906,,2023-09-29,in_person,billing,high,Customer raised a high concern regarding billing.,resolved,2023-10-15,1987.48,GHS,True,16
1068,CUS-4F403E07EE,14,11095,23772,1707,2025-06-30,email,warranty,low,Customer raised a low concern regarding warranty.,resolved,2025-06-30,94.96,GHS,False,0
1069,CUS-7698856685,6,16458,,,2025-02-13,phone,product,low,Customer raised a low concern regarding product.,resolved,2025-02-14,33.62,GHS,False,1
1070,CUS-509E95606A,12,3334,20089,,2024-07-27,phone,service_delay,critical,Customer raised a critical concern regarding service delay.,resolved,2024-08-13,11.53,GHS,True,17
1071,CUS-47FB509AF4,8,9646,,,2024-03-30,email,product,high,Customer raised a high concern regarding product.,resolved,2024-04-13,1725.60,GHS,True,14
1072,CUS-B50B9C5FE4,2,4366,21998,,2024-09-01,in_person,service_delay,medium,Customer raised a medium concern regarding service delay.,open,,206.11,GHS,False,
1073,CUS-E2AFC71340,7,8758,,,2025-01-09,email,billing,medium,Customer raised a medium concern regarding billing.,resolved,2025-01-19,14.80,GHS,False,10
1074,CUS-88F973807F,11,832,40270,,2023-09-30,email,service_delay,high,Customer raised a high concern regarding service delay.,resolved,2023-10-11,1888.17,GHS,False,11
1075,CUS-3308678DC6,3,12580,35672,628,2025-06-30,phone,warranty,low,Customer raised a low concern regarding warranty.,resolved,2025-06-30,95.10,GHS,False,0
1076,CUS-3CA911A19B,6,13722,,,2024-09-30,in_person,billing,high,Customer raised a high concern regarding billing.,resolved,2024-10-18,1282.07,GHS,False,18
1077,CUS-1E5B9DA4E1,2,6779,,,2023-12-20,email,staff,medium,Customer raised a medium concern regarding staff.,resolved,2023-12-31,590.86,GHS,False,11
1078,CUS-CA1B1EB272,9,1539,30718,,2023-07-23,phone,product,medium,Customer raised a medium concern regarding product.,resolved,2023-08-02,104.37,GHS,False,10
1079,CUS-740CE8A106,3,1976,15000,,2024-09-07,website,product,medium,Customer raised a medium concern regarding product.,resolved,2024-09-12,164.00,GHS,False,5
1080,CUS-943C71841D,4,13834,,,2025-02-14,phone,delivery,high,Customer raised a high concern regarding delivery.,resolved,2025-03-01,1819.02,GHS,True,15
1081,CUS-BD85D6E49D,3,8471,24390,1661,2024-05-05,website,warranty,medium,Customer raised a medium concern regarding warranty.,resolved,2024-05-09,538.14,GHS,False,4
1082,CUS-04B9539F20,6,1278,42212,297,2025-06-12,email,warranty,medium,Customer raised a medium concern regarding warranty.,resolved,2025-06-21,202.67,GHS,False,9
1083,CUS-DDE85D9F9E,3,335,,,2024-07-25,email,staff,high,Customer raised a high concern regarding staff.,resolved,2024-08-07,1594.66,GHS,True,13
1084,CUS-BF272CF68E,3,961,14834,,2025-06-30,phone,product,medium,Customer raised a medium concern regarding product.,resolved,,458.48,GHS,False,0
1085,CUS-64C42DA660,8,254,,,2023-11-29,email,billing,low,Customer raised a low concern regarding billing.,open,,217.49,GHS,False,
1086,CUS-B5354F5EF9,2,8921,15991,1542,2025-02-12,email,warranty,medium,Customer raised a medium concern regarding warranty.,resolved,2025-02-20,531.43,GHS,False,8
1087,CUS-8ECD9604DF,6,8675,24441,821,2024-03-13,email,warranty,medium,Customer raised a medium concern regarding warranty.,resolved,2024-03-21,42.61,GHS,False,8
1088,CUS-5677B7399E,3,11553,30730,,2024-07-19,in_person,product,medium,Customer raised a medium concern regarding product.,resolved,2024-07-26,780.59,GHS,False,7
1089,CUS-8CFE80E8FB,2,3536,,,2024-12-04,email,product,low,Customer raised a low concern regarding product.,resolved,2024-12-11,318.94,GHS,False,7
1090,CUS-883F2F8F4C,15,11829,32861,,2024-12-29,phone,service_delay,medium,Customer raised a medium concern regarding service delay.,resolved,2025-01-05,561.67,GHS,False,7
1091,CUS-5D95E5A25C,5,11025,6562,,2024-10-17,email,service_delay,medium,Customer raised a medium concern regarding service delay.,resolved,2024-10-21,272.63,GHS,False,4
1092,CUS-3417844A61,7,12474,,,2024-08-03,in_person,delivery,medium,Customer raised a medium concern regarding delivery.,resolved,2024-08-13,230.97,GHS,False,10
1093,CUS-9C1C89E078,5,19722,,,2025-06-23,phone,billing,medium,Customer raised a medium concern regarding billing.,investigating,2025-06-20,420.52,GHS,False,
1094,CUS-3667D34579,7,9781,,,2025-01-06,phone,billing,high,Customer raised a high concern regarding billing.,investigating,,767.58,GHS,True,
1095,CUS-6490B1F244,15,10353,37637,,2024-08-31,email,billing,low,Customer raised a low concern regarding billing.,investigating,,248.88,GHS,False,
1096,CUS-B509C4ECF8,9,9218,9344,,2025-05-25,email,service_delay,critical,Customer raised a critical concern regarding service delay.,resolved,2025-06-10,1230.49,GHS,True,16
1097,CUS-D055DCB94A,14,4810,11677,,2023-12-06,phone,product,low,Customer raised a low concern regarding product.,resolved,2023-12-09,287.02,GHS,False,3
1098,CUS-5373B5E226,1,1207,34362,,2023-11-19,social,service_delay,medium,Customer raised a medium concern regarding service delay.,open,,168.11,GHS,False,
1099,CUS-DE5B39DE25,3,19411,,,2025-06-08,phone,product,medium,Customer raised a medium concern regarding product.,resolved,2025-06-19,321.02,GHS,False,11
1100,CUS-31BBC84E2B,3,6470,,,2024-07-12,website,product,medium,Customer raised a medium concern regarding product.,rejected,2024-07-20,745.74,GHS,False,8
1101,CUS-4DFD41A9A1,1,5680,,,2023-11-11,website,billing,medium,Customer raised a medium concern regarding billing.,rejected,2023-11-16,186.73,GHS,False,5
1102,CUS-6E520EE2B8,2,6317,24467,,2025-01-11,phone,service_delay,low,Customer raised a low concern regarding service delay.,resolved,2025-01-13,111.50,GHS,False,2
1103,CUS-7FCA7B62A7,8,5202,26727,,2024-03-28,email,billing,medium,Customer raised a medium concern regarding billing.,resolved,2024-04-07,254.51,GHS,False,10
1104,CUS-1DB99C40EE,2,2637,34591,,2025-06-30,phone,billing,critical,Customer raised a critical concern regarding billing.,investigating,,3581.45,GHS,False,
1105,CUS-3955C61725,11,5323,20099,,2024-05-09,phone,product,medium,Customer raised a medium concern regarding product.,resolved,2024-05-19,681.92,GHS,False,10
1106,CUS-9A04C76F26,9,10943,,,2025-01-16,website,billing,critical,Customer raised a critical concern regarding billing.,resolved,2025-02-05,692.56,GHS,True,20
1107,CUS-22468BC7DC,5,6837,,,2024-10-31,phone,delivery,medium,Customer raised a medium concern regarding delivery.,resolved,2024-11-08,643.78,GHS,False,8
1108,CUS-20DB39114A,2,11488,28310,,2025-01-01,phone,product,low,Customer raised a low concern regarding product.,resolved,2025-01-08,186.26,GHS,False,7
1109,CUS-20B9F5CBFA,15,12764,17234,1608,2025-06-30,phone,warranty,medium,Customer raised a medium concern regarding warranty.,open,,542.27,GHS,False,
1110,CUS-A5E482D36F,1,10394,,,2024-11-21,social,product,medium,Customer raised a medium concern regarding product.,investigating,,293.16,GHS,False,
1111,CUS-1003871FDA,1,15804,9683,,2025-06-30,website,Product,low,Customer raised a low concern regarding product.,resolved,2025-06-30,243.46,GHS,False,0
1112,CUS-FC472C3AE3,6,6444,,,2023-11-06,website,,medium,Customer raised a medium concern regarding delivery.,resolved,2023-11-11,193.22,GHS,False,5
1113,CUS-B8080EE2AF,2,3236,32875,,2024-10-06,social,service_delay,critical,Customer raised a critical concern regarding service delay.,resolved,2024-10-23,2835.62,GHS,True,17
1114,CUS-3CB1EC334C,3,13313,2277,,2025-03-13,phone,service_delay,low,Customer raised a low concern regarding service delay.,resolved,2025-03-21,184.90,GHS,False,8
1115,CUS-3602CC6F84,3,18538,,,2025-05-06,email,delivery,critical,Customer raised a critical concern regarding delivery.,resolved,2025-05-28,910.09,GHS,False,22
1116,CUS-B8DBDEA5A7,3,6448,43966,,2025-06-30,website,product,medium,Customer raised a medium concern regarding product.,resolved,2025-06-30,690.19,GHS,False,0
1117,CUS-6967971D63,3,1725,44504,,2024-01-08,in_person,staff,medium,Customer raised a medium concern regarding staff.,resolved,2024-01-17,19.76,GHS,False,9
1118,CUS-D15F56FB4C,3,15298,18852,,2025-06-30,phone,product,high,Customer raised a high concern regarding product.,resolved,2025-06-30,656.40,GHS,False,0
1119,CUS-8CEE059351,3,1924,29576,,2023-05-29,phone,staff,medium,Customer raised a medium concern regarding staff.,resolved,2023-06-05,542.36,GHS,False,7
1120,CUS-252E313F77,5,6347,,,2023-11-21,in_person,product,low,Customer raised a low concern regarding product.,resolved,2023-11-27,133.01,GHS,False,6
1121,CUS-EFD8025992,15,12338,20225,3022,2025-01-27,phone,warranty,low,Customer raised a low concern regarding warranty.,resolved,2025-02-02,9.31,GHS,False,6
1122,CUS-F5E8D3FB8E,5,8244,40752,,2025-03-15,email,product,medium,Customer raised a medium concern regarding product.,resolved,2025-03-21,569.71,GHS,False,6
1123,CUS-C8ACB3C5F6,2,8744,21434,,2024-12-21,email,billing,low,Customer raised a low concern regarding billing.,resolved,2024-12-29,151.14,GHS,False,8
1124,CUS-407D72DE97,1,11226,,,2024-06-25,phone,product,medium,Customer raised a medium concern regarding product.,resolved,2024-06-29,666.13,GHS,False,4
1125,CUS-D3554700DC,3,1521,20968,,2023-10-27,email,product,medium,Customer raised a medium concern regarding product.,resolved,2023-11-01,656.93,GHS,False,5
1126,CUS-C6949F897F,13,14080,43200,,2025-04-03,phone,service_delay,low,Customer raised a low concern regarding service delay.,resolved,2025-04-07,283.63,GHS,False,4
1127,CUS-ED0B328965,12,6278,45279,,2025-06-30,in_person,service_delay,high,Customer raised a high concern regarding service delay.,investigating,,588.74,GHS,True,
1128,CUS-7A4B7F17AE,1,2989,,,2024-09-15,phone,billing,high,Customer raised a high concern regarding billing.,resolved,2024-09-27,1949.86,GHS,False,12
1129,CUS-B2D4B24D7C,8,1036,,,2025-04-08,email,staff,medium,Customer raised a medium concern regarding staff.,resolved,2025-04-16,97.27,GHS,False,8
1130,CUS-F161FFED98,2,11422,44031,1205,2024-07-16,email,warranty,low,Customer raised a low concern regarding warranty.,resolved,2024-07-21,135.08,GHS,False,5
1131,CUS-4B859F5CA6,12,6083,33816,,2024-11-26,email,product,critical,Customer raised a critical concern regarding product.,resolved,2024-12-15,426.62,GHS,True,19
1132,CUS-BDE5AD7243,4,9383,,,2025-03-13,in_person,delivery,medium,Customer raised a medium concern regarding delivery.,resolved,2025-03-17,621.67,GHS,False,4
1133,CUS-57AD272285,5,4055,449,,2023-10-01,website,service_delay,low,Customer raised a low concern regarding service delay.,resolved,2023-10-04,6.46,GHS,False,3
1134,CUS-2C7DD5006A,6,11666,38623,,2025-06-30,website,service_delay,medium,Customer raised a medium concern regarding service delay.,investigating,,300.87,GHS,False,
1135,CUS-BC4E9EC4B1,8,12053,43380,,2025-04-01,social,product,high,Customer raised a high concern regarding product.,open,,1532.57,GHS,True,
1136,CUS-79266235B2,6,7935,17186,811,2024-02-05,phone,warranty,high,Customer raised a high concern regarding warranty.,investigating,,36.82,GHS,True,
1137,CUS-C48250B207,1,2280,,,2024-07-26,email,delivery,high,Customer raised a high concern regarding delivery.,resolved,2024-08-09,1952.13,GHS,True,14
1138,CUS-D2D22FF30D,9,17210,,,2025-05-07,in_person,delivery,low,Customer raised a low concern regarding delivery.,investigating,,220.74,GHS,False,
1139,CUS-518785BB68,9,8813,33865,,2024-08-01,phone,service_delay,medium,Customer raised a medium concern regarding service delay.,rejected,2024-08-08,218.99,GHS,False,7
1140,CUS-7DB832E893,6,9850,21956,2113,2025-06-30,in_person,warranty,high,Customer raised a high concern regarding warranty.,resolved,2025-06-30,1268.01,GHS,True,0
1141,CUS-11AC18F510,11,5428,,,2023-11-18,in_person,delivery,low,Customer raised a low concern regarding delivery.,investigating,,94.28,GHS,False,
1142,CUS-2F5B397565,11,18575,9963,3044,2025-06-30,phone,warranty,low,Customer raised a low concern regarding warranty.,resolved,2025-06-30,131.99,GHS,False,0
1143,CUS-55D5ABBFDA,7,5596,37129,,2023-12-10,email,service_delay,medium,Customer raised a medium concern regarding service delay.,rejected,2023-12-19,680.92,GHS,False,9
1144,CUS-68ADBD5DB7,9,15460,31354,,2025-06-30,email,billing,low,Customer raised a low concern regarding billing.,resolved,2025-06-30,274.51,GHS,False,0
1145,CUS-A0C7A40169,12,2822,973,,2025-06-30,social,product,medium,Customer raised a medium concern regarding product.,resolved,2025-06-30,376.70,GHS,False,0
1146,CUS-56D758C581,5,10385,18952,,2024-08-31,social,service_delay,medium,Customer raised a medium concern regarding service delay.,resolved,2024-09-11,774.75,GHS,False,11
1147,CUS-D7403059C3,2,5508,5089,,2025-03-29,social,service_delay,low,Customer raised a low concern regarding service delay.,resolved,2025-04-04,214.88,GHS,False,6
1148,CUS-14A75E7967,6,5416,,,2024-03-08,phone,product,medium,Customer raised a medium concern regarding product.,resolved,2024-03-13,118.61,GHS,False,5
1149,CUS-E7A7E27383,12,15127,,,2024-12-15,phone,billing,low,Customer raised a low concern regarding billing.,resolved,2024-12-20,163.20,GHS,False,5
1150,CUS-4693E12C1E,8,2552,,,2024-08-10,phone,product,low,Customer raised a low concern regarding product.,rejected,2024-08-18,263.84,GHS,False,8
1151,CUS-5DB0C359A0,8,1126,41740,,2024-02-27,phone,service_delay,medium,Customer raised a medium concern regarding service delay.,resolved,2024-03-08,395.76,GHS,False,10
1152,CUS-1AA7F087DD,5,7431,9041,,2025-02-01,in_person,staff,medium,Customer raised a medium concern regarding staff.,resolved,2025-02-10,361.19,GHS,False,9
1153,CUS-96A992C969,2,10909,,,2024-05-27,in_person,staff,medium,Customer raised a medium concern regarding staff.,investigating,,584.63,GHS,False,
1154,CUS-0BCC972E50,12,15078,,,2025-06-30,phone,billing,high,Customer raised a high concern regarding billing.,resolved,2025-06-30,1107.46,GHS,False,0
1155,CUS-2ACAB53374,4,18504,,,2025-04-16,email,billing,medium,Customer raised a medium concern regarding billing.,rejected,2025-04-24,533.56,GHS,False,8
1156,CUS-EFEB8FB540,1,13813,8232,,2024-12-05,phone,billing,low,Customer raised a low concern regarding billing.,resolved,2024-12-06,178.55,GHS,False,1
1157,CUS-B62587DA9B,3,2580,23011,,2024-09-23,website,staff,medium,Customer raised a medium concern regarding staff.,investigating,,163.54,GHS,False,
1158,CUS-CA2E7BD684,3,4153,,,2025-05-09,website,billing,high,Customer raised a high concern regarding billing.,resolved,2025-05-21,1996.55,GHS,True,12
1159,CUS-ECA81F1AD6,1,8874,18621,1067,2024-07-29,email,warranty,low,Customer raised a low concern regarding warranty.,resolved,2024-08-04,161.56,GHS,False,6
1160,CUS-5D7D6FEADE,8,1935,,,2023-08-01,phone,delivery,high,Customer raised a high concern regarding delivery.,resolved,2023-08-15,1054.93,GHS,False,14
1161,CUS-0C0D309EE4,5,95,,,2023-02-03,email,delivery,high,Customer raised a high concern regarding delivery.,resolved,2023-02-18,1841.85,GHS,False,15
1162,CUS-A8A827FDCC,3,12731,,,2024-09-13,phone,product,medium,Customer raised a medium concern regarding product.,resolved,2024-09-23,645.77,GHS,False,10
1163,CUS-A1FCEC857C,12,45,,,2023-09-29,phone,billing,high,Customer raised a high concern regarding billing.,rejected,2023-10-13,314.86,GHS,True,14
1164,CUS-7FF4AAF469,2,14603,,,2024-11-08,phone,product,high,Customer raised a high concern regarding product.,resolved,2024-11-25,1165.78,GHS,False,17
1165,CUS-299738B2A4,2,11318,,,2024-06-05,in_person,billing,low,Customer raised a low concern regarding billing.,rejected,2024-06-07,241.08,GHS,False,2
1166,CUS-9AB016840F,1,368,,,2023-04-20,email,product,low,Customer raised a low concern regarding product.,resolved,2023-04-23,93.87,GHS,False,3
1167,CUS-4B5C10040F,1,4733,3073,,2023-12-13,in_person,product,high,Customer raised a high concern regarding product.,resolved,2023-12-26,698.10,GHS,True,13
1168,CUS-77391ECA0C,6,6950,17436,,2024-06-17,in_person,product,medium,Customer raised a medium concern regarding product.,open,,489.21,GHS,False,
1169,CUS-0EE7132749,3,2920,20391,,2024-03-25,in_person,billing,high,Customer raised a high concern regarding billing.,resolved,2024-04-06,1723.50,GHS,False,12
1170,CUS-FF8DA32262,13,6940,14883,,2025-06-30,phone,Product,critical,Customer raised a critical concern regarding product.,resolved,2025-06-30,685.46,GHS,True,0
1171,CUS-DE84CD9237,7,11482,10832,,2024-07-26,phone,billing,medium,Customer raised a medium concern regarding billing.,resolved,2024-08-05,158.06,GHS,False,10
1172,CUS-D56832E38A,7,16974,,,2025-03-06,phone,billing,medium,Customer raised a medium concern regarding billing.,resolved,2025-03-17,753.98,GHS,False,11
1173,CUS-F5C7E1EA8C,1,17509,,,2025-03-11,email,billing,critical,Customer raised a critical concern regarding billing.,resolved,2025-03-29,3265.63,GHS,True,18
1174,CUS-0F829EFF0E,8,18350,,,2025-04-30,email,delivery,high,Customer raised a high concern regarding delivery.,resolved,2025-05-18,1121.36,GHS,True,18
1175,CUS-525885C701,9,4918,,,2025-03-20,phone,product,medium,Customer raised a medium concern regarding product.,resolved,2025-03-26,779.65,GHS,False,6
1176,CUS-FAF31C43B3,2,9298,,,2024-03-16,email,delivery,low,Customer raised a low concern regarding delivery.,resolved,2024-03-23,249.38,GHS,False,7
1177,CUS-E4228D2871,4,7074,,,2024-09-11,email,delivery,low,Customer raised a low concern regarding delivery.,resolved,2024-09-15,307.23,GHS,False,4
1178,CUS-4298BD1DF7,3,2196,22772,2578,2023-08-11,email,warranty ,low,Customer raised a low concern regarding warranty.,resolved,2023-08-13,31.11,GHS,False,2
1179,CUS-F4FB171349,5,9312,29491,,2024-04-01,phone,product,low,Customer raised a low concern regarding product.,resolved,2024-04-06,201.21,GHS,False,5
1180,CUS-444180F806,2,20014,,,2025-06-30,email,delivery,medium,Customer raised a medium concern regarding delivery.,investigating,,617.36,GHS,False,
1181,CUS-A11647AE01,3,18079,,,2025-04-13,website,delivery,low,Customer raised a low concern regarding delivery.,resolved,2025-04-19,106.65,GHS,False,6
1182,CUS-41AEFFF2D2,6,8116,10162,,2024-04-22,social,ser,medium,Customer raised a medium concern regarding service delay.,resolved,2024-04-27,358.96,GHS,False,5
1183,CUS-A3A2B988E8,3,17592,,,2025-03-19,in_person,billing,low,Customer raised a low concern regarding billing.,resolved,2025-03-25,15.65,GHS,False,6
1184,CUS-7EB69C6CBB,5,8772,23748,,2025-02-05,email,billing,low,Customer raised a low concern regarding billing.,resolved,2025-02-10,169.61,GHS,False,5
1185,CUS-B188C9DD77,1,3853,,,2024-02-23,website,delivery,medium,Customer raised a medium concern regarding delivery.,resolved,2024-02-28,188.19,GHS,False,5
1186,CUS-A055F873EA,10,6342,,,2024-01-19,phone,billing,medium,Customer raised a medium concern regarding billing.,investigating,,400.49,GHS,False,
1187,CUS-09A047BF7D,2,6836,45436,,2025-05-15,website,staff,medium,Customer raised a medium concern regarding staff.,resolved,2025-05-20,135.15,GHS,False,5
1188,CUS-F9C86C9FDE,1,11094,,,2024-06-05,email,delivery,medium,Customer raised a medium concern regarding delivery.,resolved,2024-06-15,119.64,GHS,False,10
1189,CUS-00C5E5FD8D,7,13031,,,2024-09-10,phone,product,medium,Customer raised a medium concern regarding product.,resolved,2024-09-15,161.26,GHS,False,5
1190,CUS-9643BCF78F,6,9280,,,2024-03-17,phone,delivery,low,Customer raised a low concern regarding delivery.,resolved,2024-03-21,245.74,GHS,False,4
1191,CUS-79AFE37C5B,9,14456,,,2024-11-01,phone,product,high,Customer raised a high concern regarding product.,resolved,2024-11-16,149.91,GHS,True,15
1192,CUS-22468BC7DC,8,10433,8410,,2024-06-08,website,service_delay,low,Customer raised a low concern regarding service delay.,resolved,2024-06-16,84.83,GHS,False,8
1193,CUS-DB9DE8AE3A,5,3995,,,2023-09-04,email,delivery,high,Customer raised a high concern regarding delivery.,resolved,2023-09-20,499.83,GHS,True,16
1194,CUS-E6FFD08919,4,2154,22153,,2024-01-30,in_person,billing,medium,Customer raised a medium concern regarding billing.,resolved,2024-02-03,444.21,GHS,False,4
1195,CUS-E674F6ADA1,8,11186,,,2024-06-13,phone,delivery,medium,Customer raised a medium concern regarding delivery.,resolved,2024-06-21,710.44,GHS,False,8
1196,CUS-A9CD5FD302,8,668,3676,,2023-07-07,phone,product,medium,Customer raised a medium concern regarding product.,resolved,2023-07-12,666.49,GHS,False,5
1197,CUS-BDDBDB5F00,9,243,11422,,2023-12-27,email,product,medium,Customer raised a medium concern regarding product.,resolved,2024-01-06,723.92,GHS,False,10
1198,CUS-A94E5C7B40,2,20280,,,2025-06-30,social,product,low,Customer raised a low concern regarding product.,resolved,2025-06-30,313.35,GHS,False,0
1199,CUS-C48250B207,4,5730,,,2024-08-25,email,delivery,medium,Customer raised a medium concern regarding delivery.,resolved,2024-09-04,39.07,GHS,False,10
1200,CUS-60CC5776C8,15,1029,44559,1844,2024-06-25,in_person,warranty,critical,Customer raised a critical concern regarding warranty.,rejected,2024-07-11,3390.80,GHS,True,16
1201,CUS-FA5D52D8A7,1,11671,11547,,2025-04-15,email,billing,critical,Customer raised a critical concern regarding billing.,resolved,2025-04-30,1591.70,GHS,True,15
1202,CUS-A53CD9B294,9,14476,,,2024-11-22,email,staff,low,Customer raised a low concern regarding staff.,resolved,2024-11-26,274.12,GHS,False,4
1203,CUS-E648B86143,5,15799,30853,,2025-06-30,social,service_delay,medium,Customer raised a medium concern regarding service delay.,resolved,2025-06-30,639.75,GHS,False,0
1204,CUS-26716F0405,10,13035,46594,,2025-06-30,phone,service_delay,low,Customer raised a low concern regarding service delay.,investigating,,290.09,GHS,False,
1205,CUS-54F0BFCB96,2,11840,23161,,2024-09-30,website,billing,medium,Customer raised a medium concern regarding billing.,resolved,2024-10-05,633.93,GHS,False,5
1206,CUS-8F58C2173B,15,3571,15540,,2024-01-20,email,product,low,Customer raised a low concern regarding product.,resolved,2024-01-23,180.57,GHS,False,3
1207,CUS-034F013C34,2,5114,,,2023-09-24,phone,staff,low,Customer raised a low concern regarding staff.,investigating,,23.98,GHS,False,
1208,CUS-3BBB356CE8,4,6854,,,2024-03-08,website,staff,high,Customer raised a high concern regarding staff.,resolved,2024-03-23,1840.44,GHS,False,15
1209,CUS-7714102201,13,10579,,,2024-09-20,email,delivery,low,Customer raised a low concern regarding delivery.,resolved,2024-09-25,107.19,GHS,False,5
1210,CUS-FB72E59FFA,9,12036,39294,,2025-06-09,website,product,medium,Customer raised a medium concern regarding product.,resolved,2025-06-19,551.36,GHS,False,10
1211,CUS-9C2043B899,11,17471,,,2025-04-30,phone,delivery,low,Customer raised a low concern regarding delivery.,open,,174.42,GHS,False,
1212,CUS-7395CE9488,2,16612,3141,,2025-06-30,phone,pro,high,Customer raised a high concern regarding product.,resolved,2025-06-30,1055.63,GHS,False,0
1213,CUS-3465B48C93,4,14100,22634,1138,2025-04-29,phone,warranty,medium,Customer raised a medium concern regarding warranty.,resolved,2025-05-09,606.05,GHS,False,10
1214,CUS-D8D614BCEC,5,2493,,,2024-05-19,email,product,low,Customer raised a low concern regarding product.,resolved,2024-05-25,199.85,GHS,False,6
1215,CUS-089B56DB2D,11,6082,9508,,2024-12-18,phone,product,high,Customer raised a high concern regarding product.,resolved,2025-01-04,180.08,GHS,True,17
1216,CUS-EB1DB6A91B,9,4821,,,2025-03-11,phone,product,medium,Customer raised a medium concern regarding product.,resolved,2025-03-18,461.87,GHS,False,7
1217,CUS-481F8DCF00,1,5738,20697,,2024-01-10,in_person,billing,medium,Customer raised a medium concern regarding billing.,resolved,2024-01-18,501.11,GHS,False,8
1218,CUS-B1BDBAEBC9,3,464,26851,9007,2023-07-17,phone,warranty,medium,Customer raised a medium concern regarding warranty.,rejected,2023-07-24,516.96,GHS,False,7
1219,CUS-9CA422AD07,2,13917,,,2024-10-10,phone,billing,high,Customer raised a high concern regarding billing.,resolved,2024-10-25,920.76,GHS,False,15
1220,CUS-46D61FE7A5,12,4173,861,,2023-08-31,website,service_delay,medium,Customer raised a medium concern regarding service delay.,resolved,2023-09-04,587.95,GHS,False,4
1221,CUS-8CFE80E8FB,2,3536,,,2024-12-16,email,delivery,low,Customer raised a low concern regarding delivery.,resolved,2024-12-19,311.16,GHS,False,3
1222,CUS-939D0D718B,10,11649,,,2024-07-14,website,billing,low,Customer raised a low concern regarding billing.,resolved,2024-07-15,137.55,GHS,False,1
1223,CUS-EDA01EAE5B,3,6275,17672,2218,2024-08-07,phone,warranty,medium,Customer raised a medium concern regarding warranty.,rejected,2024-08-13,62.92,GHS,False,6
1224,CUS-1747CF7EBA,15,1019,23891,,2023-08-03,website,billing,high,Customer raised a high concern regarding billing.,resolved,2023-08-20,531.37,GHS,False,17
1225,CUS-3961444FA8,6,9790,25390,,2024-12-09,email,product,critical,Customer raised a critical concern regarding product.,resolved,2024-12-28,3447.96,GHS,False,19
1226,CUS-63AC818025,2,14306,,,2024-11-19,email,staff,medium,Customer raised a medium concern regarding staff.,open,,145.45,GHS,False,
1227,CUS-68AF21C94F,6,15984,,,2025-01-15,phone,billing,low,Customer raised a low concern regarding billing.,resolved,2025-01-19,46.93,GHS,False,4
1228,CUS-76832CDB55,5,10238,45052,,2024-07-21,in_person,product,low,Customer raised a low concern regarding product.,resolved,2024-07-23,231.72,GHS,False,2
1229,CUS-DBFE4A64B0,3,3512,13406,2745,2025-06-21,in_person,warranty,medium,Customer raised a medium concern regarding warranty.,resolved,2025-06-29,292.15,GHS,False,8
1230,CUS-5FB882DEF4,1,5370,38143,,2024-01-09,email,product,low,Customer raised a low concern regarding product.,open,,179.55,GHS,False,
1231,CUS-08DD1FD647,5,13344,,,2024-09-26,phone,billing,medium,Customer raised a medium concern regarding billing.,resolved,2024-10-01,792.95,GHS,False,5
1232,CUS-DC7460B46A,7,13222,,,2024-09-25,phone,billing,medium,Customer raised a medium concern regarding billing.,rejected,2024-10-02,276.51,GHS,False,7
1233,CUS-5C28AB1C04,11,14136,32040,9007,2024-11-14,email,warranty,low,Customer raised a low concern regarding warranty.,resolved,2024-11-16,273.85,GHS,False,2
1234,CUS-178A889844,2,17239,,,2025-03-18,phone,billing,medium,Customer raised a medium concern regarding billing.,resolved,2025-03-24,740.22,GHS,False,6
1235,CUS-FF38AE31E3,12,809,21432,,2024-01-02,phone,billing,medium,Customer raised a medium concern regarding billing.,investigating,,384.07,GHS,False,
1236,CUS-1919462694,7,7448,46817,,2024-10-03,email,product,medium,Customer raised a medium concern regarding product.,rejected,2024-10-13,742.72,GHS,False,10
1237,CUS-046E3D1459,4,3308,38380,,2023-11-20,in_person,service_delay,critical,Customer raised a critical concern regarding service delay.,resolved,2023-12-12,2051.02,GHS,True,22
1238,CUS-4F0763B39C,3,18715,,,2025-06-30,phone,delivery,medium,Customer raised a medium concern regarding delivery.,investigating,,39.71,GHS,False,
1239,CUS-6CAB1E0680,3,6414,38720,295,2025-06-30,phone,warranty,medium,Customer raised a medium concern regarding warranty.,investigating,,53.05,GHS,False,
1240,CUS-08B2291B35,5,8600,22354,,2024-03-28,phone,service_delay,low,Customer raised a low concern regarding service delay.,resolved,2024-04-04,188.53,GHS,False,7
1241,CUS-33EAF00C2C,2,3773,39025,,2025-05-06,email,billing,medium,Customer raised a medium concern regarding billing.,resolved,2025-05-11,566.10,GHS,False,5
1242,CUS-66D72A104F,8,7818,2476,,2024-08-30,phone,billing,high,Customer raised a high concern regarding billing.,resolved,2024-09-14,333.01,GHS,False,15
1243,CUS-DC0BB9CC1E,11,3658,,,2023-09-28,website,product,high,Customer raised a high concern regarding product.,resolved,2023-10-14,1327.60,GHS,True,16
1244,CUS-A94E5C7B40,1,13182,,,2024-09-18,email,staff,medium,Customer raised a medium concern regarding staff.,rejected,2024-09-28,471.60,GHS,False,10
1245,CUS-DFFDD88AA4,1,17180,,,2025-06-04,social,billing,medium,Customer raised a medium concern regarding billing.,resolved,2025-06-08,445.02,GHS,False,4
1246,CUS-D134E81EEE,4,9969,,,2024-04-28,email,delivery,medium,Customer raised a medium concern regarding delivery.,resolved,2024-05-07,353.83,GHS,False,9
1247,CUS-1D18BD312E,6,11531,10789,,2024-07-25,phone,service_delay,medium,Customer raised a medium concern regarding service delay.,resolved,2024-08-05,298.25,GHS,False,11
1248,CUS-34FEB85BA9,10,10378,,,2024-08-07,email,staff,medium,Customer raised a medium concern regarding staff.,open,,495.93,GHS,False,
1249,CUS-7D0CE6D317,4,6869,33761,,2024-06-23,phone,service_delay,medium,Customer raised a medium concern regarding service delay.,resolved,2024-06-28,545.54,GHS,False,5
1250,CUS-5C8319306B,5,10131,23119,,2024-07-01,phone,service_delay,high,Customer raised a high concern regarding service delay.,resolved,2024-07-18,470.04,GHS,True,17
1251,CUS-0A4F1F7552,4,3452,28961,,2023-08-24,phone,billing,high,Customer raised a high concern regarding billing.,resolved,2023-09-09,1350.64,GHS,True,16
1252,CUS-38F64FF0FA,14,6360,16661,,2025-05-19,phone,service_delay,high,Customer raised a high concern regarding service delay.,resolved,2025-06-01,359.74,GHS,True,13
1253,CUS-F16C6EEA8D,3,1596,,,2023-04-23,in_person,delivery,medium,Customer raised a medium concern regarding delivery.,resolved,2023-04-30,223.47,GHS,False,7
1254,CUS-52A3E5E7A2,8,16661,4747,,2025-06-30,social,billing,medium,Customer raised a medium concern regarding billing.,investigating,,523.25,GHS,False,
1255,CUS-50288574FD,13,10271,45824,1544,2024-05-19,in_person,warranty,high,Customer raised a high concern regarding warranty.,resolved,2024-06-02,769.46,GHS,True,14
1256,CUS-29E349938E,13,11205,,,2024-06-13,in_person,delivery,medium,Customer raised a medium concern regarding delivery.,rejected,2024-06-21,406.48,GHS,False,8
1257,CUS-601B40999A,15,17444,41293,2396,2025-06-30,phone,warranty,low,Customer raised a low concern regarding warranty.,open,,127.54,GHS,False,
1258,CUS-36C22A962A,6,1504,42723,,2024-08-10,phone,staff,high,Customer raised a high concern regarding staff.,open,,1809.90,GHS,False,
1259,CUS-99D3DC274A,9,4433,,,2023-08-09,email,product,critical,Customer raised a critical concern regarding product.,resolved,2023-08-25,3990.42,GHS,True,16
1260,CUS-676BB2F843,9,16246,45094,,2025-02-16,email,product,medium,Customer raised a medium concern regarding product.,resolved,2025-02-20,527.80,GHS,False,4
1261,CUS-157E3183FE,2,16469,29034,,2025-06-30,in_person,billing,medium,Customer raised a medium concern regarding billing.,investigating,,146.20,GHS,False,
1262,CUS-4242E23404,5,8987,12003,,2025-01-25,website,service_delay,medium,Customer raised a medium concern regarding service delay.,resolved,2025-01-31,250.26,GHS,False,6
1263,CUS-A7F517AF5B,1,4934,18894,2704,2025-06-30,phone,warranty,medium,Customer raised a medium concern regarding warranty.,resolved,2025-06-30,8.84,GHS,False,0
1264,CUS-A47154D09F,8,16774,34396,2101,2025-06-30,website,warranty,medium,Customer raised a medium concern regarding warranty.,resolved,2025-06-30,469.11,GHS,False,0
1265,CUS-BDCF393543,12,3606,46113,,2025-06-30,email,service_delay,low,Customer raised a low concern regarding service delay.,resolved,2025-06-30,243.72,GHS,False,0
1266,CUS-669A9B263C,7,6901,,,2024-04-29,phone,billing,low,Customer raised a low concern regarding billing.,resolved,2024-05-04,148.78,GHS,False,5
1267,CUS-BF5E58D4AD,2,6959,21027,,2023-12-24,website,staff,medium,Customer raised a medium concern regarding staff.,resolved,2023-12-30,447.56,GHS,False,6
1268,CUS-3AC1089E9E,5,1400,42041,2057,2025-04-16,phone,warranty,medium,Customer raised a medium concern regarding warranty.,resolved,2025-04-24,277.63,GHS,False,8
1269,CUS-A9AE640ED1,1,7612,,,2024-03-28,phone,product,low,Customer raised a low concern regarding product.,resolved,2024-03-29,95.94,GHS,False,1
1270,CUS-CA23F33B44,2,18129,,,2025-04-03,phone,delivery,low,Customer raised a low concern regarding delivery.,open,2025-03-31,298.90,GHS,False,
1271,CUS-A76B51E430,3,1311,2948,,2025-06-30,website,product,critical,Customer raised a critical concern regarding product.,open,,1086.78,GHS,False,
1272,CUS-38740EC437,2,2392,12945,96,2024-10-11,website,warranty,medium,Customer raised a medium concern regarding warranty.,investigating,,99.57,GHS,False,
1273,CUS-712644E1DF,2,2543,31220,,2023-05-27,phone,service_delay,medium,Customer raised a medium concern regarding service delay.,resolved,2023-05-31,213.36,GHS,False,4
1274,CUS-06DBAA466D,3,10815,2114,,2024-07-08,website,product,low,Customer raised a low concern regarding product.,investigating,,268.54,GHS,False,
1275,CUS-998CCE1CC7,7,3253,38141,,2023-10-24,in_person,service_delay,low,Customer raised a low concern regarding service delay.,resolved,2023-10-26,119.56,GHS,False,2
1276,CUS-9878416151,4,70,19723,,2024-01-06,in_person,service_delay,medium,Customer raised a medium concern regarding service delay.,resolved,,415.04,GHS,False,6
1277,CUS-07D63AA19A,8,6923,,,2023-12-22,phone,delivery,low,Customer raised a low concern regarding delivery.,rejected,2023-12-26,112.78,GHS,False,4
1278,CUS-F4ED4A880F,6,6457,20174,2784,2024-02-22,phone,warranty,low,Customer raised a low concern regarding warranty.,resolved,2024-02-23,223.02,GHS,False,1
1279,CUS-156EC3EF81,4,4199,,,2025-06-30,website,billing,low,Customer raised a low concern regarding billing.,resolved,2025-06-30,310.02,GHS,False,0
1280,CUS-367E01DD18,3,12203,,,2025-05-16,email,product,medium,Customer raised a medium concern regarding product.,resolved,2025-05-24,692.59,GHS,False,8
1281,CUS-6CD384E8F0,10,15624,20406,2828,2025-03-08,website,warranty,medium,Customer raised a medium concern regarding warranty.,resolved,2025-03-14,241.38,GHS,False,6
1282,CUS-57320FEC38,9,7788,25825,,2024-12-25,phone,service_delay,medium,Customer raised a medium concern regarding service delay.,resolved,2024-12-31,520.50,GHS,False,6
1283,CUS-92EF1DA201,2,10953,1406,,2024-10-29,phone,service_delay,medium,Customer raised a medium concern regarding service delay.,open,,426.31,GHS,False,
1284,CUS-8508E54B28,9,10766,,,2024-05-27,website,product,critical,Customer raised a critical concern regarding product.,resolved,2024-06-16,1662.48,GHS,False,20
1285,CUS-BB2EB910A7,1,15341,10597,234,2025-04-05,phone,warranty,low,Customer raised a low concern regarding warranty.,open,,224.68,GHS,False,
1286,CUS-8538201DA5,7,15051,,,2024-11-30,phone,billing,medium,Customer raised a medium concern regarding billing.,resolved,2024-12-10,415.84,GHS,False,10
1287,CUS-2DB07EBB27,4,2447,30209,,2024-10-03,phone,billing,high,Customer raised a high concern regarding billing.,resolved,2024-10-16,1405.37,GHS,False,13
1288,CUS-3756237219,10,6005,20713,,2024-10-24,phone,product,low,Customer raised a low concern regarding product.,resolved,2024-10-27,271.68,GHS,False,3
1289,CUS-60D6FEF5D8,3,7782,,,2024-07-12,phone,billing,low,Customer raised a low concern regarding billing.,resolved,2024-07-15,72.50,GHS,False,3
1290,CUS-1ED88016CA,12,19,11479,,2025-03-11,email,product,medium,Customer raised a medium concern regarding product.,resolved,2025-03-18,183.14,GHS,False,7
1291,CUS-2C89CB97C2,2,3358,9224,,2023-12-06,website,service_delay,critical,Customer raised a critical concern regarding service delay.,resolved,2023-12-26,2582.74,GHS,True,20
1292,CUS-AFD85ADE02,14,15558,46194,,2025-06-30,phone,product,high,Customer raised a high concern regarding product.,resolved,2025-06-30,1844.89,GHS,True,0
1293,CUS-D9C92540E4,15,12584,871,2765,2025-05-20,in_person,warranty,medium,Customer raised a medium concern regarding warranty.,open,,552.14,GHS,False,
1294,CUS-EB9C2F7B27,1,1940,39509,,2025-06-30,email,product,medium,Customer raised a medium concern regarding product.,resolved,2025-06-30,301.72,GHS,False,0
1295,CUS-7173966A06,1,12143,,,2024-07-16,website,delivery,medium,Customer raised a medium concern regarding delivery.,resolved,2024-07-23,281.60,GHS,False,7
1296,CUS-0A131EB967,12,5342,,,2023-10-20,phone,billing,low,Customer raised a low concern regarding billing.,investigating,2023-10-17,20.89,GHS,False,
1297,CUS-8E51910B80,7,12552,,,2024-12-30,website,staff,high,Customer raised a high concern regarding staff.,resolved,2025-01-16,1615.10,GHS,True,17
1298,CUS-8CDE8AAC6F,3,7937,4426,,2024-02-26,in_person,product,low,Customer raised a low concern regarding product.,resolved,2024-02-28,150.36,GHS,False,2
1299,CUS-1E3D4A294D,11,16637,,,2025-04-30,in_person,product,medium,Customer raised a medium concern regarding product.,resolved,2025-05-04,177.50,GHS,False,4
1300,CUS-EF1033C77D,4,11648,,,2024-06-20,email,product,high,Customer raised a high concern regarding product.,resolved,2024-07-04,4.41,GHS,True,14
1301,CUS-656B508E98,13,16608,45710,,2025-06-30,website,product,high,Customer raised a high concern regarding product.,resolved,2025-06-30,791.13,GHS,True,0
1302,CUS-90C106A143,4,10189,18062,,2025-06-30,phone,service_delay,medium,Customer raised a medium concern regarding service delay.,resolved,2025-06-30,479.68,GHS,False,0
1303,CUS-427CF4AEC1,4,10264,,,2024-05-10,in_person,product,medium,Customer raised a medium concern regarding product.,resolved,2024-05-20,651.07,GHS,False,10
1304,CUS-316AE33C89,4,5038,31188,,2024-11-05,in_person,service_delay,high,Customer raised a high concern regarding service delay.,open,,1327.85,GHS,True,
1305,CUS-D943A14150,1,16278,42188,1014,2025-04-23,phone,warranty,low,Customer raised a low concern regarding warranty.,rejected,2025-05-01,298.92,GHS,False,8
1306,CUS-345CD5482A,5,1819,,,2023-04-14,in_person,delivery,medium,Customer raised a medium concern regarding delivery.,resolved,2023-04-20,741.04,GHS,False,6
1307,CUS-EF3E660E1E,11,13301,20356,,2025-06-30,phone,billing,medium,Customer raised a medium concern regarding billing.,open,,300.26,GHS,False,
1308,CUS-4BAC6B5A7E,1,19047,13792,,2025-06-30,email,service_delay,low,Customer raised a low concern regarding service delay.,resolved,2025-06-30,146.85,GHS,False,0
1309,CUS-FF4C446ED1,6,6194,,,2023-11-28,phone,product,low,Customer raised a low concern regarding product.,rejected,2023-12-05,314.09,GHS,False,7
1310,CUS-F7EEF9ACEF,6,4431,,,2024-08-31,in_person,product,medium,Customer raised a medium concern regarding product.,resolved,2024-09-08,732.43,GHS,False,8
1311,CUS-EFD8025992,15,12338,20225,3022,2025-02-08,website,warranty,low,Customer raised a low concern regarding warranty.,resolved,2025-02-15,299.82,GHS,False,7
1312,CUS-57986E27A3,2,19891,,,2025-06-04,phone,staff,medium,Customer raised a medium concern regarding staff.,resolved,2025-06-13,584.83,GHS,False,9
1313,CUS-D93F066E8C,8,13362,7100,,2025-06-30,phone,billing,medium,Customer raised a medium concern regarding billing.,open,,462.70,GHS,False,
1314,CUS-BFA149365D,1,15928,,,2025-01-01,in_person,product,high,Customer raised a high concern regarding product.,resolved,2025-01-12,795.43,GHS,True,11
1315,CUS-16AF83F032,3,2443,9393,1326,2023-06-21,in_person,warranty,low,Customer raised a low concern regarding warranty.,resolved,2023-06-27,125.04,GHS,False,6
1316,CUS-4EF0524A34,1,19146,,,2025-05-10,phone,product,low,Customer raised a low concern regarding product.,resolved,2025-05-16,99.16,GHS,False,6
1317,CUS-DDD51E3EC9,11,12929,20487,,2025-06-30,website,product,low,Customer raised a low concern regarding product.,resolved,2025-06-30,141.01,GHS,False,0
1318,CUS-54FF7B98DB,2,814,8980,2959,2025-06-11,website,warranty,low,Customer raised a low concern regarding warranty.,resolved,2025-06-13,265.74,GHS,False,2
1319,CUS-F2ABCA3447,5,18911,10519,,2025-06-30,website,service_delay,low,Customer raised a low concern regarding service delay.,resolved,2025-06-30,115.99,GHS,False,0
1320,CUS-EF461DF6D7,2,19426,,,2025-05-28,website,staff,low,Customer raised a low concern regarding staff.,resolved,2025-05-31,207.13,GHS,False,3
1321,CUS-5D79469B92,1,17177,,,2025-03-07,phone,delivery,low,Customer raised a low concern regarding delivery.,resolved,2025-03-13,36.17,GHS,False,6
1322,CUS-D8375C6A7C,11,13590,,,2025-01-28,phone,delivery,low,Customer raised a low concern regarding delivery.,resolved,2025-01-29,149.51,GHS,False,1
1323,CUS-A330766F45,9,3682,1730,,2025-03-21,phone,staff,low,Customer raised a low concern regarding staff.,resolved,2025-03-28,246.48,GHS,False,7
1324,CUS-47BEE740BA,4,8847,,,2024-05-28,website,staff,medium,Customer raised a medium concern regarding staff.,resolved,2024-06-02,555.90,GHS,False,5
1325,CUS-1348DBADD0,5,4416,14658,,2023-09-18,phone,service_delay,critical,Customer raised a critical concern regarding service delay.,resolved,2023-10-04,343.17,GHS,False,16
1326,CUS-0AE98142DA,1,19284,,,2025-06-26,phone,billing,medium,Customer raised a medium concern regarding billing.,resolved,2025-06-30,628.47,GHS,False,4
1327,CUS-0EE238324F,1,13605,35437,2053,2025-06-30,website,warranty,low,Customer raised a low concern regarding warranty.,resolved,2025-06-30,128.61,GHS,False,0
1328,CUS-4F8286EDBC,6,9296,36746,963,2025-05-27,email,warranty,medium,Customer raised a medium concern regarding warranty.,resolved,2025-06-03,303.19,GHS,False,7
1329,CUS-1710ACAD71,3,9833,,,2024-04-18,phone,billing,medium,Customer raised a medium concern regarding billing.,rejected,2024-04-25,277.08,GHS,False,7
1330,CUS-007C3F08B5,11,17256,28968,,2025-03-15,phone,service_delay,medium,Customer raised a medium concern regarding service delay.,resolved,2025-03-26,684.16,GHS,False,11
1331,CUS-84B0445571,8,1249,,,2024-09-21,email,delivery,high,Customer raised a high concern regarding delivery.,resolved,2024-10-03,1583.85,GHS,True,12
1332,CUS-1446BFEA7F,2,1039,30915,2246,2024-06-01,email,warranty,high,Customer raised a high concern regarding warranty.,resolved,2024-06-14,1851.86,GHS,True,13
1333,CUS-147FAB0141,8,9892,42763,,2025-06-30,social,product,high,Customer raised a high concern regarding product.,resolved,2025-06-30,1650.46,GHS,True,0
1334,CUS-5AA3B689B8,7,14209,42112,,2024-12-01,phone,product,medium,Customer raised a medium concern regarding product.,open,,505.87,GHS,False,
1335,CUS-E49C3F2AA6,5,11086,,,2024-09-02,social,delivery,low,Customer raised a low concern regarding delivery.,resolved,2024-09-09,54.64,GHS,False,7
1336,CUS-CC8FE10475,15,12265,46946,1580,2025-06-30,in_person,warranty,low,Customer raised a low concern regarding warranty.,resolved,2025-06-27,74.76,GHS,False,0
1337,CUS-98F2CB8EAB,15,3572,37703,,2023-10-01,phone,service_delay,low,Customer raised a low concern regarding service delay.,resolved,2023-10-02,242.73,GHS,False,1
1338,CUS-44546204B4,4,6980,,,2023-11-29,phone,delivery,high,Customer raised a high concern regarding delivery.,resolved,2023-12-17,1582.80,GHS,True,18
1339,CUS-AFC3FF9A87,3,968,9447,,2025-06-30,phone,service_delay,low,Customer raised a low concern regarding service delay.,resolved,2025-06-30,22.41,GHS,False,0
1340,CUS-500B769DDD,3,8619,,,2025-06-30,in_person,staff,high,Customer raised a high concern regarding staff.,resolved,2025-06-30,774.53,GHS,True,0
1341,CUS-99D363A3A1,13,5366,41022,,2023-11-29,in_person,staff,low,Customer raised a low concern regarding staff.,open,,256.32,GHS,False,
1342,CUS-7286AC2425,14,3213,20020,,2024-05-30,phone,product,low,Customer raised a low concern regarding product.,resolved,2024-06-01,84.45,GHS,False,2
1343,CUS-A4879DD4AA,7,1486,41692,,2024-12-28,in_person,staff,medium,Customer raised a medium concern regarding staff.,investigating,,414.27,GHS,False,
1344,CUS-C28C4604BD,5,16455,46134,,2025-06-21,in_person,product,high,Customer raised a high concern regarding product.,resolved,2025-06-30,1799.58,GHS,True,9
1345,CUS-CB70F154A3,13,12376,705,,2025-04-25,email,service_delay,low,Customer raised a low concern regarding service delay.,resolved,2025-05-03,161.02,GHS,False,8
1346,CUS-2D01642B3F,8,10420,29586,,2024-11-25,phone,product,critical,Customer raised a critical concern regarding product.,resolved,2024-12-17,2518.39,GHS,True,22
1347,CUS-050A6D1828,6,9318,39954,,2025-01-29,phone,billing,low,Customer raised a low concern regarding billing.,rejected,2025-02-03,41.31,GHS,False,5
1348,CUS-24621787E3,1,2190,,,2024-08-19,phone,product,low,Customer raised a low concern regarding product.,resolved,2024-08-20,47.01,GHS,False,1
1349,CUS-0B13754FCD,1,11539,11179,,2024-11-01,email,service_delay,high,Customer raised a high concern regarding service delay.,investigating,,1751.83,GHS,True,
1350,CUS-8B92376EBC,1,9686,,,2024-04-15,website,product,high,Customer raised a high concern regarding product.,resolved,2024-04-27,1070.63,GHS,True,12
1351,CUS-873F81527F,9,7316,1849,1897,2025-04-12,phone,warranty,medium,Customer raised a medium concern regarding warranty.,rejected,2025-04-22,64.30,GHS,False,10
1352,CUS-07C79A66E3,6,8604,25976,,2025-06-11,phone,service_delay,low,Customer raised a low concern regarding service delay.,resolved,2025-06-12,58.90,GHS,False,1
1353,CUS-3E27EDA1DA,1,14844,,,2024-11-29,phone,delivery,medium,Customer raised a medium concern regarding delivery.,resolved,2024-12-06,456.87,GHS,False,7
1354,CUS-9A1A4A0214,4,13664,25148,,2024-12-13,email,service_delay,high,Customer raised a high concern regarding service delay.,open,,294.45,GHS,True,
1355,CUS-CC89E7897A,5,11766,,,2024-06-24,phone,delivery,medium,Customer raised a medium concern regarding delivery.,investigating,,319.82,GHS,False,
1356,CUS-8B2BAF5674,4,14671,,,2025-05-20,email,product,low,Customer raised a low concern regarding product.,resolved,2025-05-26,126.56,GHS,False,6
1357,CUS-498DD5E40E,1,7614,31879,,2024-06-04,email,service_delay,medium,Customer raised a medium concern regarding service delay.,resolved,2024-06-08,674.74,GHS,False,4
1358,CUS-B5866F1F6F,6,16575,1165,,2025-02-23,email,service_delay,medium,Customer raised a medium concern regarding service delay.,resolved,2025-02-28,387.74,GHS,False,5
1359,CUS-6A6FCD697D,5,7749,,,2024-07-08,website,product,low,Customer raised a low concern regarding product.,resolved,2024-07-11,128.63,GHS,False,3
1360,CUS-A94E5C7B40,2,20280,,,2025-06-30,phone,product,medium,Customer raised a medium concern regarding product.,resolved,2025-06-30,222.27,GHS,False,0
1361,CUS-7D0CE6D317,9,6869,,,2023-12-10,phone,delivery,low,Customer raised a low concern regarding delivery.,resolved,2023-12-13,27.98,GHS,False,3
1362,CUS-B6D7C6BDFD,2,12860,,,2024-09-03,email,delivery,low,Customer raised a low concern regarding delivery.,resolved,2024-09-05,90.93,GHS,False,2
1363,CUS-77B64C4795,15,13776,27330,1927,2025-03-08,website,warranty,high,Customer raised a high concern regarding warranty.,resolved,2025-03-26,499.33,GHS,True,18
1364,CUS-BDAD4441AE,10,2699,43431,,2023-08-08,phone,billing,critical,Customer raised a critical concern regarding billing.,resolved,2023-08-30,890.28,GHS,False,22
1365,CUS-31142F1C50,3,10096,,,2025-03-29,social,delivery,medium,Customer raised a medium concern regarding delivery.,resolved,2025-04-06,75.44,GHS,False,8
1366,CUS-3517B75C46,5,13329,,,2024-09-12,phone,staff,medium,Customer raised a medium concern regarding staff.,resolved,2024-09-23,536.79,GHS,False,11
1367,CUS-B9C62BE355,1,18752,,,2025-05-04,website,,low,Customer raised a low concern regarding delivery.,open,,87.07,GHS,False,
1368,CUS-0DE8DECAAB,3,8532,24166,,2025-06-29,website,product,medium,Customer raised a medium concern regarding product.,resolved,2025-06-30,580.73,GHS,False,1
1369,CUS-2DD685C8E0,11,675,46454,,2024-08-14,in_person,staff,high,Customer raised a high concern regarding staff.,open,,1897.48,GHS,True,
1370,CUS-8F6EB6A13D,14,17616,32590,2170,2025-06-30,website,warranty,high,Customer raised a high concern regarding warranty.,resolved,2025-06-30,1588.38,GHS,True,0
1371,CUS-E6FC7334A8,4,2078,9433,,2023-12-07,phone,billing,low,Customer raised a low concern regarding billing.,resolved,2023-12-14,211.87,GHS,False,7
1372,CUS-5426F93AB6,1,5551,19554,,2023-11-19,email,service_delay,medium,Customer raised a medium concern regarding service delay.,resolved,2023-11-30,505.65,GHS,False,11
1373,CUS-7E9AE089BB,2,8112,33176,,2024-08-20,email,billing,low,Customer raised a low concern regarding billing.,resolved,2024-08-23,73.89,GHS,False,3
1374,CUS-6BA9157C1F,2,10363,9907,144,2025-02-05,phone,warranty,low,Customer raised a low concern regarding warranty.,resolved,2025-02-11,285.52,GHS,False,6
1375,CUS-7F73A7530E,3,17348,18967,,2025-05-08,phone,service_delay,medium,Customer raised a medium concern regarding service delay.,resolved,2025-05-14,500.51,GHS,False,6
1376,CUS-2CF97EE94C,3,16046,,,2025-01-03,in_person,product,low,Customer raised a low concern regarding product.,investigating,,163.32,GHS,False,
1377,CUS-E12C7EBEB7,1,14918,34848,,2025-06-30,phone,service_delay,medium,Customer raised a medium concern regarding service delay.,resolved,2025-06-30,242.49,GHS,False,0
1378,CUS-C68A00C463,5,9516,,,2024-03-29,email,product,medium,Customer raised a medium concern regarding product.,resolved,2024-04-07,439.58,GHS,False,9
1379,CUS-0D853AC442,1,2102,15607,,2023-10-07,email,service_delay,medium,Customer raised a medium concern regarding service delay.,resolved,2023-10-18,487.33,GHS,False,11
1380,CUS-CF3C642291,1,19559,,,2025-05-24,email,billing,medium,Customer raised a medium concern regarding billing.,investigating,,362.30,GHS,False,
1381,CUS-377CE95A65,1,8648,,,2024-02-17,in_person,delivery,low,Customer raised a low concern regarding delivery.,resolved,2024-02-25,269.53,GHS,False,8
1382,CUS-1AB4B84C0D,9,984,40244,735,2024-02-04,phone,warranty,low,Customer raised a low concern regarding warranty.,resolved,2024-02-12,228.25,GHS,False,8
1383,CUS-A8B6E92825,11,659,31875,,2025-06-02,website,product,medium,Customer raised a medium concern regarding product.,resolved,2025-06-12,296.35,GHS,False,10
1384,CUS-DEFB1EBF35,4,15020,,,2025-04-02,social,product,critical,Customer raised a critical concern regarding product.,resolved,2025-04-18,2633.63,GHS,False,16
1385,CUS-920256FCF4,4,7207,32561,,2024-01-01,phone,staff,high,Customer raised a high concern regarding staff.,resolved,,1089.03,GHS,True,11
1386,CUS-D8D2413E22,12,682,22269,,2023-09-16,email,service_delay,medium,Customer raised a medium concern regarding service delay.,resolved,2023-09-21,338.76,GHS,False,5
1387,CUS-3A8382B80D,1,801,21198,217,2024-11-23,website,warranty,low,Customer raised a low concern regarding warranty.,resolved,2024-11-28,75.90,GHS,False,5
1388,CUS-6FE19320F6,1,8015,10179,1352,2025-04-01,in_person,warranty,low,Customer raised a low concern regarding warranty.,resolved,2025-04-08,86.61,GHS,False,7
1389,CUS-435C3BB1FD,1,8306,38237,,2024-08-19,phone,service_delay,medium,Customer raised a medium concern regarding service delay.,investigating,,334.50,GHS,False,
1390,CUS-BCAAD8FD07,10,15381,8812,,2025-06-30,in_person,product,medium,Customer raised a medium concern regarding product.,open,,397.87,GHS,False,
1391,CUS-EA4B45C575,12,14409,,,2025-03-23,phone,product,medium,Customer raised a medium concern regarding product.,resolved,2025-03-31,332.73,GHS,False,8
1392,CUS-1AFEF55904,8,11770,1353,,2025-06-30,website,product,medium,Customer raised a medium concern regarding product.,resolved,2025-06-30,219.16,GHS,False,0
1393,CUS-3706C6FE60,8,10345,16576,,2025-02-09,email,staff,low,Customer raised a low concern regarding staff.,resolved,2025-02-17,176.56,GHS,False,8
1394,CUS-0D6DC09871,3,6691,19221,,2025-04-10,email,billing,low,Customer raised a low concern regarding billing.,resolved,2025-04-11,249.61,GHS,False,1
1395,CUS-4914102562,10,2003,32151,,2025-06-30,phone,billing,medium,Customer raised a medium concern regarding billing.,resolved,2025-06-30,754.38,GHS,False,0
1396,CUS-E97E1F1068,15,12384,23298,,2024-09-21,phone,service_delay,high,Customer raised a high concern regarding service delay.,resolved,2024-10-08,104.55,GHS,True,17
1397,CUS-0192CF8A67,12,986,23592,,2025-02-13,website,billing,low,Customer raised a low concern regarding billing.,resolved,2025-02-17,207.10,GHS,False,4
1398,CUS-2109E6E98E,10,10679,,,2025-03-20,phone,billing,critical,Customer raised a critical concern regarding billing.,open,,985.35,GHS,False,
1399,CUS-CD9FBC873E,5,274,15707,,2024-01-04,phone,product,high,Customer raised a high concern regarding product.,resolved,2024-01-21,1729.42,GHS,True,17
1400,CUS-A178B377ED,15,6548,13168,,2024-07-26,phone,service_delay,high,Customer raised a high concern regarding service delay.,resolved,2024-08-11,1504.71,GHS,True,16
1401,CUS-80362508D1,8,2315,21232,,2024-09-12,email,service_delay,medium,Customer raised a medium concern regarding service delay.,resolved,2024-09-22,250.16,GHS,False,10
1402,CUS-C42ABA3945,11,1286,,,2023-08-30,email,staff,medium,Customer raised a medium concern regarding staff.,resolved,,103.59,GHS,False,7
1403,CUS-4B68CC6A93,1,14329,,,2024-11-07,email,billing,medium,Customer raised a medium concern regarding billing.,investigating,,484.10,GHS,False,
1404,CUS-A4388ED1A4,7,10475,,,2024-05-16,phone,billing,low,Customer raised a low concern regarding billing.,open,,114.74,GHS,False,
1405,CUS-069E44942C,5,16288,,,2025-01-16,phone,product,low,Customer raised a low concern regarding product.,resolved,2025-01-22,13.86,GHS,False,6
1406,CUS-58199D1569,6,3072,7371,,2024-10-16,phone,service_delay,low,Customer raised a low concern regarding service delay.,resolved,2024-10-22,108.72,GHS,False,6
1407,CUS-E9D6EF4DBD,1,1,28363,,2025-06-30,email,service_delay,high,Customer raised a high concern regarding service delay.,resolved,2025-06-30,553.77,GHS,False,0
1408,CUS-F88D4D02F2,11,5813,20803,2474,2024-03-27,phone,warranty,high,Customer raised a high concern regarding warranty.,resolved,2024-04-10,1727.76,GHS,True,14
1409,CUS-4BAC6B5A7E,1,4731,,,2025-04-18,in_person,delivery,medium,Customer raised a medium concern regarding delivery.,resolved,2025-04-28,225.08,GHS,False,10
1410,CUS-6D2527B082,9,6723,,,2024-09-06,website,delivery,medium,Customer raised a medium concern regarding delivery.,resolved,2024-09-10,731.49,GHS,False,4
1411,CUS-248D1D4E9F,6,789,,,2023-03-09,phone,billing,medium,Customer raised a medium concern regarding billing.,investigating,,79.12,GHS,False,
1412,CUS-627318DFAB,10,3963,2440,,2023-08-15,phone,product,low,Customer raised a low concern regarding product.,resolved,2023-08-16,307.66,GHS,False,1
1413,CUS-93005763E1,1,3071,35470,,2024-02-26,social,product,medium,Customer raised a medium concern regarding product.,resolved,2024-03-05,440.58,GHS,False,8
1414,CUS-6D0130B6D2,15,15241,26260,1281,2025-01-16,in_person,warranty,low,Customer raised a low concern regarding warranty.,resolved,2025-01-19,31.91,GHS,False,3
1415,CUS-FBCCC78D00,5,5274,,,2025-06-12,email,product,medium,Customer raised a medium concern regarding product.,resolved,2025-06-18,123.40,GHS,False,6
1416,CUS-8AC3555218,6,11407,,,2024-06-25,email,delivery,low,Customer raised a low concern regarding delivery.,resolved,2024-06-29,245.34,GHS,False,4
1417,CUS-F1E81A808B,2,4762,30836,,2024-11-11,social,billing,high,Customer raised a high concern regarding billing.,resolved,2024-11-29,1985.04,GHS,True,18
1418,CUS-BE8461F45F,2,3342,21178,,2024-06-18,email,product,low,Customer raised a low concern regarding product.,rejected,2024-06-25,240.81,GHS,False,7
1419,CUS-04CD287481,10,15562,18461,,2025-06-30,social,service_delay,medium,Customer raised a medium concern regarding service delay.,resolved,2025-06-30,4.52,GHS,False,0
1420,CUS-7286AC2425,2,3213,38216,,2023-08-21,email,service_delay,low,Customer raised a low concern regarding service delay.,resolved,2023-08-23,196.44,GHS,False,2
1421,CUS-6D645100BB,5,6103,,,2024-10-31,in_person,billing,medium,Customer raised a medium concern regarding billing.,investigating,,673.96,GHS,False,
1422,CUS-45021A3CAD,6,4196,32531,2639,2025-06-30,phone,warranty,medium,Customer raised a medium concern regarding warranty.,resolved,2025-06-30,534.41,GHS,False,0
1423,CUS-F9A26A5BB5,2,6518,11864,,2024-01-31,in_person,product,medium,Customer raised a medium concern regarding product.,resolved,2024-02-05,45.77,GHS,False,5
1424,CUS-029DFA2048,4,6334,17651,,2024-11-19,in_person,service_delay,medium,Customer raised a medium concern regarding service delay.,resolved,2024-11-16,749.22,GHS,False,7
1425,CUS-031FBA6A7A,12,180,38839,,2023-10-31,email,staff,high,Customer raised a high concern regarding staff.,resolved,2023-11-13,394.70,GHS,True,13
1426,CUS-0D2AF261EC,3,4447,,,2024-11-27,website,product,low,Customer raised a low concern regarding product.,rejected,2024-12-02,204.94,GHS,False,5
1427,CUS-D07F5FEF9F,4,5605,45996,,2024-02-03,email,product,medium,Customer raised a medium concern regarding product.,resolved,2024-02-14,219.44,GHS,False,11
1428,CUS-07216A2512,4,14468,,,2024-11-24,email,delivery,low,Customer raised a low concern regarding delivery.,resolved,2024-11-28,88.11,GHS,False,4
1429,CUS-71619DF848,5,7198,29103,,2024-08-21,email,product,medium,Customer raised a medium concern regarding product.,resolved,2024-08-30,349.15,GHS,False,9
1430,CUS-E22D3407A7,5,10308,,,2024-04-19,email,delivery,high,Customer raised a high concern regarding delivery.,resolved,2024-05-07,628.35,GHS,False,18
1431,CUS-14797A9903,1,9808,17217,2389,2025-02-22,phone,warranty,low,Customer raised a low concern regarding warranty.,resolved,2025-03-01,257.12,GHS,False,7
1432,CUS-4818CECFB3,7,13315,10243,,2025-02-20,phone,product,high,Customer raised a high concern regarding product.,resolved,2025-03-04,1445.66,GHS,False,12
1433,CUS-BA2D9D136F,14,6173,46318,,2024-03-18,website,product,low,Customer raised a low concern regarding product.,resolved,2024-03-19,144.75,GHS,False,1
1434,CUS-7E0EA34F9C,8,792,14543,1233,2025-06-08,in_person,warranty,medium,Customer raised a medium concern regarding warranty.,resolved,2025-06-15,74.95,GHS,False,7
1435,CUS-539776440B,2,588,12004,2040,2024-08-25,in_person,warranty,medium,Customer raised a medium concern regarding warranty.,resolved,2024-09-04,730.72,GHS,False,10
1436,CUS-C1CA4BAF28,7,16199,26905,9007,2025-06-30,email,warranty,medium,Customer raised a medium concern regarding warranty.,resolved,2025-06-30,184.36,GHS,False,0
1437,CUS-A497E4777E,9,10020,10406,,2025-06-05,website,service_delay,high,Customer raised a high concern regarding service delay.,rejected,2025-06-20,44.29,GHS,False,15
1438,CUS-DCDC12E9FD,8,7906,25485,1204,2025-05-09,social,war,low,Customer raised a low concern regarding warranty.,resolved,2025-05-10,115.07,GHS,False,1
1439,CUS-978600A3E3,2,2168,46464,2534,2023-08-17,phone,warranty,medium,Customer raised a medium concern regarding warranty.,resolved,2023-08-26,324.34,GHS,False,9
1440,CUS-3214EA3A2F,9,15844,39940,,2025-06-30,phone,billing,low,Customer raised a low concern regarding billing.,resolved,2025-06-30,191.98,GHS,False,0
1441,CUS-727AACC5DF,11,1637,,,2024-09-19,phone,product,high,Customer raised a high concern regarding product.,resolved,2024-10-06,1501.18,GHS,True,17
1442,CUS-56326F1180,2,12888,,,2024-09-11,website,product,critical,Customer raised a critical concern regarding product.,resolved,2024-09-27,2004.40,GHS,True,16
1443,CUS-52F0C482E3,4,275,,,2023-04-17,website,delivery,medium,Customer raised a medium concern regarding delivery.,resolved,2023-04-28,463.57,GHS,False,11
1444,CUS-16AD76E832,5,10932,,,2024-06-02,website,product,low,Customer raised a low concern regarding product.,resolved,2024-06-10,162.20,GHS,False,8
1445,CUS-C2EAEABFA0,5,8699,45192,,2024-08-14,phone,staff,low,Customer raised a low concern regarding staff.,resolved,2024-08-18,173.82,GHS,False,4
1446,CUS-569AB5CEAE,7,6316,,,2023-11-27,email,staff,high,Customer raised a high concern regarding staff.,resolved,2023-11-24,250.80,GHS,True,11
1447,CUS-D3665FEE47,4,20198,2748,,2025-06-30,phone,billing,medium,Customer raised a medium concern regarding billing.,resolved,2025-06-30,91.40,GHS,False,0
1448,CUS-044A752288,9,6678,,,2023-12-19,phone,delivery,medium,Customer raised a medium concern regarding delivery.,resolved,2023-12-30,177.66,GHS,False,11
1449,CUS-BB1B509A54,8,1359,23470,,2025-06-30,phone,service_delay,low,Customer raised a low concern regarding service delay.,rejected,2025-06-30,76.15,GHS,False,0
1450,CUS-F203A5A8A0,2,6624,3239,,2025-06-30,email,product,low,Customer raised a low concern regarding product.,resolved,2025-06-30,47.84,GHS,False,0
1451,CUS-9B86033C7D,1,16825,17989,,2025-06-30,website,billing,medium,Customer raised a medium concern regarding billing.,open,,435.24,GHS,False,
1452,CUS-EDAD78CA3F,2,18633,,,2025-05-04,email,delivery,medium,Customer raised a medium concern regarding delivery.,open,,185.13,GHS,False,
1453,CUS-233C8250D7,4,15252,2703,,2025-04-18,phone,staff,medium,Customer raised a medium concern regarding staff.,resolved,2025-04-29,119.09,GHS,False,11
1454,CUS-E81440C554,1,7783,39288,2261,2025-06-30,phone,warranty,low,Customer raised a low concern regarding warranty.,resolved,2025-06-30,27.65,GHS,False,0
1455,CUS-89B2D0C6AB,9,17398,,,2025-03-17,phone,delivery,medium,Customer raised a medium concern regarding delivery.,resolved,2025-03-26,705.84,GHS,False,9
1456,CUS-9A7D0559A1,3,11844,,,2024-07-16,website,delivery,medium,Customer raised a medium concern regarding delivery.,resolved,2024-07-21,232.28,GHS,False,5
1457,CUS-9F6C0A50FC,2,494,37024,,2023-08-22,website,service_delay,low,Customer raised a low concern regarding service delay.,resolved,2023-08-23,275.42,GHS,False,1
1458,CUS-8F473B4551,1,7015,17737,,2025-06-30,website,service_delay,medium,Customer raised a medium concern regarding service delay.,open,,110.20,GHS,False,
1459,CUS-0AA3B5BD17,10,19281,,,2025-05-20,phone,product,medium,Customer raised a medium concern regarding product.,resolved,2025-05-26,102.14,GHS,False,6
1460,CUS-53CBF699B7,10,1152,43918,,2025-06-30,phone,staff,high,Customer raised a high concern regarding staff.,open,,125.58,GHS,True,
1461,CUS-406444A053,3,1598,,,2023-05-22,in_person,product,medium,Customer raised a medium concern regarding product.,investigating,,296.53,GHS,False,
1462,CUS-59DC21BAFD,15,9884,33360,,2025-01-24,email,service_delay,high,Customer raised a high concern regarding service delay.,resolved,2025-02-06,1487.59,GHS,True,13
1463,CUS-33A02B3B2E,6,2625,30954,,2023-09-30,phone,staff,medium,Customer raised a medium concern regarding staff.,resolved,2023-10-11,435.08,GHS,False,11
1464,CUS-CEDE294EB4,10,19298,,,2025-05-23,website,delivery,medium,Customer raised a medium concern regarding delivery.,resolved,2025-05-27,544.05,GHS,False,4
1465,CUS-64B19BFB6B,7,7158,29336,2908,2024-12-29,phone,warranty,medium,Customer raised a medium concern regarding warranty.,resolved,2025-01-07,484.15,GHS,False,9
1466,CUS-3ECA72B2D5,4,1737,,,2023-05-15,in_person,product,high,Customer raised a high concern regarding product.,open,,1788.54,GHS,True,
1467,CUS-22591672D8,6,2289,1996,,2023-08-27,website,service_delay,low,Customer raised a low concern regarding service delay.,resolved,2023-09-03,41.07,GHS,False,7
1468,CUS-B215D559AC,5,19726,,,2025-06-26,phone,billing,high,Customer raised a high concern regarding billing.,resolved,2025-06-30,1688.95,GHS,True,4
1469,CUS-B5D052D4B7,6,6150,21734,,2024-10-29,email,billing,critical,Customer raised a critical concern regarding billing.,resolved,2024-11-16,419.08,GHS,True,18
1470,CUS-01AB99BEC4,7,5404,13003,1419,2024-10-15,email,warranty,medium,Customer raised a medium concern regarding warranty.,investigating,,13.76,GHS,False,
1471,CUS-6BE487437E,5,7570,7544,1799,2025-04-14,in_person,warranty,low,Customer raised a low concern regarding warranty.,resolved,2025-04-20,166.75,GHS,False,6
1472,CUS-BC00DEDA63,1,343,44954,,2024-03-08,website,billing,low,Customer raised a low concern regarding billing.,resolved,2024-03-15,224.56,GHS,False,7
1473,CUS-AF55931AF6,2,11173,,,2024-06-10,email,product,low,Customer raised a low concern regarding product.,resolved,2024-06-12,100.20,GHS,False,2
1474,CUS-9DA90AF390,10,723,,,2025-02-18,website,delivery,medium,Customer raised a medium concern regarding delivery.,rejected,2025-03-01,41.02,GHS,False,11
1475,CUS-EEF0328A9E,4,6483,11708,2626,2024-02-07,in_person,warranty,medium,Customer raised a medium concern regarding warranty.,resolved,,628.63,GHS,False,
1476,CUS-FC90C45E9A,7,906,12284,1238,2024-02-22,phone,warranty,low,Customer raised a low concern regarding warranty.,rejected,2024-02-29,110.38,GHS,False,7
1477,CUS-946214A888,7,6554,13394,,2024-02-25,email,service_delay,medium,Customer raised a medium concern regarding service delay.,rejected,2024-03-04,202.56,GHS,False,8
1478,CUS-701D91D94E,6,774,21447,1894,2024-06-10,phone,warranty,medium,Customer raised a medium concern regarding warranty.,rejected,2024-06-07,198.98,GHS,False,8
1479,CUS-C3D1564232,8,20147,,,2025-06-30,website,staff,critical,Customer raised a critical concern regarding staff.,open,,3849.72,GHS,True,
1480,CUS-186277F446,6,8951,,,2025-03-02,phone,product,low,Customer raised a low concern regarding product.,resolved,2025-03-06,49.23,GHS,False,4
1481,CUS-DA435250AF,4,16880,,,2025-03-02,phone,staff,high,Customer raised a high concern regarding staff.,resolved,2025-03-17,212.58,GHS,False,15
1482,CUS-00C5E5FD8D,7,13031,,,2024-09-20,phone,delivery,critical,Customer raised a critical concern regarding delivery.,resolved,2024-10-07,1684.55,GHS,True,17
1483,CUS-116FA7F5AB,1,8551,,,2024-04-24,email,staff,high,Customer raised a high concern regarding staff.,rejected,2024-05-10,1238.29,GHS,True,16
1484,CUS-E7B246D6CA,1,18273,,,2025-04-24,phone,product,low,Customer raised a low concern regarding product.,resolved,2025-04-25,176.05,GHS,False,1
1485,CUS-D3665FEE47,4,20198,2748,,2025-06-30,email,staff,medium,Customer raised a medium concern regarding staff.,resolved,,668.30,GHS,False,0
1486,CUS-5E7761F213,9,1309,25349,,2024-08-05,website,staff,medium,Customer raised a medium concern regarding staff.,resolved,2024-08-12,542.67,GHS,False,7
1487,CUS-2AE56D8820,9,19085,,,2025-05-07,in_person,billing,medium,Customer raised a medium concern regarding billing.,resolved,2025-05-18,479.14,GHS,False,11
1488,CUS-8FFF368A49,3,1271,22452,,2025-04-11,email,billing,medium,Customer raised a medium concern regarding billing.,resolved,2025-04-20,415.18,GHS,False,9
1489,CUS-F204920162,8,3956,46348,,2025-05-26,website,product,medium,Customer raised a medium concern regarding product.,resolved,2025-05-30,244.57,GHS,False,4
1490,CUS-6A9C1593C9,6,5015,,,2023-09-04,in_person,delivery,medium,Customer raised a medium concern regarding delivery.,resolved,2023-09-10,39.51,GHS,False,6
1491,CUS-FFC409CBA5,2,15303,16957,,2025-06-30,website,product,low,Customer raised a low concern regarding product.,resolved,2025-06-30,66.82,GHS,False,0
1492,CUS-AD38FE82F2,11,18958,,,2025-05-24,email,billing,medium,Customer raised a medium concern regarding billing.,investigating,,300.96,GHS,False,
1493,CUS-04A19E711E,5,4653,27057,1158,2025-01-29,phone,warranty,medium,Customer raised a medium concern regarding warranty.,resolved,2025-02-08,780.88,GHS,False,10
1494,CUS-E87FE1CF85,8,2173,13929,,2023-10-29,phone,billing,medium,Customer raised a medium concern regarding billing.,resolved,2023-11-04,221.51,GHS,False,6
1495,CUS-B92AFEBC88,7,2453,11470,,2025-06-30,phone,Billing,medium,Customer raised a medium concern regarding billing.,resolved,2025-06-30,148.99,GHS,False,0
1496,CUS-56D602EBA2,7,14497,,,2025-02-28,website,product,medium,Customer raised a medium concern regarding product.,resolved,2025-03-06,-683.22,GHS,False,6
1497,CUS-34A58F815B,2,12400,,,2024-12-16,email,staff,low,Customer raised a low concern regarding staff.,resolved,2024-12-18,270.60,GHS,False,2
1498,CUS-290E8DC691,1,777,,,2024-05-14,phone,billing,high,Customer raised a high concern regarding billing.,resolved,2024-05-25,1291.08,GHS,True,11
1499,CUS-827E235177,1,8450,11101,485,2024-03-21,phone,warranty,low,Customer raised a low concern regarding warranty.,resolved,2024-03-29,198.08,GHS,False,8
1500,CUS-F9B149694C,3,7294,47596,227,2024-10-07,in_person,warranty,high,Customer raised a high concern regarding warranty.,open,,1663.57,GHS,True,
1501,CUS-4D2E034478,5,13063,,,2024-09-18,in_person,delivery,medium,Customer raised a medium concern regarding delivery.,resolved,,169.83,GHS,False,9
1502,CUS-1A09135DFE,3,10991,228,,2024-09-19,phone,service_delay,low,Customer raised a low concern regarding service delay.,resolved,2024-09-21,62.10,GHS,False,2
1503,CUS-29A6FB7202,13,4239,41123,2480,2025-03-03,phone,warranty,medium,Customer raised a medium concern regarding warranty.,resolved,2025-03-13,535.40,GHS,False,10
1504,CUS-185A8FAE72,13,5442,,,2024-03-20,phone,product,low,Customer raised a low concern regarding product.,resolved,2024-03-22,226.51,GHS,False,2
1505,CUS-B2F7D353DA,6,10307,528,,2025-06-30,phone,staff,low,Customer raised a low concern regarding staff.,resolved,2025-06-30,194.77,GHS,False,0
1506,CUS-A9461EE0A6,2,6720,,,2025-03-17,phone,staff,low,Customer raised a low concern regarding staff.,resolved,2025-03-18,299.24,GHS,False,1
1507,CUS-F717B27C75,12,7591,,,2024-01-01,in_person,product,high,Customer raised a high concern regarding product.,investigating,,485.79,GHS,True,
1508,CUS-497BC6F14F,4,8121,,,2024-01-17,email,product,medium,Customer raised a medium concern regarding product.,investigating,,527.09,GHS,False,
1509,CUS-8A3C45A888,5,17792,,,2025-03-22,in_person,delivery,critical,Customer raised a critical concern regarding delivery.,resolved,2025-04-13,2412.91,GHS,False,22
1510,CUS-E6E797D9B2,10,16781,21153,,2025-06-30,email,service_delay,low,Customer raised a low concern regarding service delay.,resolved,2025-06-30,141.35,GHS,False,0
1511,CUS-52DB8AACBD,10,19260,,,2025-05-19,phone,delivery,low,Customer raised a low concern regarding delivery.,open,2025-05-16,105.50,GHS,False,
1512,CUS-5F36734DBF,1,6664,42367,,2024-02-08,phone,service_delay,low,Customer raised a low concern regarding service delay.,resolved,2024-02-13,120.84,GHS,False,5
1513,CUS-D032176296,2,9615,35917,,2024-09-25,email,staff,medium,Customer raised a medium concern regarding staff.,resolved,2024-09-29,28.95,GHS,False,4
1514,CUS-A295D3D516,3,9815,,,2024-04-13,in_person,delivery,low,Customer raised a low concern regarding delivery.,open,,143.68,GHS,False,
1515,CUS-74AC76BB98,6,1947,,,2024-04-13,phone,billing,medium,Customer raised a medium concern regarding billing.,resolved,2024-04-20,458.17,GHS,False,7
1516,CUS-59C4CD30EC,7,16641,,,2025-01-26,website,billing,medium,Customer raised a medium concern regarding billing.,resolved,2025-02-02,54.85,GHS,False,7
1517,CUS-A4BADECBA6,5,13520,34968,,2024-10-07,email,billing,medium,Customer raised a medium concern regarding billing.,resolved,2024-10-15,688.70,GHS,False,8
1518,CUS-0D6A076B03,11,2663,46726,,2023-09-05,phone,billing,medium,Customer raised a medium concern regarding billing.,resolved,2023-09-11,319.45,GHS,False,6
1519,CUS-84F103F884,8,3702,6354,,2024-10-11,phone,product,high,Customer raised a high concern regarding product.,resolved,2024-10-22,448.94,GHS,True,11
1520,CUS-9DCACC2EEA,6,2458,18080,,2023-07-12,website,billing,high,Customer raised a high concern regarding billing.,resolved,2023-07-27,338.08,GHS,True,15
1521,CUS-70D094A4EC,5,5127,37992,,2025-01-01,phone,staff,low,Customer raised a low concern regarding staff.,resolved,2025-01-08,230.69,GHS,False,7
1522,CUS-0C01FA7A59,1,3163,,,2023-06-20,in_person,billing,high,Customer raised a high concern regarding billing.,resolved,2023-07-06,1282.35,GHS,True,16
1523,CUS-46D272945B,1,2962,31229,,2024-01-19,in_person,staff,medium,Customer raised a medium concern regarding staff.,rejected,2024-01-30,518.18,GHS,False,11
1524,CUS-C3C349CC22,10,7710,32330,1575,2024-08-22,email,warranty,medium,Customer raised a medium concern regarding warranty.,rejected,2024-08-28,204.38,GHS,False,6
1525,CUS-DC15868B60,5,6729,36363,,2024-05-13,phone,staff,low,Customer raised a low concern regarding staff.,resolved,2024-05-15,44.99,GHS,False,2
1526,CUS-7F4C8300A6,7,12692,16630,,2025-03-06,phone,product,critical,Customer raised a critical concern regarding product.,resolved,2025-03-24,1488.26,GHS,False,18
1527,CUS-B70B1C8A42,5,18288,,,2025-04-06,phone,staff,medium,Customer raised a medium concern regarding staff.,open,,737.17,GHS,False,
1528,CUS-EFFD022BFB,9,13242,,,2024-09-19,in_person,staff,high,Customer raised a high concern regarding staff.,resolved,2024-09-30,1184.74,GHS,True,11
1529,CUS-281DDF4747,7,604,,,2024-10-10,in_person,billing,medium,Customer raised a medium concern regarding billing.,rejected,2024-10-17,355.09,GHS,False,7
1530,CUS-0B02ABCB13,4,2041,,,2023-08-31,email,delivery,medium,Customer raised a medium concern regarding delivery.,resolved,2023-09-07,118.27,GHS,False,7
1531,CUS-37BDB47B5F,1,3048,,,2024-02-28,email,billing,low,Customer raised a low concern regarding billing.,rejected,2024-03-06,289.92,GHS,False,7
1532,CUS-E3DAAB14BB,4,3029,,,2023-10-08,phone,product,medium,Customer raised a medium concern regarding product.,resolved,2023-10-13,592.74,GHS,False,5
1533,CUS-63D207CCDB,2,291,6409,,2024-05-01,email,billing,medium,Customer raised a medium concern regarding billing.,resolved,2024-05-07,104.85,GHS,False,6
1534,CUS-46145DABAC,3,13159,9258,,2025-03-09,in_person,service_delay,low,Customer raised a low concern regarding service delay.,open,,146.68,GHS,False,
1535,CUS-8AD9A046F9,4,14181,,,2025-04-30,email,billing,medium,Customer raised a medium concern regarding billing.,resolved,2025-05-09,153.66,GHS,False,9
1536,CUS-BDFD8E3F83,2,11102,15571,,2025-06-30,phone,billing,medium,Customer raised a medium concern regarding billing.,resolved,2025-06-30,199.79,GHS,False,0
1537,CUS-47DA163B25,6,290,,,2023-08-17,in_person,product,low,Customer raised a low concern regarding product.,open,,249.63,GHS,False,
1538,CUS-24AC2CB6A1,15,471,12038,816,2023-11-05,phone,warranty,medium,Customer raised a medium concern regarding warranty.,open,,266.49,GHS,False,
1539,CUS-A2E6A7FA12,2,7393,16390,,2024-02-18,email,billing,low,Customer raised a low concern regarding billing.,resolved,2024-02-24,194.03,GHS,False,6
1540,CUS-6FEC67C4DE,10,8142,36868,911,2024-06-24,phone,warranty,medium,Customer raised a medium concern regarding warranty.,resolved,2024-06-28,376.60,GHS,False,4
1541,CUS-7B01AEE8CD,6,3870,11173,,2025-05-21,phone,service_delay,low,Customer raised a low concern regarding service delay.,resolved,2025-05-28,270.10,GHS,False,7
1542,CUS-772E93457A,6,5724,,,2023-10-29,in_person,staff,high,Customer raised a high concern regarding staff.,resolved,2023-11-10,-1828.09,GHS,True,12
1543,CUS-4332194F95,8,19838,,,2025-06-30,email,staff,low,Customer raised a low concern regarding staff.,resolved,2025-06-30,255.00,GHS,False,0
1544,CUS-F4488A6C8F,1,14911,,,2024-11-20,phone,billing,high,Customer raised a high concern regarding billing.,rejected,2024-12-06,505.54,GHS,True,16
1545,CUS-4A37E9F273,4,16329,13108,2405,2025-06-30,phone,warranty,low,Customer raised a low concern regarding warranty.,resolved,2025-06-30,170.56,GHS,False,0
1546,CUS-9DC53D1720,1,19767,,,2025-06-02,email,product,medium,Customer raised a medium concern regarding product.,resolved,2025-06-07,107.09,GHS,False,5
1547,CUS-D9A3476B65,2,8670,4435,976,2025-03-28,email,warranty,low,Customer raised a low concern regarding warranty.,resolved,2025-03-30,119.60,GHS,False,2
1548,CUS-F9ECBE6797,14,13523,22400,,2024-11-23,phone,product,medium,Customer raised a medium concern regarding product.,resolved,2024-12-03,258.70,GHS,False,10
1549,CUS-DF9C716602,8,9667,4404,,2025-05-18,email,service_delay,low,Customer raised a low concern regarding service delay.,resolved,2025-05-21,269.14,GHS,False,3
1550,CUS-5CBA8FA75C,3,12897,36250,,2024-11-26,phone,product,low,Customer raised a low concern regarding product.,resolved,2024-12-03,100.44,GHS,False,7
1551,CUS-4BDF83EA14,2,9719,3524,598,2025-03-28,phone,warranty,low,Customer raised a low concern regarding warranty.,resolved,2025-04-02,187.35,GHS,False,5
1552,CUS-67DB4A4D24,13,1933,32513,,2023-10-05,website,product,low,Customer raised a low concern regarding product.,investigating,,123.99,GHS,False,
1553,CUS-CA43EA679C,11,17793,,,2025-03-13,website,delivery,medium,Customer raised a medium concern regarding delivery.,resolved,2025-03-24,570.88,GHS,False,11
1554,CUS-E8A5A7EF31,11,19835,,,2025-06-28,website,delivery,low,Customer raised a low concern regarding delivery.,resolved,2025-06-30,146.98,GHS,False,2
1555,CUS-9EE238F563,11,3116,,,2024-02-29,phone,delivery,high,Customer raised a high concern regarding delivery.,resolved,2024-03-14,1524.94,GHS,True,14
1556,CUS-A7C65407D7,6,11878,,,2024-07-30,website,product,medium,Customer raised a medium concern regarding product.,resolved,2024-08-08,379.65,GHS,False,9
1557,CUS-C1BE7C25CD,10,6160,,,2024-11-09,website,billing,medium,Customer raised a medium concern regarding billing.,resolved,2024-11-20,524.03,GHS,False,11
1558,CUS-C3BF509F0F,5,3174,23742,,2024-09-09,website,billing,medium,Customer raised a medium concern regarding billing.,resolved,2024-09-20,704.89,GHS,False,11
1559,CUS-A34A081E0A,3,14643,33595,450,2025-05-19,email,warranty,medium,Customer raised a medium concern regarding warranty.,resolved,2025-05-23,598.40,GHS,False,4
1560,CUS-9CD88F1227,1,3424,32654,,2024-03-24,email,product,high,Customer raised a high concern regarding product.,investigating,,480.14,GHS,False,
1561,CUS-8C34525550,2,7485,9993,,2025-03-25,phone,product,medium,Customer raised a medium concern regarding product.,resolved,2025-04-02,276.78,GHS,False,8
1562,CUS-9F2E5EE38C,1,7282,40029,,2024-06-29,phone,staff,high,Customer raised a high concern regarding staff.,resolved,2024-07-15,1447.34,GHS,False,16
1563,CUS-1035EA3983,9,1040,20229,2893,2023-08-19,phone,warranty,medium,Customer raised a medium concern regarding warranty.,resolved,2023-08-28,100.60,GHS,False,9
1564,CUS-30CF216B9C,1,12558,33534,,2025-03-31,website,staff,low,Customer raised a low concern regarding staff.,resolved,2025-04-02,178.74,GHS,False,2
1565,CUS-EEBDF8CD7A,2,20086,,,2025-06-30,email,delivery,high,Customer raised a high concern regarding delivery.,resolved,2025-06-30,716.06,GHS,True,0
1566,CUS-DF68CD7496,3,4527,33884,,2024-09-22,in_person,billing,high,Customer raised a high concern regarding billing.,resolved,2024-10-07,1604.08,GHS,True,15
1567,CUS-F02D1FD3E7,4,2410,,,2023-12-19,website,delivery,medium,Customer raised a medium concern regarding delivery.,resolved,2023-12-23,507.51,GHS,False,4
1568,CUS-91F8211711,1,8291,33320,,2024-07-27,phone,product,high,Customer raised a high concern regarding product.,resolved,2024-08-14,1556.58,GHS,False,18
1569,CUS-A974DF095A,13,2994,,,2024-03-22,website,billing,critical,Customer raised a critical concern regarding billing.,resolved,2024-04-12,1038.03,GHS,False,21
1570,CUS-7CB662B1B6,7,11223,2498,,2025-05-31,social,staff,medium,Customer raised a medium concern regarding staff.,resolved,2025-06-08,428.70,GHS,False,8
1571,CUS-CDD4B36033,8,7577,12522,,2024-08-15,phone,product,high,Customer raised a high concern regarding product.,rejected,2024-08-29,1423.83,GHS,True,14
1572,CUS-FEF696F15D,2,13833,16751,1092,2025-02-05,website,warranty,critical,Customer raised a critical concern regarding warranty.,rejected,2025-02-22,1684.83,GHS,True,17
1573,CUS-191CE56309,9,1723,43433,,2024-04-03,email,service_delay,high,Customer raised a high concern regarding service delay.,resolved,2024-03-31,772.63,GHS,False,17
1574,CUS-83590F9A87,4,14039,,,2024-11-02,phone,delivery,high,Customer raised a high concern regarding delivery.,resolved,2024-11-15,989.42,GHS,False,13
1575,CUS-F79EDA3857,2,7477,34395,,2025-01-19,website,product,low,Customer raised a low concern regarding product.,resolved,2025-01-27,295.85,GHS,False,8
1576,CUS-88937DBA1A,5,7632,30864,1099,2025-06-30,website,warranty,medium,Customer raised a medium concern regarding warranty.,resolved,2025-06-30,592.51,GHS,False,0
1577,CUS-CEB0A26AA8,13,6740,6510,,2024-07-13,website,service_delay,medium,Customer raised a medium concern regarding service delay.,open,,127.35,GHS,False,
1578,CUS-AE1BA3B69C,2,5394,12969,,2024-07-19,phone,service_delay,low,Customer raised a low concern regarding service delay.,resolved,2024-07-25,40.16,GHS,False,6
1579,CUS-2786FA1BBE,6,15218,46389,,2025-06-30,phone,product,medium,Customer raised a medium concern regarding product.,resolved,2025-06-30,148.80,GHS,False,0
1580,CUS-1035EA3983,14,4460,46614,,2024-06-23,email,service_delay,low,Customer raised a low concern regarding service delay.,resolved,2024-06-24,222.06,GHS,False,1
1581,CUS-9F26BDF543,9,15792,,,2024-12-31,phone,product,medium,Customer raised a medium concern regarding product.,resolved,2025-01-04,-234.81,GHS,False,4
1582,CUS-7F2F1AAD05,7,10278,,,2025-01-16,email,delivery,medium,Customer raised a medium concern regarding delivery.,resolved,2025-01-27,130.09,GHS,False,11
1583,CUS-4C2065B3D4,4,11321,30734,317,2025-06-30,email,warranty,critical,Customer raised a critical concern regarding warranty.,resolved,2025-06-30,1413.63,GHS,False,0
1584,CUS-591CA4827D,14,2813,44237,,2024-02-12,website,service_delay,low,Customer raised a low concern regarding service delay.,resolved,2024-02-14,279.19,GHS,False,2
1585,CUS-B5C673DBA8,5,13798,11225,,2025-03-01,website,service_delay,medium,Customer raised a medium concern regarding service delay.,resolved,2025-03-08,73.98,GHS,False,7
1586,CUS-F25DBFB908,15,677,10341,,2024-11-25,website,service_delay,medium,Customer raised a medium concern regarding service delay.,resolved,2024-12-06,499.83,GHS,False,11
1587,CUS-FE370ADAB9,10,9110,14260,,2024-07-17,website,service_delay,critical,Customer raised a critical concern regarding service delay.,rejected,2024-08-01,352.26,GHS,True,15
1588,CUS-85A24A1C48,2,14,,,2025-05-14,phone,product,low,Customer raised a low concern regarding product.,resolved,2025-05-21,307.01,GHS,False,7
1589,CUS-3D57E47DE7,6,4151,26309,,2024-07-31,in_person,service_delay,medium,Customer raised a medium concern regarding service delay.,resolved,2024-08-05,107.14,GHS,False,5
1590,CUS-9A92E9DD1F,1,15922,22288,,2025-06-30,phone,service_delay,medium,Customer raised a medium concern regarding service delay.,resolved,2025-06-30,636.43,GHS,False,0
1591,CUS-B656DCF595,2,10240,,,2024-05-07,website,staff,high,Customer raised a high concern regarding staff.,resolved,2024-05-21,1.31,GHS,True,14
1592,CUS-5EFA78D431,13,8634,4548,,2024-03-26,phone,service_delay,critical,Customer raised a critical concern regarding service delay.,resolved,2024-04-15,3703.77,GHS,False,20
1593,CUS-8E2644041E,7,6186,10679,,2024-12-24,website,product,low,Customer raised a low concern regarding product.,resolved,2024-12-25,255.02,GHS,False,1
1594,CUS-7749B19DA2,11,7489,,,2024-01-01,phone,delivery,medium,Customer raised a medium concern regarding delivery.,resolved,2024-01-11,220.97,GHS,False,10
1595,CUS-DECC40F985,3,1586,17954,,2024-01-23,phone,service_delay,medium,Customer raised a medium concern regarding service delay.,investigating,,155.80,GHS,False,
1596,CUS-F913C0E371,2,2639,10066,,2024-08-31,email,staff,medium,Customer raised a medium concern regarding staff.,resolved,2024-09-07,705.16,GHS,False,7
1597,CUS-674517DC04,4,1964,6278,,2025-03-11,social,service_delay,medium,Customer raised a medium concern regarding service delay.,resolved,2025-03-19,778.74,GHS,False,8
1598,CUS-FC94062D60,1,2894,41327,,2024-08-04,phone,billing,critical,Customer raised a critical concern regarding billing.,resolved,2024-08-25,318.94,GHS,True,21
1599,CUS-5405C0A784,1,3531,,,2025-06-30,phone,delivery,critical,Customer raised a critical concern regarding delivery.,open,,1436.57,GHS,True,
1600,CUS-2D3D144482,4,6252,,,2025-03-17,phone,delivery,medium,Customer raised a medium concern regarding delivery.,resolved,2025-03-23,270.06,GHS,False,6
1601,CUS-A8F3F6E1E7,3,7219,,,2025-04-10,website,delivery,low,Customer raised a low concern regarding delivery.,rejected,2025-04-16,288.77,GHS,False,6
1602,CUS-821DB1B96A,2,6646,18238,618,2024-04-20,in_person,warranty,low,Customer raised a low concern regarding warranty.,resolved,2024-04-25,81.89,GHS,False,5
1603,CUS-1C3CD6104B,1,619,,,2024-01-11,phone,billing,medium,Customer raised a medium concern regarding billing.,resolved,2024-01-21,78.51,GHS,False,10
1604,CUS-641F13E27B,3,931,,,2024-12-01,email,product,high,Customer raised a high concern regarding product.,investigating,,441.67,GHS,True,
1605,CUS-0BA1EC370E,13,15910,19728,,2025-06-30,email,service_delay,high,Customer raised a high concern regarding service delay.,resolved,2025-06-30,1891.89,GHS,True,0
1606,CUS-A85411CDE6,14,7476,16590,,2024-05-10,phone,product,medium,Customer raised a medium concern regarding product.,resolved,2024-05-19,155.92,GHS,False,9
1607,CUS-B5E78404FA,2,13572,38101,,2025-06-30,in_person,service_delay,high,Customer raised a high concern regarding service delay.,investigating,,662.19,GHS,True,
1608,CUS-1FA21B9952,3,17541,2991,2645,2025-05-23,email,warranty,low,Customer raised a low concern regarding warranty.,rejected,2025-05-26,281.40,GHS,False,3
1609,CUS-6108206F1B,9,16443,47746,,2025-06-30,phone,billing,medium,Customer raised a medium concern regarding billing.,open,,469.21,GHS,False,
1610,CUS-FDF7A08DD5,4,6047,453,,2024-10-11,phone,product,medium,Customer raised a medium concern regarding product.,resolved,2024-10-19,424.85,GHS,False,8
1611,CUS-41A575C53F,9,16617,30058,,2025-06-30,in_person,billing,medium,Customer raised a medium concern regarding billing.,resolved,2025-06-30,710.30,GHS,False,0
1612,CUS-9A7FF22276,3,1304,,,2023-05-05,phone,delivery,high,Customer raised a high concern regarding delivery.,open,,1374.67,GHS,True,
1613,CUS-0A28B76FC1,8,4256,23846,,2023-09-26,phone,staff,low,Customer raised a low concern regarding staff.,open,,101.34,GHS,False,
1614,CUS-A1DF63A60B,1,2946,,,2023-05-30,phone,billing,high,Customer raised a high concern regarding billing.,resolved,2023-06-12,776.16,GHS,False,13
1615,CUS-637F67FDB5,2,12777,,,2024-11-13,phone,product,medium,Customer raised a medium concern regarding product.,rejected,2024-11-23,272.31,GHS,False,10
1616,CUS-55CE06A0D1,11,5697,2195,,2024-04-09,phone,staff,low,Customer raised a low concern regarding staff.,resolved,2024-04-15,287.84,GHS,False,6
1617,CUS-3EDF1C7403,5,13027,20466,2589,2025-06-30,email,warranty,high,Customer raised a high concern regarding warranty.,resolved,2025-06-30,214.67,GHS,True,0
1618,CUS-10DB55DB55,2,6628,,,2023-11-21,email,product,medium,Customer raised a medium concern regarding product.,resolved,2023-11-30,136.11,GHS,False,9
1619,CUS-8BA2EE4E28,5,1312,25560,1290,2024-06-27,phone,warranty,medium,Customer raised a medium concern regarding warranty.,resolved,2024-07-03,177.59,GHS,False,6
1620,CUS-0576991DBB,13,347,24962,,2023-09-07,email,product,medium,Customer raised a medium concern regarding product.,open,,25.18,GHS,False,
1621,CUS-CEEB2F4537,6,1199,35329,,2025-04-12,website,service_delay,high,Customer raised a high concern regarding service delay.,resolved,2025-04-24,1871.39,GHS,True,12
1622,CUS-4AB006EF41,10,16589,11938,,2025-06-30,email,service_delay,medium,Customer raised a medium concern regarding service delay.,resolved,2025-06-30,314.19,GHS,False,0
1623,CUS-A4C26A7DCA,2,15367,,,2024-12-04,social,delivery,medium,Customer raised a medium concern regarding delivery.,resolved,2024-12-12,14.52,GHS,False,8
1624,CUS-A11A5898C8,3,3128,36178,,2024-02-21,phone,service_delay,low,Customer raised a low concern regarding service delay.,investigating,,118.37,GHS,False,
1625,CUS-43E63D1F39,6,9856,,,2024-04-26,in_person,staff,medium,Customer raised a medium concern regarding staff.,open,,337.25,GHS,False,
1626,CUS-A81FF6863D,5,29,4904,,2024-06-08,phone,service_delay,low,Customer raised a low concern regarding service delay.,resolved,2024-06-11,280.03,GHS,False,3
1627,CUS-7DE93A3AFA,13,1994,41608,2476,2023-10-23,phone,warranty,high,Customer raised a high concern regarding warranty.,investigating,,574.21,GHS,True,
1628,CUS-4A210DD0CA,1,3907,,,2025-06-01,social,billing,medium,Customer raised a medium concern regarding billing.,resolved,2025-06-10,490.78,GHS,False,9
1629,CUS-99D3DC274A,9,4433,15990,,2025-05-29,website,service_delay,high,Customer raised a high concern regarding service delay.,resolved,2025-06-16,672.19,GHS,False,18
1630,CUS-5996E5653D,5,13989,,,2025-03-09,email,staff,medium,Customer raised a medium concern regarding staff.,resolved,2025-03-20,308.98,GHS,False,11
1631,CUS-DF259C4DF3,10,15263,23240,,2025-06-30,email,staff,low,Customer raised a low concern regarding staff.,open,,190.64,GHS,False,
1632,CUS-730638068B,6,592,11330,,2024-01-30,phone,staff,low,Customer raised a low concern regarding staff.,resolved,2024-02-01,161.37,GHS,False,2
1633,CUS-BA43A77586,9,8200,16768,,2025-02-18,email,billing,low,Customer raised a low concern regarding billing.,resolved,2025-02-24,21.86,GHS,False,6
1634,CUS-432C47F5E9,13,4767,43273,,2024-08-25,email,product,low,Customer raised a low concern regarding product.,open,,28.72,GHS,False,
1635,CUS-7DC308A88B,14,16659,23444,,2025-03-29,phone,service_delay,low,Customer raised a low concern regarding service delay.,resolved,2025-04-04,118.94,GHS,False,6
1636,CUS-01F7B3193F,15,13433,40723,,2025-06-09,phone,product,medium,Customer raised a medium concern regarding product.,resolved,2025-06-16,6.60,GHS,False,7
1637,CUS-65F3F3F0C0,1,6701,27068,,2025-03-25,email,product,low,Customer raised a low concern regarding product.,resolved,2025-03-26,53.02,GHS,False,1
1638,CUS-3210610D30,12,7488,,,2025-03-18,email,product,low,Customer raised a low concern regarding product.,resolved,2025-03-20,53.73,GHS,False,2
1639,CUS-DCBD876307,5,17399,,,2025-03-22,in_person,staff,medium,Customer raised a medium concern regarding staff.,investigating,,57.62,GHS,False,
1640,CUS-99A12B5A25,6,4884,36805,,2025-02-11,website,billing,low,Customer raised a low concern regarding billing.,resolved,2025-02-15,151.97,GHS,False,4
1641,CUS-9ACBE01D74,3,4050,,,2024-03-22,phone,billing,medium,Customer raised a medium concern regarding billing.,resolved,2024-04-02,23.85,GHS,False,11
1642,CUS-821DB1B96A,8,6646,,,2023-11-17,email,delivery,low,Customer raised a low concern regarding delivery.,resolved,2023-11-22,111.98,GHS,False,5
1643,CUS-E9FE3E3DE5,4,8277,,,2025-06-07,email,delivery,high,Customer raised a high concern regarding delivery.,open,,783.88,GHS,True,
1644,CUS-FF2C450631,1,17662,16263,,2025-06-30,website,service_delay,low,Customer raised a low concern regarding service delay.,resolved,2025-06-30,228.91,GHS,False,0
1645,CUS-1D6D4A24F9,5,6456,31565,,2025-06-30,email,service_delay,low,Customer raised a low concern regarding service delay.,resolved,2025-06-30,190.88,GHS,False,0
1646,CUS-B75E6F3508,1,15209,47568,,2025-01-06,website,billing,low,Customer raised a low concern regarding billing.,rejected,2025-01-12,141.28,GHS,False,6
1647,CUS-C3C349CC22,10,7710,32330,1575,2024-09-09,phone,warranty,medium,Customer raised a medium concern regarding warranty.,resolved,2024-09-17,631.61,GHS,False,8
1648,CUS-12DFCC65FF,12,5723,,,2024-11-18,social,billing,high,Customer raised a high concern regarding billing.,investigating,,302.32,GHS,True,
1649,CUS-AF0D0E21F2,5,9618,33967,2692,2025-06-30,social,warranty,medium,Customer raised a medium concern regarding warranty.,rejected,2025-06-30,354.16,GHS,False,0
1650,CUS-17C2F42AAB,7,8697,9902,,2025-06-30,email,staff,low,Customer raised a low concern regarding staff.,rejected,2025-06-30,47.94,GHS,False,0
1651,CUS-0508A64699,3,12721,10380,509,2024-09-27,in_person,warranty,low,Customer raised a low concern regarding warranty.,resolved,2024-10-04,148.08,GHS,False,7
1652,CUS-F4A721EFAF,11,18651,,,2025-04-22,email,billing,low,Customer raised a low concern regarding billing.,resolved,2025-04-30,120.26,GHS,False,8
1653,CUS-F890E348B7,6,9068,14219,,2024-04-16,phone,product,medium,Customer raised a medium concern regarding product.,resolved,2024-04-24,437.40,GHS,False,8
1654,CUS-3C79F797B3,12,9064,9873,,2025-06-30,in_person,billing,medium,Customer raised a medium concern regarding billing.,resolved,2025-06-30,784.35,GHS,False,0
1655,CUS-0D45475605,6,13142,,,2024-09-25,website,delivery,low,Customer raised a low concern regarding delivery.,rejected,2024-10-02,311.56,GHS,False,7
1656,CUS-A43DEF77DB,1,1871,10799,,2023-12-10,phone,billing,low,Customer raised a low concern regarding billing.,rejected,2023-12-11,270.68,GHS,False,1
1657,CUS-6BA51223B9,1,14628,41114,2750,2025-06-20,phone,,medium,Customer raised a medium concern regarding warranty.,open,,333.92,GHS,False,
1658,CUS-48948071EE,3,954,19803,,2024-02-11,social,product,low,Customer raised a low concern regarding product.,resolved,2024-02-17,38.14,GHS,False,6
1659,CUS-F2C2D488E2,3,4833,,,2023-10-06,email,delivery,low,Customer raised a low concern regarding delivery.,resolved,2023-10-10,90.33,GHS,False,4
1660,CUS-27A575B4E8,5,13183,7101,,2025-05-17,phone,product,medium,Customer raised a medium concern regarding product.,investigating,,547.76,GHS,False,
1661,CUS-3F6CF829DD,6,4681,14498,,2024-04-24,in_person,product,medium,Customer raised a medium concern regarding product.,resolved,2024-05-05,711.33,GHS,False,11
1662,CUS-A445ACCC73,10,11133,2790,,2024-07-04,phone,product,medium,Customer raised a medium concern regarding product.,resolved,2024-07-14,692.91,GHS,False,10
1663,CUS-EA1E450EE8,11,5290,4622,,2023-11-11,website,product,medium,Customer raised a medium concern regarding product.,open,,586.55,GHS,False,
1664,CUS-37F3FFF1D5,3,6090,5265,,2024-06-06,phone,product,high,Customer raised a high concern regarding product.,resolved,2024-06-18,1439.89,GHS,True,12
1665,CUS-1DFFC17BAB,8,5993,31980,1286,2024-01-30,phone,warranty,low,Customer raised a low concern regarding warranty.,resolved,2024-02-01,215.85,GHS,False,2
1666,CUS-F7E4F2470A,1,7213,,,2024-01-10,phone,billing,medium,Customer raised a medium concern regarding billing.,resolved,2024-01-18,791.67,GHS,False,8
1667,CUS-5A46035BEF,5,3982,66,410,2025-03-03,website,warranty,low,Customer raised a low concern regarding warranty.,resolved,2025-03-08,44.25,GHS,False,5
1668,CUS-5674B69EAE,15,6896,41877,2924,2024-04-14,in_person,warranty,medium,Customer raised a medium concern regarding warranty.,resolved,2024-04-25,238.40,GHS,False,11
1669,CUS-D8B14D2DC0,10,18856,,,2025-05-17,in_person,staff,medium,Customer raised a medium concern regarding staff.,resolved,2025-05-21,138.23,GHS,False,4
1670,CUS-B569A6A1C8,4,9388,,,2024-03-29,website,billing,medium,Customer raised a medium concern regarding billing.,rejected,2024-04-07,494.97,GHS,False,9
1671,CUS-4C3D24EF28,2,8232,7639,,2025-04-01,phone,service_delay,high,Customer raised a high concern regarding service delay.,resolved,2025-04-13,1753.33,GHS,True,12
1672,CUS-3AF14BDBF0,3,6175,,,2025-02-21,in_person,staff,low,Customer raised a low concern regarding staff.,resolved,2025-03-01,313.14,GHS,False,8
1673,CUS-6D1393E414,8,3226,8666,,2024-12-19,phone,service_delay,medium,Customer raised a medium concern regarding service delay.,resolved,2024-12-28,233.56,GHS,False,9
1674,CUS-E07DA64E5E,5,10762,,,2025-06-30,website,delivery,medium,Customer raised a medium concern regarding delivery.,resolved,2025-06-30,227.25,GHS,False,0
1675,CUS-5837EEC286,9,1630,,,2024-09-26,phone,delivery,high,Customer raised a high concern regarding delivery.,open,,1579.26,GHS,True,
1676,CUS-FC472C3AE3,3,6444,6000,,2023-12-21,website,service_delay,high,Customer raised a high concern regarding service delay.,resolved,2024-01-03,1932.64,GHS,True,13
1677,CUS-5346FE2537,1,20367,,,2025-06-30,email,billing,medium,Customer raised a medium concern regarding billing.,resolved,2025-06-30,307.40,GHS,False,0
1678,CUS-ED0FD2751D,9,5701,20814,,2023-12-14,phone,staff,medium,Customer raised a medium concern regarding staff.,investigating,,197.92,GHS,False,
1679,CUS-F161FFED98,1,1815,17066,,2025-06-30,phone,service_delay,high,Customer raised a high concern regarding service delay.,resolved,2025-06-30,377.67,GHS,True,0
1680,CUS-87D89AFCA7,2,4983,10357,,2024-03-18,phone,service_delay,medium,Customer raised a medium concern regarding service delay.,open,,93.31,GHS,False,
1681,CUS-F7DB477DD1,10,6907,,,2023-11-28,phone,staff,medium,Customer raised a medium concern regarding staff.,resolved,2023-12-07,24.75,GHS,False,9
1682,CUS-D034ABAC69,8,17463,,,2025-05-19,phone,staff,high,Customer raised a high concern regarding staff.,resolved,,382.72,GHS,True,18
1683,CUS-DE84CD9237,7,11482,10832,,2024-08-09,social,billing,medium,Customer raised a medium concern regarding billing.,resolved,2024-08-17,168.90,GHS,False,8
1684,CUS-6784170DCD,2,3634,22927,,2024-09-05,email,staff,low,Customer raised a low concern regarding staff.,resolved,2024-09-06,67.97,GHS,False,1
1685,CUS-A8B6E92825,11,659,31875,1359,2025-06-30,phone,warranty,high,Customer raised a high concern regarding warranty.,resolved,2025-06-30,1755.50,GHS,True,0
1686,CUS-1412E0A3F3,8,6724,33222,,2024-01-10,email,service_delay,low,Customer raised a low concern regarding service delay.,resolved,2024-01-13,253.10,GHS,False,3
1687,CUS-9A1A4A0214,10,333,28996,,2024-08-21,phone,service_delay,medium,Customer raised a medium concern regarding service delay.,resolved,2024-08-26,549.32,GHS,False,5
1688,CUS-B12732394A,8,19465,,,2025-06-19,email,delivery,low,Customer raised a low concern regarding delivery.,resolved,2025-06-21,79.96,GHS,False,2
1689,CUS-CFFD506E56,1,6379,14430,,2024-04-09,phone,product,medium,Customer raised a medium concern regarding product.,resolved,,90.87,GHS,False,4
1690,CUS-3848D708D7,5,870,,,2024-02-13,phone,delivery,low,Customer raised a low concern regarding delivery.,resolved,2024-02-17,157.97,GHS,False,4
1691,CUS-393A933014,2,13107,38722,,2024-10-11,website,service_delay,low,Customer raised a low concern regarding service delay.,resolved,2024-10-12,240.42,GHS,False,1
1692,CUS-15278967C8,12,946,,,2023-12-30,phone,product,medium,Customer raised a medium concern regarding product.,resolved,2024-01-08,536.11,GHS,False,9
1693,CUS-56B34BA637,10,7029,43080,2799,2024-10-20,phone,warranty,medium,Customer raised a medium concern regarding warranty.,resolved,2024-10-28,227.04,GHS,False,8
1694,CUS-0784AF7BC1,11,4111,,,2023-10-29,email,delivery,low,Customer raised a low concern regarding delivery.,resolved,2023-11-01,147.99,GHS,False,3
1695,CUS-A7863B43F7,2,3329,,,2024-07-22,phone,staff,medium,Customer raised a medium concern regarding staff.,open,,228.41,GHS,False,
1696,CUS-16D9930B2D,4,3049,36036,,2024-03-13,website,product,medium,Customer raised a medium concern regarding product.,resolved,2024-03-19,461.28,GHS,False,6
1697,CUS-CB9B0D7216,9,14410,298,,2025-03-03,phone,billing,low,Customer raised a low concern regarding billing.,rejected,2025-03-08,177.82,GHS,False,5
1698,CUS-4E26385414,1,15425,40290,,2025-05-14,phone,product,medium,Customer raised a medium concern regarding product.,resolved,2025-05-21,372.00,GHS,False,7
1699,CUS-7C7DDF092E,11,2834,,,2024-08-13,website,staff,high,Customer raised a high concern regarding staff.,rejected,2024-08-29,1514.24,GHS,False,16
1700,CUS-946C5BC990,4,18826,,,2025-05-25,website,delivery,medium,Customer raised a medium concern regarding delivery.,resolved,2025-06-05,750.26,GHS,False,11
1701,CUS-603B49F411,5,17984,42801,,2025-06-30,phone,product,medium,Customer raised a medium concern regarding product.,resolved,2025-06-30,679.16,GHS,False,0
1702,CUS-70785C2A1D,15,6219,36248,,2025-06-30,in_person,service_delay,medium,Customer raised a medium concern regarding service delay.,resolved,2025-06-30,117.90,GHS,False,0
1703,CUS-DFAD708B96,11,428,33415,,2023-10-06,phone,staff,high,Customer raised a high concern regarding staff.,investigating,,1859.91,GHS,True,
1704,CUS-64E340A66E,5,655,46639,908,2024-12-21,website,warranty,medium,Customer raised a medium concern regarding warranty.,resolved,2024-12-28,625.61,GHS,False,7
1705,CUS-FFA812E72F,6,15544,,,2024-12-08,in_person,delivery,medium,Customer raised a medium concern regarding delivery.,rejected,2024-12-15,531.71,GHS,False,7
1706,CUS-2556EC9B3A,6,1023,27605,,2023-05-20,website,service_delay,medium,Customer raised a medium concern regarding service delay.,resolved,2023-05-28,295.52,GHS,False,8
1707,CUS-0FD357BCFE,1,2872,,,2023-12-26,website,staff,low,Customer raised a low concern regarding staff.,investigating,,185.55,GHS,False,
1708,CUS-A3DBF03171,7,17647,29400,2451,2025-04-25,email,warranty,high,Customer raised a high concern regarding warranty.,rejected,2025-05-07,625.43,GHS,True,12
1709,CUS-47D91B3680,15,8336,21315,1675,2025-03-04,email,warranty,low,Customer raised a low concern regarding warranty.,resolved,2025-03-07,148.23,GHS,False,3
1710,CUS-57D5177BD9,7,17533,,,2025-03-24,in_person,staff,high,Customer raised a high concern regarding staff.,resolved,2025-04-09,1087.90,GHS,True,16
1711,CUS-FDA1A73913,6,15361,6543,,2025-01-04,phone,billing,medium,Customer raised a medium concern regarding billing.,resolved,2025-01-14,153.44,GHS,False,10
1712,CUS-023A84F720,15,8358,47100,2946,2024-10-22,phone,warranty,medium,Customer raised a medium concern regarding warranty.,rejected,2024-10-27,207.74,GHS,False,5
1713,CUS-39653748D7,4,13399,,,2024-09-30,in_person,billing,medium,Customer raised a medium concern regarding billing.,open,,90.86,GHS,False,
1714,CUS-8BEC5F8E95,8,12322,33837,,2024-09-18,in_person,SERVICE_DELAY,medium,Customer raised a medium concern regarding service delay.,investigating,,239.45,GHS,False,
1715,CUS-56864202F0,1,5079,27580,,2024-02-21,in_person,product,low,Customer raised a low concern regarding product.,resolved,2024-02-23,289.98,GHS,False,2
1716,CUS-8011C6EA54,2,1366,9537,1212,2025-06-30,phone,,high,Customer raised a high concern regarding warranty.,resolved,2025-06-30,1219.49,GHS,True,0
1717,CUS-4AC64ACE87,5,13919,7672,754,2025-06-30,website,warranty,medium,Customer raised a medium concern regarding warranty.,resolved,2025-06-30,200.59,GHS,False,0
1718,CUS-E03A107134,5,5306,14316,,2025-03-13,email,service_delay,medium,Customer raised a medium concern regarding service delay.,resolved,2025-03-17,479.54,GHS,False,4
1719,CUS-2D71640EDE,2,16571,23765,2390,2025-06-30,email,warranty,low,Customer raised a low concern regarding warranty.,resolved,2025-06-30,79.03,GHS,False,0
1720,CUS-A8E0083558,8,285,20780,,2023-08-23,email,service_delay,high,Customer raised a high concern regarding service delay.,resolved,2023-09-07,1128.25,GHS,False,15
1721,CUS-3891C53053,12,13487,,,2024-09-29,social,delivery,high,Customer raised a high concern regarding delivery.,resolved,2024-10-11,1507.67,GHS,False,12
1722,CUS-98D5716983,11,8326,21186,780,2025-02-17,in_person,warranty,medium,Customer raised a medium concern regarding warranty.,open,,522.55,GHS,False,
1723,CUS-EE36E5469F,2,13160,6232,,2024-09-19,in_person,service_delay,high,Customer raised a high concern regarding service delay.,resolved,2024-10-07,65.51,GHS,True,18
1724,CUS-FD8705119B,7,8796,,,2024-03-05,website,product,high,Customer raised a high concern regarding product.,resolved,2024-03-22,1595.17,GHS,True,17
1725,CUS-64B19BFB6B,2,7158,36674,,2025-06-30,in_person,staff,high,Customer raised a high concern regarding staff.,open,,1721.20,GHS,True,
1726,CUS-9BC9F27526,2,10817,701,,2025-06-30,phone,service_delay,medium,Customer raised a medium concern regarding service delay.,resolved,2025-06-30,376.44,GHS,False,0
1727,CUS-D14F87806B,5,664,21569,,2024-04-12,email,service_delay,low,Customer raised a low concern regarding service delay.,resolved,2024-04-13,149.93,GHS,False,1
1728,CUS-50BD417381,2,4678,47327,,2023-11-16,email,service_delay,low,Customer raised a low concern regarding service delay.,resolved,2023-11-23,234.00,GHS,False,7
1729,CUS-A86D63848D,3,1031,,,2023-03-15,email,product,high,Customer raised a high concern regarding product.,resolved,2023-03-30,999.63,GHS,True,15
1730,CUS-7422CE168F,10,4072,19270,,2023-10-30,website,product,low,Customer raised a low concern regarding product.,rejected,2023-10-31,135.75,GHS,False,1
1731,CUS-0360999DF1,1,5593,,,2023-09-27,social,delivery,high,Customer raised a high concern regarding delivery.,resolved,2023-10-10,1325.10,GHS,True,13
1732,CUS-1BA4C9D28E,11,2927,,,2024-11-01,phone,product,medium,Customer raised a medium concern regarding product.,resolved,2024-11-07,760.80,GHS,False,6
1733,CUS-C349DB0F94,2,6478,,,2025-04-02,website,staff,medium,Customer raised a medium concern regarding staff.,resolved,2025-04-13,783.75,GHS,False,11
1734,CUS-E12C2A1308,2,19010,,,2025-06-30,email,billing,medium,Customer raised a medium concern regarding billing.,resolved,2025-06-30,4.76,GHS,False,0
1735,CUS-85726D1466,7,9469,,,2024-04-18,phone,billing,medium,Customer raised a medium concern regarding billing.,resolved,2024-04-26,726.30,GHS,False,8
1736,CUS-6252675E08,6,493,,,2023-10-19,phone,delivery,medium,Customer raised a medium concern regarding delivery.,resolved,2023-10-23,441.21,GHS,False,4
1737,CUS-38E7E5A8CB,1,2175,,,2023-06-18,email,staff,medium,Customer raised a medium concern regarding staff.,resolved,2023-06-22,345.67,GHS,False,4
1738,CUS-D2AA04C226,2,460,,,2023-10-29,phone,staff,low,Customer raised a low concern regarding staff.,resolved,2023-10-30,25.17,GHS,False,1
1739,CUS-BAC6CB75BA,8,13969,,,2024-11-01,website,product,medium,Customer raised a medium concern regarding product.,resolved,2024-11-08,411.39,GHS,False,7
1740,CUS-19267F669F,1,1572,10324,,2023-11-29,email,staff,medium,Customer raised a medium concern regarding staff.,resolved,2023-12-09,150.27,GHS,False,10
1741,CUS-B80AE6756F,1,9482,27894,1353,2024-04-29,email,warranty,medium,Customer raised a medium concern regarding warranty.,resolved,2024-05-05,423.72,GHS,False,6
1742,CUS-9709E39CF2,15,148,45632,2331,2023-08-06,in_person,warranty,medium,Customer raised a medium concern regarding warranty.,investigating,,560.34,GHS,False,
1743,CUS-67EB8A2203,2,6618,34786,2137,2024-05-27,website,warranty,high,Customer raised a high concern regarding warranty.,resolved,2024-06-12,1493.79,GHS,True,16
1744,CUS-1ADA54DB02,6,5185,17921,2808,2023-12-14,social,warranty,low,Customer raised a low concern regarding warranty.,resolved,2023-12-15,261.65,GHS,False,1
1745,CUS-7A7709810A,2,5594,,,2025-06-17,phone,billing,low,Customer raised a low concern regarding billing.,resolved,2025-06-20,164.59,GHS,False,3
1746,CUS-90B851207B,8,16386,1138,,2025-06-30,website,billing,medium,Customer raised a medium concern regarding billing.,resolved,2025-06-30,542.76,GHS,False,0
1747,CUS-4B859F5CA6,1,6083,28845,,2025-02-09,phone,product,medium,Customer raised a medium concern regarding product.,investigating,,700.46,GHS,False,
1748,CUS-86E11922DF,1,9279,3912,110,2024-10-09,phone,warranty,low,Customer raised a low concern regarding warranty.,investigating,,165.59,GHS,False,
1749,CUS-07B0AB709A,1,16454,,,2025-01-31,email,delivery,medium,Customer raised a medium concern regarding delivery.,investigating,,657.47,GHS,False,
1750,CUS-A00BC874D3,9,6927,44905,,2024-12-25,website,billing,low,Customer raised a low concern regarding billing.,resolved,2024-12-30,244.69,GHS,False,5
1751,CUS-C379DCE069,5,15304,18735,2693,2025-06-30,phone,warranty,high,Customer raised a high concern regarding warranty.,resolved,2025-06-30,877.50,GHS,True,0
1752,CUS-196DB69531,5,14717,28635,,2025-02-10,in_person,service_delay,medium,Customer raised a medium concern regarding service delay.,resolved,2025-02-18,202.06,GHS,False,8
1753,CUS-E4A05C773F,6,16529,,,2025-02-12,website,product,medium,Customer raised a medium concern regarding product.,open,,554.16,GHS,False,
1754,CUS-E19F534096,1,9206,4870,,2024-08-27,social,service_delay,low,Customer raised a low concern regarding service delay.,resolved,2024-08-28,258.83,GHS,False,1
1755,CUS-DE4E79E4DB,6,168,,,2024-10-19,website,delivery,medium,Customer raised a medium concern regarding delivery.,resolved,2024-10-30,769.31,GHS,False,11
1756,CUS-6BFA326950,7,5070,47002,1611,2024-01-25,email,warranty,medium,Customer raised a medium concern regarding warranty.,resolved,2024-01-29,621.85,GHS,False,4
1757,CUS-DEEB81B5A0,9,14828,,,2025-06-30,email,delivery,medium,Customer raised a medium concern regarding delivery.,resolved,2025-06-30,365.13,GHS,False,0
1758,CUS-6CAAF4DD4B,3,5855,,,2025-02-03,in_person,delivery,low,Customer raised a low concern regarding delivery.,resolved,2025-02-10,168.50,GHS,False,7
1759,CUS-0AC83A2A29,6,11333,46197,,2024-11-09,website,staff,medium,Customer raised a medium concern regarding staff.,resolved,2024-11-15,298.18,GHS,False,6
1760,CUS-1957F52885,12,10384,26386,,2025-02-28,phone,service_delay,low,Customer raised a low concern regarding service delay.,resolved,2025-03-04,74.04,GHS,False,4
1761,CUS-EA2E131E83,3,6781,3121,,2024-02-16,website,product,high,Customer raised a high concern regarding product.,resolved,2024-03-02,435.27,GHS,True,15
1762,CUS-1DC435BBA7,3,2248,31662,850,2024-02-04,phone,warranty,high,Customer raised a high concern regarding warranty.,resolved,2024-02-21,-564.72,GHS,True,17
1763,CUS-F662234765,3,14238,466,,2025-06-30,phone,service_delay,high,Customer raised a high concern regarding service delay.,resolved,2025-06-30,1424.62,GHS,True,0
1764,CUS-10DB55DB55,1,15506,,,2025-02-17,email,delivery,low,Customer raised a low concern regarding delivery.,resolved,2025-02-20,5.43,GHS,False,3
1765,CUS-58DA09785B,14,10221,24675,,2025-06-30,in_person,service_delay,medium,Customer raised a medium concern regarding service delay.,resolved,2025-06-30,262.88,GHS,False,0
1766,CUS-BF72473D36,13,12711,,,2025-05-01,website,billing,high,Customer raised a high concern regarding billing.,open,,623.55,GHS,True,
1767,CUS-351AA45E11,2,9608,15043,363,2024-07-10,email,warranty,critical,Customer raised a critical concern regarding warranty.,rejected,2024-07-07,2397.76,GHS,False,20
1768,CUS-07D63AA19A,13,1481,,,2025-01-22,social,product,low,Customer raised a low concern regarding product.,resolved,2025-01-30,26.10,GHS,False,8
1769,CUS-FE607CFE4B,1,12603,35592,,2025-05-13,email,billing,low,Customer raised a low concern regarding billing.,resolved,2025-05-15,180.02,GHS,False,2
1770,CUS-1DBC51A058,9,831,,,2023-02-15,phone,billing,critical,Customer raised a critical concern regarding billing.,resolved,2023-03-06,1280.56,GHS,False,19
1771,CUS-E3954C7D5A,12,14976,,,2024-12-14,in_person,staff,high,Customer raised a high concern regarding staff.,resolved,,1346.41,GHS,False,12
1772,CUS-FDA1A73913,5,14480,,,2025-04-14,phone,delivery,medium,Customer raised a medium concern regarding delivery.,resolved,2025-04-25,262.58,GHS,False,11
1773,CUS-F10E3AAF64,8,2258,36447,,2023-06-30,email,service_delay,high,Customer raised a high concern regarding service delay.,resolved,2023-07-17,865.99,GHS,False,17
1774,CUS-CA43EA679C,11,17793,,,2025-03-28,phone,billing,low,Customer raised a low concern regarding billing.,resolved,2025-04-05,118.62,GHS,False,8
1775,CUS-6AF94750DF,3,13212,17347,,2025-06-26,phone,product ,medium,Customer raised a medium concern regarding product.,resolved,2025-06-30,633.77,GHS,False,4
1776,CUS-B4396C9D16,3,9178,,,2024-03-19,email,staff,low,Customer raised a low concern regarding staff.,open,,316.73,GHS,False,
1777,CUS-3531C7391F,6,2704,,,2025-02-04,social,billing,low,Customer raised a low concern regarding billing.,resolved,2025-02-12,141.31,GHS,False,8
1778,CUS-3308678DC6,3,12580,35672,628,2025-06-30,website,warranty,medium,Customer raised a medium concern regarding warranty.,resolved,2025-06-30,513.03,GHS,False,0
1779,CUS-3492BE5998,1,17898,29394,,2025-06-30,email,service_delay,low,Customer raised a low concern regarding service delay.,resolved,2025-06-30,146.87,GHS,False,0
1780,CUS-34864996F6,7,5455,4948,,2024-07-06,email,product,low,Customer raised a low concern regarding product.,investigating,,183.07,GHS,False,
1781,CUS-903A3BA886,1,11430,,,2024-10-16,in_person,delivery,high,Customer raised a high concern regarding delivery.,open,,1292.72,GHS,True,
1782,CUS-4CFC0886DB,1,13493,5724,,2025-06-30,email,product,critical,Customer raised a critical concern regarding product.,investigating,,706.32,GHS,False,
1783,CUS-4C2EACF431,11,12229,42638,,2025-06-30,email,product,high,Customer raised a high concern regarding product.,open,,1776.71,GHS,True,
1784,CUS-6EAB04FDCF,12,3971,441,1226,2024-05-11,email,warranty,high,Customer raised a high concern regarding warranty.,resolved,2024-05-27,364.70,GHS,True,16
1785,CUS-FC39DA2CFF,8,10639,30664,,2025-06-30,website,staff,medium,Customer raised a medium concern regarding staff.,resolved,2025-06-30,114.01,GHS,False,0
1786,CUS-B584EC118A,3,6863,23115,,2024-09-13,website,service_delay,medium,Customer raised a medium concern regarding service delay.,resolved,2024-09-22,220.63,GHS,False,9
1787,CUS-9DDD4272AD,6,8034,3999,,2024-02-28,in_person,service_delay,medium,Customer raised a medium concern regarding service delay.,resolved,2024-03-04,653.59,GHS,False,5
1788,CUS-295A2C0E76,3,6213,37816,,2024-01-21,in_person,service_delay,low,Customer raised a low concern regarding service delay.,resolved,2024-01-29,103.26,GHS,False,8
1789,CUS-D61692B694,2,1883,,,2024-08-19,phone,delivery,high,Customer raised a high concern regarding delivery.,resolved,2024-08-31,955.32,GHS,False,12
1790,CUS-87C026B407,9,12027,,,2024-08-08,phone,billing,medium,Customer raised a medium concern regarding billing.,resolved,2024-08-14,558.88,GHS,False,6
1791,CUS-34374B29AD,7,17643,,,2025-03-11,phone,billing,low,Customer raised a low concern regarding billing.,resolved,2025-03-17,142.16,GHS,False,6
1792,CUS-A86D63848D,15,1031,47721,,2023-05-29,phone,service_delay,low,Customer raised a low concern regarding service delay.,resolved,2023-06-02,297.32,GHS,False,4
1793,CUS-31570A46F2,12,3391,36512,,2023-08-17,phone,staff,low,Customer raised a low concern regarding staff.,resolved,2023-08-18,46.32,GHS,False,1
1794,CUS-5EA35400AB,2,11326,28740,1328,2025-06-30,website,warranty,low,Customer raised a low concern regarding warranty.,resolved,2025-06-30,132.42,GHS,False,0
1795,CUS-09AFF8FC5A,5,15974,,,2025-05-12,email,product,medium,Customer raised a medium concern regarding product.,resolved,2025-05-16,587.93,GHS,False,4
1796,CUS-4FF95F9459,1,7013,25084,,2025-02-14,phone,service_delay,medium,Customer raised a medium concern regarding service delay.,open,,4.32,GHS,False,
1797,CUS-31BC2A1B99,1,13,30045,2700,2023-10-02,phone,warranty,medium,Customer raised a medium concern regarding warranty.,resolved,2023-10-10,43.85,GHS,False,8
1798,CUS-B40C66375D,4,3125,3039,,2025-06-30,website,product,low,Customer raised a low concern regarding product.,rejected,2025-06-30,179.80,GHS,False,0
1799,CUS-570A3511FF,6,787,15213,,2024-12-22,in_person,billing,medium,Customer raised a medium concern regarding billing.,resolved,2024-12-28,608.25,GHS,False,6
1800,CUS-0A81F382E8,4,12405,,,2024-08-14,in_person,product,medium,Customer raised a medium concern regarding product.,resolved,2024-08-18,356.31,GHS,False,4
1801,CUS-644CB1CB3F,4,14589,7607,,2025-06-30,in_person,billing,low,Customer raised a low concern regarding billing.,open,,11.25,GHS,False,
1802,CUS-F4FB171349,7,9312,,,2024-04-10,website,delivery,low,Customer raised a low concern regarding delivery.,resolved,2024-04-14,14.58,GHS,False,4
1803,CUS-BBB6974AC0,6,9674,19238,,2024-05-13,email,product,medium,Customer raised a medium concern regarding product.,resolved,2024-05-17,492.67,GHS,False,4
1804,CUS-112172430D,4,17452,,,2025-03-29,phone,delivery,high,Customer raised a high concern regarding delivery.,resolved,2025-04-09,684.39,GHS,True,11
1805,CUS-D2C362C420,6,284,,,2023-01-23,email,delivery,medium,Customer raised a medium concern regarding delivery.,open,,336.55,GHS,False,
1806,CUS-1E8F657688,3,16550,38531,,2025-06-30,email,service_delay,low,Customer raised a low concern regarding service delay.,resolved,2025-06-30,190.79,GHS,False,0
1807,CUS-1906A68F21,2,16373,14420,,2025-02-03,email,billing,medium,Customer raised a medium concern regarding billing.,resolved,2025-02-07,493.99,GHS,False,4
1808,CUS-0515B37334,6,3569,27915,,2025-06-30,social,product,medium,Customer raised a medium concern regarding product.,resolved,2025-06-30,200.23,GHS,False,0
1809,CUS-8ECD9604DF,3,8675,173,1573,2025-06-30,email,warranty,medium,Customer raised a medium concern regarding warranty.,resolved,2025-06-30,624.26,GHS,False,0
1810,CUS-5954C73A21,10,18259,,,2025-04-19,phone,product,medium,Customer raised a medium concern regarding product.,resolved,2025-04-28,178.92,GHS,False,9
1811,CUS-FEF8CFEA6D,11,4314,35830,,2025-04-30,email,billing,medium,Customer raised a medium concern regarding billing.,resolved,2025-05-04,112.15,GHS,False,4
1812,CUS-FEDEE98435,1,3188,42690,,2024-10-26,email,service_delay,medium,Customer raised a medium concern regarding service delay.,resolved,2024-10-30,195.34,GHS,False,4
1813,CUS-2F8D8DDD9E,5,1091,26542,245,2024-03-22,website,warranty,high,Customer raised a high concern regarding warranty.,resolved,2024-04-09,1522.76,GHS,True,18
1814,CUS-5D79469B92,1,17177,,,2025-03-13,social,staff,medium,Customer raised a medium concern regarding staff.,resolved,2025-03-24,66.36,GHS,False,11
1815,CUS-036FEC9225,10,7559,46727,,2025-06-30,in_person,service_delay,medium,Customer raised a medium concern regarding service delay.,resolved,2025-06-30,469.27,GHS,False,0
1816,CUS-97F0E96FB2,3,7584,4672,,2024-07-29,phone,service_delay,medium,Customer raised a medium concern regarding service delay.,resolved,2024-08-05,615.71,GHS,False,7
1817,CUS-F20D935884,4,2478,,,2023-05-10,phone,billing,high,Customer raised a high concern regarding billing.,investigating,,719.71,GHS,True,
1818,CUS-4651A049B4,5,5707,716,,2023-12-18,website,billing,medium,Customer raised a medium concern regarding billing.,resolved,2023-12-27,196.99,GHS,False,9
1819,CUS-DA276C20F8,2,585,,,2023-03-10,phone,delivery,low,Customer raised a low concern regarding delivery.,open,2023-03-07,21.84,GHS,False,
1820,CUS-C6F3EF3C82,3,1977,41193,1480,2024-12-27,phone,warranty,low,Customer raised a low concern regarding warranty.,resolved,2025-01-03,291.52,GHS,False,7
1821,CUS-B271133448,2,20090,,,2025-06-30,social,product,medium,Customer raised a medium concern regarding product.,resolved,2025-06-30,305.16,GHS,False,0
1822,CUS-765F90550D,8,3205,20358,,2025-06-30,social,service_delay,low,Customer raised a low concern regarding service delay.,resolved,2025-06-30,71.14,GHS,False,0
1823,CUS-58DA09785B,5,3255,42669,,2023-11-01,in_person,staff,medium,Customer raised a medium concern regarding staff.,resolved,2023-11-08,391.00,GHS,False,7
1824,CUS-C8FC347612,9,257,44161,1981,2023-11-08,website,warranty,low,Customer raised a low concern regarding warranty.,rejected,2023-11-12,292.51,GHS,False,4
1825,CUS-B4396C9D16,3,9178,,,2024-03-10,email,billing,medium,Customer raised a medium concern regarding billing.,investigating,,450.56,GHS,False,
1826,CUS-6A9C1593C9,15,5015,31335,2938,2023-10-19,social,warranty,medium,Customer raised a medium concern regarding warranty.,resolved,2023-10-26,489.45,GHS,False,7
1827,CUS-4BDF83EA14,9,9719,24958,844,2024-08-13,phone,warranty,high,Customer raised a high concern regarding warranty.,resolved,2024-08-31,1089.45,GHS,True,18
1828,CUS-07A56911A6,7,12556,,,2024-08-12,email,product,medium,Customer raised a medium concern regarding product.,resolved,2024-08-23,165.34,GHS,False,11
1829,CUS-85042A7A6F,4,17564,10538,,2025-06-23,phone,billing,medium,Customer raised a medium concern regarding billing.,resolved,2025-06-30,98.56,GHS,False,7
1830,CUS-9C1F721B36,8,11859,4133,,2024-11-03,phone,service_delay,medium,Customer raised a medium concern regarding service delay.,resolved,2024-11-14,395.47,GHS,False,11
1831,CUS-D22A82D7A6,2,12672,,,2024-08-28,email,product,medium,Customer raised a medium concern regarding product.,resolved,2024-09-03,757.56,GHS,False,6
1832,CUS-9417D818C6,8,14021,,,2024-10-20,phone,product,high,Customer raised a high concern regarding product.,resolved,2024-11-06,360.67,GHS,True,17
1833,CUS-A176B5A88F,11,15646,,,2024-12-19,email,delivery,low,Customer raised a low concern regarding delivery.,resolved,2024-12-23,208.79,GHS,False,4
1834,CUS-DE306ED28E,3,12434,2890,173,2025-06-30,website,warranty,low,Customer raised a low concern regarding warranty.,resolved,2025-06-30,239.58,GHS,False,0
1835,CUS-07E41E2A19,8,2887,,,2024-05-24,phone,delivery,high,Customer raised a high concern regarding delivery.,resolved,2024-06-05,459.19,GHS,True,12
1836,CUS-A7E2A52184,3,1232,7751,,2024-03-20,email,service_delay,low,Customer raised a low concern regarding service delay.,resolved,2024-03-21,20.76,GHS,False,1
1837,CUS-393185188F,9,6056,4762,3013,2024-01-01,email,warranty,high,Customer raised a high concern regarding warranty.,resolved,2024-01-17,1378.70,GHS,True,16
1838,CUS-2FBEA5A757,6,12373,,,2025-04-15,in_person,product,medium,Customer raised a medium concern regarding product.,resolved,2025-04-24,680.54,GHS,False,9
1839,CUS-7B9475CB29,9,329,15181,,2025-04-28,website,service_delay,low,Customer raised a low concern regarding service delay.,rejected,2025-04-30,87.49,GHS,False,2
1840,CUS-8FDD8D5F36,5,742,,,2023-03-24,email,staff,medium,Customer raised a medium concern regarding staff.,resolved,2023-03-29,36.03,GHS,False,5
1841,CUS-A59F66D053,4,13610,17786,929,2024-11-14,email,warranty,medium,Customer raised a medium concern regarding warranty.,resolved,2024-11-19,158.86,GHS,False,5
1842,CUS-B7B9294BA8,12,18493,,,2025-04-27,email,product,medium,Customer raised a medium concern regarding product.,rejected,2025-05-03,654.32,GHS,False,6
1843,CUS-123A54ABFF,15,8442,6438,,2025-06-30,phone,service_delay,low,Customer raised a low concern regarding service delay.,resolved,2025-06-30,90.80,GHS,False,0
1844,CUS-6109A366B8,8,20098,,,2025-06-30,email,delivery,medium,Customer raised a medium concern regarding delivery.,investigating,,354.58,GHS,False,
1845,CUS-03603E8682,7,11207,17229,,2024-07-19,phone,billing,medium,Customer raised a medium concern regarding billing.,resolved,2024-07-28,281.79,GHS,False,9
1846,CUS-1579B15796,3,11211,27822,280,2024-07-25,phone,warranty,medium,Customer raised a medium concern regarding warranty.,resolved,2024-08-05,152.95,GHS,False,11
1847,CUS-572B082D59,3,2328,29963,,2024-02-16,email,billing,medium,Customer raised a medium concern regarding billing.,resolved,2024-02-26,161.18,GHS,False,10
1848,CUS-FB0176A5CE,5,1275,,,2023-04-03,website,product,low,Customer raised a low concern regarding product.,resolved,2023-04-08,287.49,GHS,False,5
1849,CUS-D9106F5ACE,7,3846,27368,,2025-06-30,phone,service_delay,high,Customer raised a high concern regarding service delay.,investigating,,1269.11,GHS,False,
1850,CUS-0ADC1E8E76,5,8967,1952,,2024-08-27,website,staff,low,Customer raised a low concern regarding staff.,resolved,2024-08-29,29.56,GHS,False,2
1851,CUS-620F544740,3,3613,5913,,2024-04-06,phone,product,medium,Customer raised a medium concern regarding product.,resolved,2024-04-16,504.39,GHS,False,10 
1852,CUS-FDA1A73913,6,15361,6543,,2025-01-04,phone,billing,medium,Customer raised a medium concern regarding billing.,resolved,2025-01-14,153.44,GHS,False,10 
1853,CUS-F1961D3B14,9,9051,,,2024-03-10,website,delivery,low,Customer raised a low concern regarding delivery.,resolved,2024-03-12,5.32,GHS,False,2 
1854,CUS-4FF95F9459,10,7013,32551,,2025-05-17,phone,service_delay,high,Customer raised a high concern regarding service delay.,resolved,2025-05-30,355.28,GHS,True,13 
1855,CUS-1AC630CC66,2,15956,9984,,2025-06-30,email,billing,medium,Customer raised a medium concern regarding billing.,resolved,2025-06-30,394.31,GHS,False,0 
314,CUS-8576234A7D,10,14269,30709,920,2025-06-30,phone,warranty,high,Customer raised a high concern regarding warranty.,resolved,2025-06-30,383.21,GHS,False,0
1085,CUS-64C42DA660,8,254,,,2023-11-29,email,billing,low,Customer raised a low concern regarding billing.,open,,217.49,GHS,False,
459,CUS-B8946E7B91,12,7263,29313,,2025-03-12,social,service_delay,medium,Customer raised a medium concern regarding service delay.,resolved,2025-03-20,389.86,GHS,False,8
1836,CUS-A7E2A52184,3,1232,7751,,2024-03-20,email,service_delay,low,Customer raised a low concern regarding service delay.,resolved,2024-03-21,20.76,GHS,False,1
1147,CUS-D7403059C3,2,5508,5089,,2025-03-29,social,service_delay,low,Customer raised a low concern regarding service delay.,resolved,2025-04-04,214.88,GHS,False,6
1291,CUS-2C89CB97C2,2,3358,9224,,2023-12-06,website,service_delay,critical,Customer raised a critical concern regarding service delay.,resolved,2023-12-26,2582.74,GHS,True,20
1541,CUS-7B01AEE8CD,6,3870,11173,,2025-05-21,phone,service_delay,low,Customer raised a low concern regarding service delay.,resolved,2025-05-28,270.10,GHS,False,7
1702,CUS-70785C2A1D,15,6219,36248,,2025-06-30,in_person,service_delay,medium,Customer raised a medium concern regarding service delay.,resolved,2025-06-30,117.90,GHS,False,0
