claim_id,service_id,inventory_id,sale_id,branch_id,claim_date,failure_category,claim_description,claim_amount,approved_amount,claim_status,decision_date,manufacturer_recovery_amount,currency_code,days_to_resolution,repeat_claim_flag
1,3195,4276,10315,9,2025-01-19,suspension,Customer reported suspension failure; diagnosis completed.,1486.36,1486.36,approved,2025-02-11,1261.07,GHS,23,False
2,3954,12604,18307,2,2025-06-30,body_hardware,Customer reported body hardware failure; diagnosis completed.,1553.33,0.00,denied,2025-06-30,0.00,GHS,0,False
3,40055,19596,9715,2,2025-06-30,infotainment,Customer reported infotainment failure; diagnosis completed.,880.66,880.66,approved,2025-06-30,838.50,GHS,0,False
4,462,19552,1282,10,2024-09-29,engine,Customer reported engine failure; diagnosis completed.,1484.21,1484.21,approved,2024-10-13,1313.68,GHS,14,False
5,47214,2930,5415,1,2025-03-11,engine,Customer reported engine failure; diagnosis completed.,2080.56,2080.56,approved,2025-03-29,1820.85,GHS,18,False
6,36737,17996,1388,1,2024-05-14,engine,Customer reported engine failure; diagnosis completed.,2724.20,2724.20,approved,2024-06-06,2594.67,GHS,23,False
7,21625,7916,1526,2,2023-11-01,electrical,Customer reported electrical failure; diagnosis completed.,3393.29,3393.29,approved,2023-11-08,2838.94,GHS,7,False
8,10751,17161,19906,4,2025-06-30,electrical,Customer reported electrical failure; diagnosis completed.,314.11,314.11,approved,2025-06-30,291.89,GHS,0,False
9,12758,17052,5180,10,2023-09-29,infotainment,Customer reported infotainment failure; diagnosis completed.,800.10,800.10,approved,2023-10-07,728.16,GHS,8,False
10,43393,16661,2062,5,2023-07-22,infotainment,Customer reported infotainment failure; diagnosis completed.,948.82,948.82,approved,2023-08-10,937.15,GHS,19,False
11,4006,15547,2693,15,2024-08-09,electrical,Customer reported electrical failure; diagnosis completed.,2111.66,2111.66,approved,2024-08-29,1995.43,GHS,20,False
12,1430,9199,3978,8,2025-03-14,suspension,Customer reported suspension failure; diagnosis completed.,,9388.62,approved,2025-03-25,8666.24,GHS,11,True
13,38157,14437,2553,1,2024-05-20,suspension,Customer reported suspension failure; diagnosis completed.,796.50,0.00,denied,2024-05-23,0.00,GHS,3,True
14,18632,12675,2292,6,2025-01-13,infotainment,Customer reported infotainment failure; diagnosis completed.,1258.87,744.21,partially_approved,2025-01-24,610.86,GHS,11,False
15,16679,10318,4499,1,2024-01-17,electrical,Customer reported electrical failure; diagnosis completed.,3773.71,3773.71,approved,2024-02-07,3373.15,GHS,21,False
16,30164,18546,7646,6,2024-01-17,body_hardware,Customer reported body hardware failure; diagnosis completed.,638.47,638.47,approved,2024-01-23,560.10,GHS,6,False
17,26173,17524,13504,11,2024-12-18,electrical,Customer reported electrical failure; diagnosis completed.,605.77,605.77,approved,2025-01-09,570.42,GHS,22,False
18,22149,19067,15673,4,2025-06-30,body_hardware,Customer reported body hardware failure; diagnosis completed.,607.16,607.16,approved,2025-06-30,498.06,GHS,0,False
19,45663,20786,11076,9,2025-02-07,electrical,Customer reported electrical failure; diagnosis completed.,580.51,580.51,approved,2025-02-10,496.11,GHS,3,True
20,17603,18582,9697,2,2024-04-21,electrical,Customer reported electrical failure; diagnosis completed.,899.77,899.77,approved,2024-05-10,773.16,GHS,19,False
21,39359,4107,429,8,2024-04-15,infotainment,Customer reported infotainment failure; diagnosis completed.,1748.11,0.00,denied,2024-05-05,0.00,GHS,20,False
22,2810,2150,14674,8,2024-12-12,infotainment,Customer reported infotainment failure; diagnosis completed.,3536.38,3536.38,approved,2024-12-19,3405.17,GHS,7,False
23,18395,185,5952,1,2025-06-30,battery,Customer reported battery failure; diagnosis completed.,627.79,627.79,approved,2025-06-30,549.10,GHS,0,False
24,34838,24467,361,6,2024-01-07,engine,Customer reported engine failure; diagnosis completed.,2980.85,2980.85,approved,2024-01-15,2613.34,GHS,8,False
25,36835,12697,7852,2,2024-07-19,engine,Customer reported engine failure; diagnosis completed.,569.69,276.42,partially_approved,2024-07-29,275.19,GHS,10,True
26,16685,7724,17827,1,2025-06-30,suspension,Customer reported suspension failure; diagnosis completed.,2778.96,2079.60,partially_approved,2025-06-30,1855.62,GHS,0,True
27,15998,23570,14483,12,2025-05-16,transmission,Customer reported transmission failure; diagnosis completed.,622.76,622.76,approved,2025-06-16,595.37,GHS,31,False
28,4758,6037,6981,8,2024-12-05,electrical,Customer reported electrical failure; diagnosis completed.,945.39,0.00,denied,2024-12-25,0.00,GHS,20,False
29,183,16425,12345,1,2025-06-30,infotainment,Customer reported infotainment failure; diagnosis completed.,2077.79,2077.79,approved,2025-06-30,1855.62,GHS,0,False
30,6705,24446,5194,4,2023-10-30,electrical,Customer reported electrical failure; diagnosis completed.,1448.75,2226.52,approved,2023-11-11,1234.40,GHS,12,False
31,27565,722,13069,8,2025-02-28,electrical,Customer reported electrical failure; diagnosis completed.,1530.05,1530.05,approved,2025-03-18,1495.18,GHS,18,True
32,24764,21199,5260,3,2024-03-15,body_hardware,Customer reported body hardware failure; diagnosis completed.,947.60,947.60,approved,2024-03-20,930.82,GHS,5,False
33,30671,17588,4343,13,2024-07-13,transmission,Customer reported transmission failure; diagnosis completed.,712.62,712.62,approved,2024-07-31,675.46,GHS,18,False
34,31833,3205,6889,9,2024-10-22,transmission,Customer reported transmission failure; diagnosis completed.,727.98,434.33,partially_approved,2024-11-17,396.77,GHS,26,False
35,25957,7544,9638,8,2025-06-30,suspension,Customer reported suspension failure; diagnosis completed.,1260.78,0.00,denied,2025-06-30,0.00,GHS,0,False
36,16614,20308,9040,9,2024-12-19,engine,Customer reported engine failure; diagnosis completed.,2176.37,2176.37,approved,2024-12-29,1968.85,GHS,10,False
37,21130,5373,2436,8,2023-12-03,engine,Customer reported engine failure; diagnosis completed.,1868.48,1098.64,partially_approved,2023-12-14,952.33,GHS,11,True
38,11219,19937,12395,11,2025-02-20,electrical,Customer reported electrical failure; diagnosis completed.,1575.20,0.00,denied,2025-02-25,0.00,GHS,5,False
39,38366,21036,17519,2,2025-05-08,transmission,Customer reported transmission failure; diagnosis completed.,1188.78,595.46,partially_approved,2025-06-10,588.39,GHS,33,True
40,16374,20341,10789,13,2025-03-20,engine,Customer reported engine failure; diagnosis completed.,3035.32,3035.32,approved,2025-03-24,2656.78,GHS,4,False
41,36504,14504,7742,15,2025-06-30,suspension,Customer reported suspension failure; diagnosis completed.,5582.54,5582.54,approved,2025-06-30,4707.70,GHS,0,False
42,21560,15280,5046,1,2024-07-28,body_hardware,Customer reported body hardware failure; diagnosis completed.,437.36,209.97,partially_approved,2024-08-10,189.26,GHS,13,False
43,29381,17724,6724,3,2024-06-26,body_hardware,Customer reported body hardware failure; diagnosis completed.,756.68,0.00,denied,2024-07-18,0.00,GHS,22,False
44,24115,19681,4424,10,2024-03-08,battery,Customer reported battery failure; diagnosis completed.,2073.03,0.00,approved,,0.00,GHS,20,False
45,24642,12570,10996,1,2024-10-20,engine,Customer reported engine failure; diagnosis completed.,1739.26,0.00,denied,2024-10-23,0.00,GHS,3,False
46,18760,18749,5910,12,2025-06-30,suspension,Customer reported suspension failure; diagnosis completed.,2560.97,0.00,denied,2025-06-30,0.00,GHS,0,False
47,19760,11522,909,10,2024-02-12,battery,Customer reported battery failure; diagnosis completed.,1950.95,998.96,partially_approved,2024-03-14,980.54,GHS,31,False
48,45130,5868,16096,2,2025-03-11,electrical,Customer reported electrical failure; diagnosis completed.,2050.84,2050.84,approved,2025-03-15,1733.59,GHS,4,False
49,47820,19093,10682,4,2025-03-04,electrical,Customer reported electrical failure; diagnosis completed.,679.34,679.34,approved,2025-03-26,618.19,GHS,22,False
50,27498,3535,9416,3,2024-12-19,engine,Customer reported engine failure; diagnosis completed.,439.60,439.60,approved,2025-01-03,374.98,GHS,15,True
51,26609,20035,4739,1,2024-07-26,electrical,Customer reported electrical failure; diagnosis completed.,883.02,883.02,approved,2024-07-31,823.01,GHS,5,False
52,23255,20622,928,2,2025-03-20,infotainment,Customer reported infotainment failure; diagnosis completed.,3158.85,3158.85,approved,2025-04-09,2909.10,GHS,20,False
53,46210,20877,10380,8,2024-05-31,electrical,Customer reported electrical failure; diagnosis completed.,1796.56,1796.56,approved,2024-06-19,1704.10,GHS,19,False
54,8613,8303,11929,6,2024-07-23,transmission,Customer reported transmission failure; diagnosis completed.,487.16,487.16,approved,2024-08-17,473.55,GHS,25,False
55,17654,21504,2703,10,2024-02-05,transmission,Customer reported transmission failure; diagnosis completed.,1622.96,1622.96,approved,2024-03-05,1440.53,GHS,29,False
56,1206,15936,528,4,2023-07-28,electrical,Customer reported electrical failure; diagnosis completed.,2423.77,1767.51,partially_approved,2023-08-15,1467.73,GHS,18,False
57,37462,6277,411,1,2024-02-12,infotainment,Customer reported infotainment failure; diagnosis completed.,2304.28,2304.28,approved,2024-02-27,2229.39,GHS,15,False
58,3985,8774,1998,8,2023-05-03,infotainment,Customer reported infotainment failure; diagnosis completed.,831.90,777.77,denied,2023-05-18,0.00,GHS,15,False
59,4841,6208,5875,8,2024-10-28,engine,Customer reported engine failure; diagnosis completed.,3537.90,3537.90,approved,2024-11-07,3071.80,GHS,10,False
60,1385,3086,478,5,2023-12-16,suspension,Customer reported suspension failure; diagnosis completed.,3486.23,3486.23,approved,2023-12-28,3166.89,GHS,12,False
61,6806,23308,6253,2,2023-11-19,electrical,Customer reported electrical failure; diagnosis completed.,534.54,534.54,approved,2023-11-24,525.48,GHS,5,False
62,22844,24029,12555,8,2025-04-18,engine,Customer reported engine failure; diagnosis completed.,2137.48,1092.77,partially_approved,2025-05-04,1009.14,GHS,16,False
63,8799,3475,6237,9,2024-03-04,battery,Customer reported battery failure; diagnosis completed.,1915.28,1121.60,partially_approved,2024-04-05,1035.35,GHS,32,False
64,7608,7384,4241,5,2024-01-17,electrical,Customer reported electrical failure; diagnosis completed.,3124.25,3124.25,approved,2024-01-31,3081.95,GHS,14,False
65,14844,2156,10656,9,2025-06-30,transmission,Customer reported transmission failure; diagnosis completed.,610.09,437.59,partially_approved,2025-06-30,437.10,GHS,0,False
66,46268,13957,6888,2,2024-09-06,engine,Customer reported engine failure; diagnosis completed.,2204.91,2204.91,approved,2024-09-18,1870.92,GHS,12,False
67,5609,16740,4668,7,2024-12-31,infotainment,Customer reported infotainment failure; diagnosis completed.,436.23,436.23,approved,2025-01-03,433.81,GHS,3,False
68,32599,2877,12443,1,2025-06-30,suspension,Customer reported suspension failure; diagnosis completed.,2065.94,1117.14,partially_approved,2025-06-30,1013.05,GHS,0,False
69,6675,14746,1716,13,2025-06-30,transmission,Customer reported transmission failure; diagnosis completed.,668.00,668.00,approved,2025-06-30,626.44,GHS,0,False
70,9009,6143,8494,2,2024-06-12,battery,Customer reported battery failure; diagnosis completed.,4033.30,4033.30,approved,2024-07-12,3318.02,GHS,30,False
71,12385,20195,12873,1,2025-06-30,electrical,Customer reported electrical failure; diagnosis completed.,922.94,922.94,approved,2025-06-30,763.54,GHS,0,False
72,6781,22787,10342,15,2024-05-20,battery,Customer reported battery failure; diagnosis completed.,6337.25,6337.25,approved,2024-07-05,5575.19,GHS,46,False
73,5448,3444,8702,10,2024-08-31,battery,Customer reported battery failure; diagnosis completed.,3170.02,0.00,denied,2024-10-09,0.00,GHS,39,False
74,3377,6603,9344,1,2025-04-11,engine,Customer reported engine failure; diagnosis completed.,915.36,915.36,approved,2025-04-18,787.27,GHS,7,False
75,17334,21375,1970,1,2024-07-08,infotainment,Customer reported infotainment failure; diagnosis completed.,3452.03,3452.03,approved,2024-07-26,3424.65,GHS,18,False
76,25602,18753,15229,3,2025-04-09,body_hardware,Customer reported body hardware failure; diagnosis completed.,2571.46,2571.46,approved,2025-04-19,2330.87,GHS,10,False
77,5933,9130,11721,6,2024-07-14,transmission,Customer reported transmission failure; diagnosis completed.,432.17,0.00,denied,2024-08-18,0.00,GHS,35,False
78,15338,23003,6444,13,2023-12-14,suspension,Customer reported suspension failure; diagnosis completed.,13186.14,13186.14,approved,2023-12-29,12202.57,GHS,15,False
79,38874,15215,5517,8,2024-01-15,electrical,Customer reported electrical failure; diagnosis completed.,1627.64,0.00,denied,2024-01-29,0.00,GHS,14,False
80,45201,24612,12853,9,2025-02-26,electrical,Customer reported electrical failure; diagnosis completed.,376.94,376.94,approved,2025-03-22,323.83,GHS,24,False
81,9006,19270,8298,8,2024-05-29,transmission,Customer reported transmission failure; diagnosis completed.,4462.96,0.00,denied,2024-07-17,0.00,GHS,49,False
82,46500,20891,11410,1,2024-08-12,body_hardware,Customer reported body hardware failure; diagnosis completed.,1291.80,0.00,denied,2024-08-24,0.00,GHS,12,False
83,2883,16141,1665,3,2024-05-03,infotainment,Customer reported infotainment failure; diagnosis completed.,1575.29,1575.29,approved,2024-05-22,1413.32,GHS,19,True
84,14629,15598,8872,13,2024-04-24,transmission,Customer reported transmission failure; diagnosis completed.,2354.08,0.00,denied,2024-06-03,0.00,GHS,40,True
85,3407,9461,17234,5,2025-06-30,transmission,Customer reported transmission failure; diagnosis completed.,1103.25,1103.25,approved,2025-06-30,970.58,GHS,0,False
86,31194,1214,457,10,2023-07-15,infotainment,Customer reported infotainment failure; diagnosis completed.,699.07,699.07,approved,2023-07-26,618.96,GHS,11,False
87,380,21640,969,6,2024-05-26,engine,Customer reported engine failure; diagnosis completed.,2561.27,2561.27,approved,2024-06-14,2537.84,GHS,19,False
88,38150,8225,2829,3,2023-06-19,suspension,Customer reported suspension failure; diagnosis completed.,759.09,759.09,approved,2023-07-12,672.26,GHS,23,True
89,16431,20301,8534,3,2024-11-09,engine,Customer reported engine failure; diagnosis completed.,2919.10,1573.30,partially_approved,2024-11-26,1295.45,GHS,17,False
90,5251,22966,9407,10,2025-06-30,body_hardware,Customer reported body hardware failure; diagnosis completed.,734.52,734.52,approved,2025-06-30,673.14,GHS,0,False
91,28145,8064,9045,8,2024-03-17,engine,Customer reported engine failure; diagnosis completed.,1237.69,772.82,partially_approved,2024-03-22,657.20,GHS,5,False
92,19506,9427,4976,6,2023-11-12,body_hardware,Customer reported body hardware failure; diagnosis completed.,1208.00,1208.00,approved,2023-11-23,1094.99,GHS,11,True
93,20635,6314,8870,1,2024-05-03,electrical,Customer reported electrical failure; diagnosis completed.,4429.53,0.00,denied,2024-05-15,0.00,GHS,12,True
94,7912,3373,3744,4,2023-09-29,engine,Customer reported engine failure; diagnosis completed.,772.97,0.00,denied,2023-10-20,0.00,GHS,21,True
95,27826,12906,13229,11,2024-11-16,electrical,Customer reported electrical failure; diagnosis completed.,1502.38,1502.38,approved,2024-11-19,1258.38,GHS,3,True
96,12945,18363,2392,2,2024-09-21,electrical,Customer reported electrical failure; diagnosis completed.,946.46,946.46,approved,2024-09-28,916.47,GHS,7,False
97,29732,10530,5476,2,2023-10-11,infotainment,Customer reported infotainment failure; diagnosis completed.,3789.47,3789.47,approved,2023-10-30,3118.66,GHS,19,False
98,8251,17652,12950,13,2025-06-30,electrical,Customer reported electrical failure; diagnosis completed.,602.00,0.00,denied,2025-06-30,0.00,GHS,0,False
99,43157,10281,7272,1,2025-01-31,transmission,Customer reported transmission failure; diagnosis completed.,681.60,0.00,denied,2025-02-24,0.00,GHS,24,False
100,4265,5954,12121,8,2025-06-30,engine,Customer reported engine failure; diagnosis completed.,3607.51,1483.34,partially_approved,2025-06-30,1217.74,GHS,0,False
101,35476,13369,4800,6,2025-04-05,infotainment,Customer reported infotainment failure; diagnosis completed.,465.18,465.18,approved,2025-04-13,425.60,GHS,8,True
102,298,14786,14410,9,2025-02-04,electrical,Customer reported electrical failure; diagnosis completed.,1839.51,0.00,denied,2025-02-27,0.00,GHS,23,False
103,9713,21184,12814,10,2025-06-30,engine,Customer reported engine failure; diagnosis completed.,1139.83,1139.83,approved,2025-06-30,1047.52,GHS,0,False
104,6767,2366,1617,7,2023-11-23,body_hardware,Customer reported body hardware failure; diagnosis completed.,2778.64,2778.64,approved,2023-12-13,2772.34,GHS,20,False
105,21420,12255,11081,7,2024-11-09,suspension,Customer reported suspension failure; diagnosis completed.,3721.88,3721.88,approved,2024-11-30,3070.40,GHS,21,False
106,11715,22723,993,13,2024-03-26,electrical,Customer reported electrical failure; diagnosis completed.,656.18,656.18,approved,2024-04-15,577.23,GHS,20,False
107,28068,6200,18165,2,2025-06-18,battery,Customer reported battery failure; diagnosis completed.,2512.72,0.00,denied,2025-06-30,0.00,GHS,12,False
108,4557,19540,4951,8,2024-09-03,suspension,Customer reported suspension failure; diagnosis completed.,2828.92,2828.92,approved,2024-09-11,2359.26,GHS,8,False
109,20230,13807,18847,5,2025-06-30,transmission,Customer reported transmission failure; diagnosis completed.,13055.16,6136.15,partially_approved,2025-06-30,6034.72,GHS,0,False
110,3912,9530,9279,1,2024-09-16,infotainment,Customer reported infotainment failure; diagnosis completed.,2413.73,2413.73,approved,2024-09-28,2067.34,GHS,12,False
111,1367,7971,17806,6,2025-04-10,engine,Customer reported engine failure; diagnosis completed.,537.60,537.60,approved,2025-04-28,510.56,GHS,18,False
112,4171,493,12902,15,2025-01-12,transmission,Customer reported transmission failure; diagnosis completed.,1871.57,1372.70,partially_approved,2025-02-22,1127.11,GHS,41,False
113,17962,19266,7458,2,2024-04-30,infotainment,Customer reported infotainment failure; diagnosis completed.,2092.72,2092.72,approved,2024-05-04,1725.35,GHS,4,False
114,34436,1947,1178,8,2023-11-13,engine,Customer reported engine failure; diagnosis completed.,730.74,730.74,approved,2023-12-04,722.41,GHS,21,False
115,33658,18624,1210,1,2023-06-21,infotainment,Customer reported infotainment failure; diagnosis completed.,1139.27,0.00,denied,2023-06-30,0.00,GHS,9,False
116,1730,934,3682,9,2025-03-24,suspension,Customer reported suspension failure; diagnosis completed.,4504.99,0.00,denied,2025-04-14,0.00,GHS,21,False
117,45581,15351,7923,5,2025-03-01,transmission,Customer reported transmission failure; diagnosis completed.,975.88,0.00,denied,2025-04-02,0.00,GHS,32,False
118,19921,20664,4506,8,2023-09-28,electrical,Customer reported electrical failure; diagnosis completed.,1113.23,1113.23,approved,2023-10-18,928.67,GHS,20,False
119,31154,19336,6459,13,2025-03-20,battery,Customer reported battery failure; diagnosis completed.,675.16,675.16,approved,2025-04-15,633.66,GHS,26,False
120,11857,1548,3232,5,2023-07-27,transmission,Customer reported transmission failure; diagnosis completed.,955.01,955.01,approved,2023-08-29,861.67,GHS,33,False
121,36627,13645,4591,11,2025-06-30,engine,Customer reported engine failure; diagnosis completed.,562.18,0.00,denied,2025-06-30,0.00,GHS,0,False
122,6351,7927,10889,12,2025-06-30,engine,Customer reported engine failure; diagnosis completed.,599.05,0.00,denied,2025-06-30,0.00,GHS,0,False
123,17404,24570,380,6,2025-03-25,suspension,Customer reported suspension failure; diagnosis completed.,474.03,474.03,approved,2025-04-15,453.17,GHS,21,False
124,23698,8254,10461,8,2025-06-30,engine,Customer reported engine failure; diagnosis completed.,844.72,844.72,approved,2025-06-30,815.05,GHS,0,False
125,31789,12276,1698,12,2025-02-06,engine,Customer reported engine failure; diagnosis completed.,674.99,674.99,approved,2025-02-15,621.76,GHS,9,False
126,12801,5441,2426,9,2023-05-21,electrical,Customer reported electrical failure; diagnosis completed.,430.47,430.47,approved,2023-05-31,363.12,GHS,10,False
127,39253,18574,8712,9,2024-10-16,battery,Customer reported battery failure; diagnosis completed.,1331.15,1331.15,approved,2024-11-13,1096.70,GHS,28,False
128,41731,12744,6251,9,2024-09-30,battery,Customer reported battery failure; diagnosis completed.,1485.91,1485.91,approved,2024-11-15,1272.39,GHS,46,False
129,20551,2623,4152,4,2024-09-23,electrical,Customer reported electrical failure; diagnosis completed.,925.92,327.54,partially_approved,2024-10-09,319.19,GHS,16,False
130,37963,10837,12749,5,2025-05-01,infotainment,Customer reported infotainment failure; diagnosis completed.,2925.84,0.00,denied,2025-05-23,0.00,GHS,22,False
131,2623,14303,13259,1,2024-10-05,infotainment,Customer reported infotainment failure; diagnosis completed.,1064.88,1064.88,approved,2024-10-27,1058.11,GHS,22,False
132,8078,5985,16322,2,2025-06-30,electrical,Customer reported electrical failure; diagnosis completed.,4508.95,4508.95,approved,2025-06-30,3973.83,GHS,0,False
133,47224,22690,19042,2,2025-06-30,electrical,Customer reported electrical failure; diagnosis completed.,3353.09,3353.09,approved,2025-06-30,2814.24,GHS,0,True
134,46154,12922,7527,6,2024-04-04,transmission,Customer reported transmission failure; diagnosis completed.,720.72,720.72,approved,2024-04-25,694.02,GHS,21,False
135,16298,1196,9642,5,2024-11-14,infotainment,Customer reported infotainment failure; diagnosis completed.,4729.56,4729.56,approved,2024-11-30,4643.29,GHS,16,True
136,15210,12926,818,5,2023-11-25,battery,Customer reported battery failure; diagnosis completed.,1260.88,0.00,denied,2024-01-15,0.00,GHS,51,False
137,26788,19653,7144,3,2024-06-13,engine,Customer reported engine failure; diagnosis completed.,467.04,234.57,partially_approved,2024-06-16,202.93,GHS,3,False
138,33209,10036,11285,2,2024-08-13,infotainment,Customer reported infotainment failure; diagnosis completed.,10105.59,10105.59,approved,2024-08-25,9992.11,GHS,12,False
139,19361,2879,10871,10,2024-06-17,suspension,Customer reported suspension failure; diagnosis completed.,1465.86,1465.86,approved,2024-06-25,1420.16,GHS,8,False
140,36368,18212,10971,6,2025-02-22,electrical,Customer reported electrical failure; diagnosis completed.,637.23,637.23,approved,2025-03-18,614.70,GHS,24,False
141,36662,2059,9981,5,2024-04-27,infotainment,Customer reported infotainment failure; diagnosis completed.,486.65,486.65,approved,2024-05-16,406.56,GHS,19,False
142,25978,19250,2329,1,2025-03-15,electrical,Customer reported electrical failure; diagnosis completed.,4535.95,4535.95,approved,2025-03-29,4411.51,GHS,14,False
143,36847,21375,1970,11,2024-09-11,engine,Customer reported engine failure; diagnosis completed.,1071.32,1071.32,approved,2024-10-02,899.15,GHS,21,False
144,9907,5778,10363,2,2025-01-31,infotainment,Customer reported infotainment failure; diagnosis completed.,2404.71,2404.71,approved,2025-02-05,2351.13,GHS,5,False
145,20750,17065,10908,3,2025-04-30,transmission,Customer reported transmission failure; diagnosis completed.,524.24,0.00,denied,2025-05-20,0.00,GHS,20,False
146,15323,10786,17688,8,2025-06-30,battery,Customer reported battery failure; diagnosis completed.,502.78,0.00,denied,2025-06-30,0.00,GHS,0,False
147,31399,7016,1840,1,2024-02-14,battery,Customer reported battery failure; diagnosis completed.,2280.53,952.96,partially_approved,2024-03-14,834.94,GHS,29,False
148,2069,18982,8318,9,2024-07-26,engine,Customer reported engine failure; diagnosis completed.,862.66,356.50,partially_approved,2024-08-07,349.64,GHS,12,False
149,7354,17276,8464,2,2025-05-06,infotainment,Customer reported infotainment failure; diagnosis completed.,14164.69,14164.69,approved,2025-05-24,12459.26,GHS,18,False
150,40525,10675,3750,12,2024-04-02,suspension,Customer reported suspension failure; diagnosis completed.,498.47,0.00,denied,2024-04-08,0.00,GHS,6,False
151,9927,14993,12960,1,2025-06-30,electrical,Customer reported electrical failure; diagnosis completed.,1972.72,1509.51,partially_approved,2025-06-30,1464.86,GHS,0,False
152,36045,17291,8458,3,2024-09-22,electrical,Customer reported electrical failure; diagnosis completed.,5652.11,2320.47,partially_approved,2024-09-27,1946.38,GHS,5,True
153,46453,18012,10083,8,2025-06-30,electrical,Customer reported electrical failure; diagnosis completed.,1214.76,1214.76,approved,2025-06-30,1212.08,GHS,0,False
154,35018,14613,2609,2,2025-06-30,engine,Customer reported engine failure; diagnosis completed.,619.25,619.25,approved,2025-06-30,559.63,GHS,0,False
155,39651,16636,711,9,2024-02-10,engine,Customer reported engine failure; diagnosis completed.,957.24,957.24,approved,2024-03-03,855.96,GHS,22,True
156,45753,7705,17556,4,2025-04-02,infotainment,Customer reported infotainment failure; diagnosis completed.,500.82,500.82,approved,2025-04-09,475.29,GHS,7,False
157,29299,6935,1570,7,2022-12-15,electrical,Customer reported electrical failure; diagnosis completed.,439.30,439.30,approved,2023-12-25,367.36,GHS,3,False
158,43659,5213,1232,5,2023-04-09,transmission,Customer reported transmission failure; diagnosis completed.,709.84,709.84,approved,2023-05-07,606.21,GHS,28,False
159,3833,11125,7016,10,2024-04-06,battery,Customer reported battery failure; diagnosis completed.,472.99,0.00,denied,2024-05-08,0.00,GHS,32,False
160,1020,22015,7090,4,2025-06-30,electrical,Customer reported electrical failure; diagnosis completed.,270.58,270.58,approved,2025-06-30,239.68,GHS,0,False
161,15346,13449,3498,2,2025-03-29,battery,Customer reported battery failure; diagnosis completed.,1564.76,0.00,denied,2025-04-23,0.00,GHS,25,False
162,16519,14792,2751,4,2025-06-30,battery,Customer reported battery failure; diagnosis completed.,1131.63,1131.63,approved,2025-06-30,1126.43,GHS,0,False
163,25817,9125,2479,11,2023-08-29,body_hardware,Customer reported body hardware failure; diagnosis completed.,1265.73,1265.73,approved,2023-09-14,1203.46,GHS,16,False
164,25684,13328,4024,1,2024-03-14,electrical,Customer reported electrical failure; diagnosis completed.,1887.83,0.00,denied,2024-04-03,0.00,GHS,20,False
165,450,10945,13794,3,2025-06-30,electrical,Customer reported electrical failure; diagnosis completed.,850.66,347.95,partially_approved,2025-06-30,318.90,GHS,0,False
166,4904,18634,29,5,2022-12-15,electrical,Customer reported electrical failure; diagnosis completed.,3628.31,0.00,denied,2024-06-20,0.00,GHS,9,False
167,22436,5170,4814,1,2024-03-10,suspension,Customer reported suspension failure; diagnosis completed.,925.62,0.00,denied,2024-03-26,0.00,GHS,16,False
168,33872,14309,10365,1,2025-05-31,battery,Customer reported battery failure; diagnosis completed.,389.57,389.57,approved,2025-06-30,371.95,GHS,30,False
169,440,7530,13561,15,2024-11-03,transmission,Customer reported transmission failure; diagnosis completed.,1254.68,0.00,denied,2024-12-16,0.00,GHS,43,False
170,37331,7099,5581,13,2024-02-27,engine,Customer reported engine failure; diagnosis completed.,5489.99,5489.99,approved,2024-03-22,4633.63,GHS,24,True
171,24880,3019,8740,14,2025-06-30,electrical,Customer reported electrical failure; diagnosis completed.,824.78,824.78,approved,2025-06-30,687.20,GHS,0,False
172,40195,631,1682,3,2024-12-09,transmission,Customer reported transmission failure; diagnosis completed.,4344.26,0.00,denied,2025-01-15,0.00,GHS,37,False
173,2890,15140,12434,3,2025-06-30,transmission,Customer reported transmission failure; diagnosis completed.,1837.01,1837.01,approved,2025-06-30,1608.26,GHS,0,False
174,4224,237,5323,3,2024-02-25,infotainment,Customer reported infotainment failure; diagnosis completed.,550.80,550.80,approved,2024-03-20,525.35,GHS,24,False
175,2902,20233,2662,4,2025-01-05,infotainment,Customer reported infotainment failure; diagnosis completed.,607.91,607.91,approved,2025-01-23,524.05,GHS,18,False
176,392,20109,2150,11,2023-12-15,battery,Customer reported battery failure; diagnosis completed.,990.48,0.00,denied,2024-01-16,0.00,GHS,32,False
177,14479,3376,3284,2,2024-09-02,suspension,Customer reported suspension failure; diagnosis completed.,860.12,0.00,denied,2024-09-20,0.00,GHS,18,False
178,28038,17189,2868,3,2025-06-30,suspension,Customer reported suspension failure; diagnosis completed.,1161.74,1161.74,approved,2025-06-30,961.21,GHS,0,True
179,6968,5529,2793,2,2023-11-20,body_hardware,Customer reported body hardware failure; diagnosis completed.,5200.01,5200.01,approved,2023-11-27,4700.76,GHS,7,False
180,40064,5159,15781,3,2025-03-02,electrical,Customer reported electrical failure; diagnosis completed.,3107.96,1848.70,partially_approved,2025-03-19,1639.07,GHS,17,False
181,2460,21963,4319,5,2025-06-30,electrical,Customer reported electrical failure; diagnosis completed.,732.30,732.30,approved,2025-06-30,615.23,GHS,0,False
182,32174,22158,14422,4,2025-06-30,infotainment,Customer reported infotainment failure; diagnosis completed.,1377.07,1377.07,approved,2025-06-30,1225.31,GHS,0,False
183,9096,22228,3418,8,2024-01-27,electrical,Customer reported electrical failure; diagnosis completed.,1785.27,1785.27,approved,2024-02-08,1731.49,GHS,12,False
184,43870,23915,5519,7,2024-04-07,engine,Customer reported engine failure; diagnosis completed.,2804.21,2804.21,approved,2024-04-23,2514.55,GHS,16,False
185,432,8303,11929,6,2024-07-27,electrical,Customer reported electrical failure; diagnosis completed.,756.66,756.66,approved,2024-08-20,655.58,GHS,24,False
186,18229,11754,13271,4,2025-06-30,suspension,Customer reported suspension failure; diagnosis completed.,1799.75,1799.75,approved,2025-06-30,1678.23,GHS,0,False
187,44423,10889,6798,15,2025-06-30,infotainment,Customer reported infotainment failure; diagnosis completed.,,-4194.28,partially_approved,2025-06-30,3526.16,GHS,0,False
188,28060,17570,2455,3,2025-06-30,engine,Customer reported engine failure; diagnosis completed.,1277.07,1277.07,approved,2025-06-30,1205.45,GHS,0,False
189,14232,14866,3623,2,2025-02-15,battery,Customer reported battery failure; diagnosis completed.,4550.51,4550.51,approved,2025-03-15,3745.26,GHS,28,False
190,43731,19797,2954,8,2024-11-08,transmission,Customer reported transmission failure; diagnosis completed.,3041.69,3041.69,approved,2024-12-02,2687.15,GHS,24,False
191,15852,1286,15118,13,2024-12-13,suspension,Customer reported suspension failure; diagnosis completed.,2377.60,2377.60,approved,2024-12-30,2061.68,GHS,17,False
192,35181,2173,7369,1,2024-06-20,engine,Customer reported engine failure; diagnosis completed.,2363.02,1568.52,partially_approved,2024-07-03,1454.06,GHS,13,False
193,45373,24567,7851,7,2024-06-23,electrical,Customer reported electrical failure; diagnosis completed.,647.80,647.80,approved,2024-07-11,539.53,GHS,18,False
194,7238,17505,12696,11,2024-12-08,electrical,Customer reported electrical failure; diagnosis completed.,1266.99,599.71,partially_approved,2025-01-01,571.78,GHS,24,False
195,13922,9275,17121,1,2025-03-06,infotainment,Customer reported infotainment failure; diagnosis completed.,1833.03,1833.03,approved,2025-03-25,1649.62,GHS,19,True
196,35503,8396,12563,1,2024-11-24,electrical,Customer reported electrical failure; diagnosis completed.,747.70,747.70,approved,2024-12-11,632.07,GHS,17,False
197,14846,1130,1183,11,2025-03-14,battery,Customer reported battery failure; diagnosis completed.,2117.12,2117.12,approved,2025-03-31,2059.85,GHS,17,False
198,32517,13780,11291,6,2025-02-20,infotainment,Customer reported infotainment failure; diagnosis completed.,672.33,672.33,approved,2025-03-04,600.80,GHS,12,False
199,12455,10736,3698,9,2023-12-29,body_hardware,Customer reported body hardware failure; diagnosis completed.,2643.82,2643.82,approved,2024-01-03,2600.43,GHS,5,False
200,28976,6104,7072,7,2024-01-10,suspension,Customer reported suspension failure; diagnosis completed.,1713.45,647.17,partially_approved,2024-01-13,646.30,GHS,3,False
201,3951,14740,3540,11,2025-03-04,infotainment,Customer reported infotainment failure; diagnosis completed.,1349.23,1349.23,approved,2025-03-21,1284.85,GHS,17,False
202,28146,2003,1400,5,2023-09-09,transmission,Customer reported transmission failure; diagnosis completed.,820.37,820.37,approved,2023-10-18,807.43,GHS,39,False
203,41412,23143,260,3,2024-03-15,suspension,Customer reported suspension failure; diagnosis completed.,1209.96,0.00,denied,2024-03-26,0.00,GHS,11,False
204,42611,11730,2627,4,2023-08-30,engine,Customer reported engine failure; diagnosis completed.,1463.43,1136.52,partially_approved,2023-09-05,1041.66,GHS,6,False
205,11412,7031,10455,3,2024-10-11,suspension,Customer reported suspension failure; diagnosis completed.,771.92,771.92,approved,2024-11-01,730.54,GHS,21,False
206,21419,4968,10324,1,2025-06-30,infotainment,Customer reported infotainment failure; diagnosis completed.,3350.77,0.00,denied,2025-06-30,0.00,GHS,0,False
207,16852,21967,1831,1,2023-04-23,electrical,Customer reported electrical failure; diagnosis completed.,549.34,0.00,denied,2023-05-17,0.00,GHS,24,False
208,14260,10467,9110,10,2024-07-01,battery,Customer reported battery failure; diagnosis completed.,2669.14,2669.14,approved,2024-08-03,2561.07,GHS,33,False
209,28844,12331,4436,6,2023-09-13,suspension,Customer reported suspension failure; diagnosis completed.,1150.96,823.95,partially_approved,2023-09-24,757.34,GHS,11,False
210,39720,2262,14648,1,2025-06-30,transmission,Customer reported transmission failure; diagnosis completed.,880.99,880.99,approved,2025-06-30,793.53,GHS,0,False
211,13574,5963,4931,4,2024-09-07,engine,Customer reported engine failure; diagnosis completed.,732.29,732.29,approved,2024-09-14,676.04,GHS,7,False
212,10245,8103,4377,1,2024-10-17,suspension,Customer reported suspension failure; diagnosis completed.,675.20,675.20,approved,2024-10-21,643.57,GHS,4,False
213,42093,14428,1051,8,2024-12-12,battery,Customer reported battery failure; diagnosis completed.,1767.71,1767.71,approved,2025-01-18,1593.41,GHS,37,False
214,34232,21022,7127,12,2025-06-30,engine,Customer reported engine failure; diagnosis completed.,778.67,778.67,approved,2025-06-30,690.71,GHS,0,False
215,45808,23843,13766,15,2024-12-18,engine,Customer reported engine failure; diagnosis completed.,2830.27,2830.27,approved,2024-12-25,2524.78,GHS,7,False
216,47368,20142,11278,6,2024-12-09,transmission,Customer reported transmission failure; diagnosis completed.,1905.90,1905.90,approved,2025-01-15,1853.07,GHS,37,False
217,21198,14160,801,1,2024-11-10,suspension,Customer reported suspension failure; diagnosis completed.,3573.64,1453.70,partially_approved,2024-11-24,1222.89,GHS,14,False
218,27911,24162,705,4,2025-06-30,transmission,Customer reported transmission failure; diagnosis completed.,3061.77,3061.77,approved,2025-06-30,2689.90,GHS,0,False
219,15777,2728,10932,5,2025-03-14,infotainment,Customer reported infotainment failure; diagnosis completed.,1806.21,0.00,denied,2025-04-01,0.00,GHS,18,False
220,27870,17942,14561,4,2025-03-02,suspension,Customer reported suspension failure; diagnosis completed.,1371.73,1371.73,approved,2025-03-12,1160.79,GHS,10,False
221,20276,14652,10495,1,2025-06-30,battery,Customer reported battery failure; diagnosis completed.,1194.50,1194.50,approved,2025-06-30,1123.59,GHS,0,False
222,5876,6517,1017,4,2025-06-30,transmission,Customer reported transmission failure; diagnosis completed.,1722.46,1722.46,approved,2025-06-30,1524.85,GHS,0,False
223,896,886,7793,13,2025-06-30,infotainment,Customer reported infotainment failure; diagnosis completed.,2347.09,0.00,denied,2025-06-30,0.00,GHS,0,False
224,20755,9336,13380,7,2025-06-30,battery,Customer reported battery failure; diagnosis completed.,1767.76,1767.76,approved,2025-06-30,1719.44,GHS,0,False
225,29486,10381,7285,1,2024-01-26,electrical,Customer reported electrical failure; diagnosis completed.,396.04,0.00,denied,2024-02-01,0.00,GHS,6,False
226,19130,18837,9137,4,2024-05-02,transmission,Customer reported transmission failure; diagnosis completed.,1120.38,1120.38,approved,2024-06-06,990.66,GHS,35,False
227,47596,13692,7294,3,2024-09-07,engine,Customer reported engine failure; diagnosis completed.,4227.29,0.00,denied,2024-09-27,0.00,GHS,20,False
228,28148,20206,9122,4,2024-10-21,body_hardware,Customer reported body hardware failure; diagnosis completed.,480.81,0.00,denied,2024-10-31,0.00,GHS,10,False
229,29613,8719,7516,8,2024-11-11,engine,Customer reported engine failure; diagnosis completed.,,0.00,denied,2024-12-02,0.00,GHS,21,False
230,22376,1357,5665,8,2024-10-25,infotainment,Customer reported infotainment failure; diagnosis completed.,1904.29,1904.29,approved,2024-11-16,1880.50,GHS,22,False
231,37061,14717,3709,15,2025-06-30,infotainment,Customer reported infotainment failure; diagnosis completed.,406.72,406.72,approved,2025-06-30,347.27,GHS,0,False
232,34224,19662,15219,6,2025-06-30,transmission,Customer reported transmission failure; diagnosis completed.,1192.21,1192.21,approved,2025-06-30,1179.29,GHS,0,False
233,27488,23700,15732,1,2025-03-02,electrical,Customer reported electrical failure; diagnosis completed.,2785.88,0.00,denied,2025-03-16,0.00,GHS,14,False
234,10597,20272,15341,1,2025-03-23,transmission,Customer reported transmission failure; diagnosis completed.,770.50,0.00,denied,2025-05-02,0.00,GHS,40,False
235,2932,22063,8446,13,2024-09-08,electrical,Customer reported electrical failure; diagnosis completed.,859.05,0.00,denied,2024-09-12,0.00,GHS,4,False
236,23541,13228,809,3,2023-05-20,electrical,Customer reported electrical failure; diagnosis completed.,480.09,480.09,approved,2023-06-11,403.17,GHS,22,False
237,47074,11323,5358,4,2023-10-06,suspension,Customer reported suspension failure; diagnosis completed.,609.11,609.11,approved,2023-10-23,590.93,GHS,17,False
238,45559,24308,463,11,2023-09-23,electrical,Customer reported electrical failure; diagnosis completed.,4092.58,4092.58,approved,2023-10-06,3481.30,GHS,13,False
239,46744,12718,9586,12,2024-08-12,electrical,Customer reported electrical failure; diagnosis completed.,1816.97,1816.97,approved,2024-09-03,1549.16,GHS,22,False
240,18261,11097,9707,14,2024-09-10,engine,Customer reported engine failure; diagnosis completed.,3956.69,3956.69,approved,2024-09-14,3753.71,GHS,4,False
241,14973,11418,2306,8,2023-11-13,electrical,Customer reported electrical failure; diagnosis completed.,3100.60,0.00,denied,2023-12-06,0.00,GHS,23,False
242,27646,10766,4333,1,2025-05-04,infotainment,Customer reported infotainment failure; diagnosis completed.,1791.60,916.38,partially_approved,2025-05-12,835.60,GHS,8,False
243,28312,12004,15587,2,2025-01-08,battery,Customer reported battery failure; diagnosis completed.,753.43,753.43,approved,2025-02-27,626.26,GHS,50,False
244,44261,7200,170,15,2023-05-24,battery,Customer reported battery failure; diagnosis completed.,6256.16,6256.16,approved,2023-06-25,5651.45,GHS,32,False
245,26542,6242,1091,5,2024-03-14,transmission,Customer reported transmission failure; diagnosis completed.,2296.17,1619.55,partially_approved,2024-04-24,1475.99,GHS,41,False
246,44603,1083,7313,14,2025-02-19,electrical,Customer reported electrical failure; diagnosis completed.,1946.30,1946.30,approved,2025-02-22,1836.63,GHS,3,False
247,23680,16677,5727,10,2024-01-17,electrical,Customer reported electrical failure; diagnosis completed.,702.31,702.31,approved,2024-01-21,664.32,GHS,4,False
248,6256,15475,5502,5,2024-05-31,infotainment,Customer reported infotainment failure; diagnosis completed.,1416.91,1416.91,approved,2024-06-13,1265.23,GHS,13,False
249,16234,12681,3771,6,2025-03-19,engine,Customer reported engine failure; diagnosis completed.,1007.88,1007.88,approved,2025-03-30,971.01,GHS,11,False
250,17562,8267,17409,3,2025-06-30,electrical,Customer reported electrical failure; diagnosis completed.,2304.20,2304.20,approved,2025-06-30,2279.30,GHS,0,False
251,9561,2780,17240,2,2025-03-29,electrical,Customer reported electrical failure; diagnosis completed.,865.11,865.11,approved,2025-04-10,825.66,GHS,12,False
252,8097,17408,11413,9,2024-07-30,electrical,Customer reported electrical failure; diagnosis completed.,1010.09,0.00,denied,2024-08-06,0.00,GHS,7,False
253,27563,16134,1092,5,2023-07-28,electrical,Customer reported electrical failure; diagnosis completed.,760.24,0.00,denied,2023-08-12,0.00,GHS,15,False
254,20992,4166,9033,11,2025-02-16,electrical,Customer reported electrical failure; diagnosis completed.,1319.36,1319.36,approved,2025-03-08,1287.75,GHS,20,False
255,41339,10553,6297,5,2023-11-26,electrical,Customer reported electrical failure; diagnosis completed.,836.90,836.90,approved,2023-12-04,809.66,GHS,8,False
256,33656,9598,5022,2,2025-06-30,suspension,Customer reported suspension failure; diagnosis completed.,810.66,810.66,approved,2025-06-30,756.08,GHS,0,False
257,11087,24505,6145,5,2024-01-22,engine,Customer reported engine failure; diagnosis completed.,3085.54,3085.54,approved,2024-02-08,2722.93,GHS,17,False
258,39526,2682,8951,9,2025-06-30,engine,Customer reported engine failure; diagnosis completed.,2843.65,2843.65,approved,2025-06-30,2822.60,GHS,0,False
259,11143,13542,17182,3,2025-03-13,infotainment,Customer reported infotainment failure; diagnosis completed.,802.87,0.00,approved,,0.00,GHS,8,False
260,6232,2082,13160,2,2024-09-21,engine,Customer reported engine failure; diagnosis completed.,894.51,894.51,approved,2024-10-09,873.95,GHS,18,False
261,38773,10963,11151,8,2024-09-11,infotainment,Customer reported infotainment failure; diagnosis completed.,684.17,684.17,approved,2024-09-17,584.20,GHS,6,False
262,466,6499,14238,3,2025-06-30,electrical,Customer reported electrical failure; diagnosis completed.,3998.50,0.00,denied,2025-06-30,0.00,GHS,0,False
263,45892,19554,9757,13,2024-04-17,electrical,Customer reported electrical failure; diagnosis completed.,775.52,775.52,approved,2024-04-23,702.33,GHS,6,False
264,39152,9621,1528,1,2024-01-18,infotainment,Customer reported infotainment failure; diagnosis completed.,997.57,0.00,denied,2024-01-31,0.00,GHS,13,True
265,17491,9750,5379,7,2023-11-19,suspension,Customer reported suspension failure; diagnosis completed.,870.08,870.08,approved,2023-12-11,720.53,GHS,22,False
266,4819,16785,8164,11,2025-06-30,transmission,Customer reported transmission failure; diagnosis completed.,1494.40,0.00,denied,2025-06-30,0.00,GHS,0,False
267,324,21859,20210,5,2025-06-30,body_hardware,Customer reported body hardware failure; diagnosis completed.,929.12,724.14,partially_approved,2025-06-30,713.03,GHS,0,False
268,46038,23259,8525,10,2024-04-27,electrical,Customer reported electrical failure; diagnosis completed.,2325.29,0.00,denied,2024-05-04,0.00,GHS,7,False
269,14595,4642,691,6,2023-07-23,suspension,Customer reported suspension failure; diagnosis completed.,793.86,793.86,approved,2023-08-13,677.49,GHS,21,False
270,42560,9638,5509,4,2024-03-08,body_hardware,Customer reported body hardware failure; diagnosis completed.,1293.95,0.00,denied,2024-03-15,0.00,GHS,7,False
271,33380,11468,12397,8,2024-08-21,body_hardware,Customer reported body hardware failure; diagnosis completed.,973.80,973.80,approved,2024-08-24,888.38,GHS,3,False
272,41533,15280,5046,13,2024-06-14,battery,Customer reported battery failure; diagnosis completed.,342.30,342.30,approved,2024-07-28,315.45,GHS,44,False
273,19781,9661,664,4,2025-06-30,engine,Customer reported engine failure; diagnosis completed.,1804.28,1804.28,approved,2025-06-30,1751.52,GHS,0,False
274,36571,20476,8428,1,2024-08-23,transmission,Customer reported transmission failure; diagnosis completed.,858.87,586.76,partially_approved,2024-09-27,573.83,GHS,35,False
275,11541,10723,17019,8,2025-03-28,suspension,Customer reported suspension failure; diagnosis completed.,3971.31,0.00,denied,2025-04-07,0.00,GHS,10,False
276,14133,8536,8600,5,2024-12-07,body_hardware,Customer reported body hardware failure; diagnosis completed.,2995.55,2995.55,approved,2024-12-20,2541.90,GHS,13,False
277,29940,222,4925,5,2025-02-03,transmission,Customer reported transmission failure; diagnosis completed.,4019.30,0.00,denied,2025-02-26,0.00,GHS,23,False
278,22113,18290,5596,4,2024-03-28,infotainment,Customer reported infotainment failure; diagnosis completed.,2032.88,2032.88,approved,2024-04-11,1879.70,GHS,14,False
279,37612,7458,6027,2,2024-03-09,battery,Customer reported battery failure; diagnosis completed.,1450.47,1450.47,approved,2024-03-27,1215.62,GHS,18,False
280,27822,23398,11211,3,2024-06-27,battery,Customer reported battery failure; diagnosis completed.,1500.42,561.76,partially_approved,2024-08-03,502.79,GHS,37,False
281,29282,23573,1319,5,2024-08-28,suspension,Customer reported suspension failure; diagnosis completed.,738.08,565.21,partially_approved,2024-09-04,542.76,GHS,7,False
282,8843,20851,18838,5,2025-06-30,suspension,Customer reported suspension failure; diagnosis completed.,2789.52,0.00,denied,2025-06-30,0.00,GHS,0,True
283,7477,4413,5140,3,2024-09-29,transmission,Customer reported transmission failure; diagnosis completed.,657.78,0.00,denied,2024-10-28,0.00,GHS,29,False
284,6718,550,10492,4,2024-06-09,body_hardware,Customer reported body hardware failure; diagnosis completed.,3263.46,3263.46,approved,2024-06-29,2964.13,GHS,20,False
285,9391,1316,17375,6,2025-05-06,electrical,Customer reported electrical failure; diagnosis completed.,1169.40,1169.40,approved,2025-05-18,982.15,GHS,12,False
286,550,5909,3730,4,2024-01-28,electrical,Customer reported electrical failure; diagnosis completed.,780.60,0.00,denied,2024-02-10,0.00,GHS,13,False
287,293,24491,6827,11,2023-12-28,electrical,Customer reported electrical failure; diagnosis completed.,2763.71,2763.71,approved,2024-01-06,2336.87,GHS,9,False
288,9180,12800,4904,6,2025-04-07,engine,Customer reported engine failure; diagnosis completed.,677.42,677.42,approved,2025-04-10,655.08,GHS,3,False
289,21101,9890,5744,3,2025-06-26,transmission,Customer reported transmission failure; diagnosis completed.,686.05,263.58,partially_approved,2025-06-30,239.52,GHS,4,False
290,45090,6993,11272,6,2024-10-24,battery,Customer reported battery failure; diagnosis completed.,1021.87,1021.87,approved,2024-11-17,978.70,GHS,24,False
291,7709,11362,95,11,2023-09-27,body_hardware,Customer reported body hardware failure; diagnosis completed.,1010.37,443.95,partially_approved,2023-10-03,404.14,GHS,6,False
292,1349,5714,2478,1,2023-06-02,electrical,Customer reported electrical failure; diagnosis completed.,1239.24,1239.24,approved,2023-06-22,1221.83,GHS,20,False
293,8579,14750,11299,15,2024-11-17,electrical,Customer reported electrical failure; diagnosis completed.,3035.24,3035.24,approved,2024-12-03,2611.95,GHS,16,True
294,7182,17931,16697,5,2025-03-27,electrical,Customer reported electrical failure; diagnosis completed.,2828.88,2828.88,approved,2025-04-01,2784.71,GHS,5,False
295,38720,15657,6414,3,2025-06-30,electrical,Customer reported electrical failure; diagnosis completed.,1523.03,1523.03,approved,2025-06-30,1349.27,GHS,0,False
296,8512,4234,15860,8,2025-04-26,battery,Customer reported battery failure; diagnosis completed.,850.31,850.31,approved,2025-05-09,710.72,GHS,13,False
297,42212,22739,1278,6,2025-05-09,engine,Customer reported engine failure; diagnosis completed.,557.97,355.16,partially_approved,2025-05-24,332.65,GHS,15,False
298,41148,19964,931,1,2024-12-12,electrical,Customer reported electrical failure; diagnosis completed.,948.15,948.15,approved,2024-12-17,941.10,GHS,5,True
299,2167,112,394,7,2024-03-19,suspension,Customer reported suspension failure; diagnosis completed.,,0.00,denied,2024-03-22,0.00,GHS,3,True
300,438,20173,13696,12,2025-06-30,electrical,Customer reported electrical failure; diagnosis completed.,861.29,861.29,approved,2025-06-30,778.67,GHS,0,False
301,44717,11323,5358,12,2023-12-19,suspension,Customer reported suspension failure; diagnosis completed.,1204.77,1204.77,approved,2024-01-07,1119.72,GHS,19,False
302,9860,23964,9916,1,2024-07-23,engine,Customer reported engine failure; diagnosis completed.,6207.33,0.00,denied,2024-08-07,0.00,GHS,15,False
303,35049,1737,17657,4,2025-05-12,body_hardware,Customer reported body hardware failure; diagnosis completed.,2804.90,2804.90,approved,2025-06-03,2775.88,GHS,22,False
304,20656,22791,1755,5,2024-06-15,electrical,Customer reported electrical failure; diagnosis completed.,1816.63,1816.63,approved,2024-06-23,1604.09,GHS,8,False
305,5087,21184,12814,10,2025-06-30,body_hardware,Customer reported body hardware failure; diagnosis completed.,1591.80,0.00,denied,2025-06-30,0.00,GHS,0,False
306,36483,135,529,1,2023-11-14,electrical,Customer reported electrical failure; diagnosis completed.,1141.20,0.00,denied,2023-11-21,0.00,GHS,7,False
307,333,18672,7802,7,2024-04-16,transmission,Customer reported transmission failure; diagnosis completed.,3132.89,0.00,denied,2024-05-23,0.00,GHS,37,False
308,8596,4198,18514,9,2025-06-08,transmission,Customer reported transmission failure; diagnosis completed.,298.13,0.00,denied,2025-06-26,0.00,GHS,18,False
309,24736,10315,336,4,2025-05-12,suspension,Customer reported suspension failure; diagnosis completed.,1152.00,1152.00,approved,2025-05-24,1039.09,GHS,12,False
310,736,18173,9450,5,2024-05-19,infotainment,Customer reported infotainment failure; diagnosis completed.,2066.66,2066.66,approved,2024-06-02,2035.09,GHS,14,False
311,17350,16488,11483,5,2024-09-06,engine,Customer reported engine failure; diagnosis completed.,1025.34,1025.34,approved,2024-09-18,873.74,GHS,12,False
312,40535,6278,9096,7,2024-10-20,suspension,Customer reported suspension failure; diagnosis completed.,6647.91,6647.91,approved,2024-11-13,5751.67,GHS,24,False
313,12675,8315,775,5,2024-05-16,engine,Customer reported engine failure; diagnosis completed.,922.19,922.19,approved,2024-05-25,858.75,GHS,9,False
314,2019,7125,15479,5,2025-06-30,body_hardware,Customer reported body hardware failure; diagnosis completed.,1830.06,1830.06,approved,2025-06-30,1802.42,GHS,0,False
315,22263,4822,6566,9,2024-02-15,suspension,Customer reported suspension failure; diagnosis completed.,6640.34,6640.34,approved,2024-02-24,6288.78,GHS,9,False
316,26745,8356,8021,10,2024-03-17,suspension,Customer reported suspension failure; diagnosis completed.,832.49,0.00,denied,2024-03-20,0.00,GHS,3,False
317,30734,13992,11321,4,2025-06-08,battery,Customer reported battery failure; diagnosis completed.,2952.79,2952.79,approved,2025-06-30,2578.73,GHS,22,False
318,28444,19250,2329,2,2023-09-01,electrical,Customer reported electrical failure; diagnosis completed.,2749.59,2749.59,approved,2023-09-20,2551.18,GHS,19,False
319,9369,24632,7265,1,2025-06-30,infotainment,Customer reported infotainment failure; diagnosis completed.,1380.48,1380.48,approved,2025-06-30,1242.00,GHS,0,False
320,47032,16805,1563,3,2023-07-21,engine,Customer reported engine failure; diagnosis completed.,868.65,868.65,approved,2023-08-05,791.86,GHS,15,True
321,34805,19026,14576,9,2025-06-30,electrical,Customer reported electrical failure; diagnosis completed.,508.54,508.54,approved,2025-06-30,474.11,GHS,0,False
322,11612,23293,81,4,2024-02-08,electrical,Customer reported electrical failure; diagnosis completed.,795.03,795.03,approved,2024-02-15,733.31,GHS,7,False
323,18565,12117,4318,1,2024-10-02,engine,Customer reported engine failure; diagnosis completed.,769.78,769.78,approved,2024-10-18,705.73,GHS,16,False
324,2344,8373,10299,14,2025-06-30,infotainment,Customer reported infotainment failure; diagnosis completed.,1738.72,1738.72,approved,2025-06-30,1702.75,GHS,0,True
325,35761,13502,18139,4,2025-05-04,electrical,Customer reported electrical failure; diagnosis completed.,579.56,579.56,approved,2025-05-14,574.69,GHS,10,False
326,15027,8356,8021,1,2024-09-27,suspension,Customer reported suspension failure; diagnosis completed.,574.63,0.00,denied,2024-10-01,0.00,GHS,4,False
327,43931,16779,906,5,2023-09-17,electrical,Customer reported electrical failure; diagnosis completed.,810.41,491.49,partially_approved,2023-09-28,472.34,GHS,11,False
328,21973,15344,9564,10,2025-06-30,battery,Customer reported battery failure; diagnosis completed.,1975.30,1975.30,approved,2025-06-30,1880.95,GHS,0,False
329,9144,5702,18161,2,2025-06-30,electrical,Customer reported electrical failure; diagnosis completed.,843.30,0.00,denied,2025-06-30,0.00,GHS,0,False
330,37584,6238,3179,2,2023-09-28,suspension,Customer reported suspension failure; diagnosis completed.,2180.15,0.00,denied,2023-10-02,0.00,GHS,4,False
331,18906,10529,8956,12,2025-04-02,electrical,Customer reported electrical failure; diagnosis completed.,953.94,953.94,approved,2025-04-18,804.54,GHS,16,False
332,9872,18735,6516,12,2025-04-13,infotainment,Customer reported infotainment failure; diagnosis completed.,1484.09,754.88,partially_approved,2025-04-26,690.21,GHS,13,False
333,1100,23510,4922,10,2025-06-30,battery,Customer reported battery failure; diagnosis completed.,906.56,0.00,denied,2025-06-30,0.00,GHS,0,False
334,2222,19992,7406,12,2025-06-30,transmission,Customer reported transmission failure; diagnosis completed.,813.05,813.05,approved,2025-06-30,693.30,GHS,0,False
335,21758,10271,12350,4,2024-08-15,electrical,Customer reported electrical failure; diagnosis completed.,889.26,889.26,approved,2024-09-02,844.73,GHS,18,False
336,15495,24383,4013,2,2024-11-11,electrical,Customer reported electrical failure; diagnosis completed.,1172.18,1172.18,approved,2024-11-20,1129.15,GHS,9,False
337,40311,19239,6298,10,2025-06-30,electrical,Customer reported electrical failure; diagnosis completed.,538.96,0.00,denied,2025-06-30,0.00,GHS,0,True
338,39868,706,12965,12,2024-09-18,body_hardware,Customer reported body hardware failure; diagnosis completed.,2197.42,1381.83,partially_approved,2024-10-07,1352.75,GHS,19,False
339,42323,18268,342,1,2023-04-02,battery,Customer reported battery failure; diagnosis completed.,1158.99,1158.99,approved,2023-04-27,1082.64,GHS,25,False
340,38591,11262,15977,4,2025-06-30,engine,Customer reported engine failure; diagnosis completed.,2352.34,2352.34,approved,2025-06-30,2255.55,GHS,0,False
341,2370,7116,6374,7,2024-09-11,engine,Customer reported engine failure; diagnosis completed.,1356.98,1356.98,approved,2024-09-21,1154.38,GHS,10,False
342,4042,10761,11836,1,2025-01-21,electrical,Customer reported electrical failure; diagnosis completed.,1160.28,1160.28,approved,2025-02-07,1041.14,GHS,17,False
343,8731,17739,2701,9,2025-03-10,transmission,Customer reported transmission failure; diagnosis completed.,1530.64,1530.64,approved,2025-04-08,1391.88,GHS,29,False
344,29628,6398,17111,6,2025-06-30,engine,Customer reported engine failure; diagnosis completed.,775.49,775.49,approved,2025-06-30,741.93,GHS,0,False
345,27848,14740,3540,4,2023-09-17,electrical,Customer reported electrical failure; diagnosis completed.,738.07,280.13,partially_approved,2023-10-04,266.48,GHS,17,False
346,2234,22265,16696,8,2025-05-23,engine,Customer reported engine failure; diagnosis completed.,678.73,678.73,approved,2025-06-11,616.87,GHS,19,False
347,43636,11882,5870,10,2023-12-29,infotainment,Customer reported infotainment failure; diagnosis completed.,1957.96,1957.96,approved,2024-01-19,1665.08,GHS,21,False
348,42076,22756,6736,1,2024-01-14,infotainment,Customer reported infotainment failure; diagnosis completed.,4307.65,0.00,denied,2024-01-23,0.00,GHS,9,False
349,45719,4144,13087,4,2025-02-16,electrical,Customer reported electrical failure; diagnosis completed.,1913.14,1913.14,approved,2025-03-12,1636.82,GHS,24,False
350,30820,4327,232,2,2025-05-02,engine,Customer reported engine failure; diagnosis completed.,586.41,0.00,denied,2025-05-16,0.00,GHS,14,False
351,14550,8474,12288,5,2025-01-20,infotainment,Customer reported infotainment failure; diagnosis completed.,2486.05,1298.90,partially_approved,2025-02-06,1265.06,GHS,17,False
352,39929,19963,5080,15,2025-06-05,electrical,Customer reported electrical failure; diagnosis completed.,2237.67,0.00,denied,2025-06-27,0.00,GHS,22,False
353,13582,10804,4846,2,2024-01-16,suspension,Customer reported suspension failure; diagnosis completed.,786.12,0.00,denied,2024-01-23,0.00,GHS,7,False
354,41782,15020,4164,4,2023-12-21,transmission,Customer reported transmission failure; diagnosis completed.,869.07,869.07,approved,2024-02-04,830.97,GHS,45,False
355,16980,23166,6116,4,2024-10-22,electrical,Customer reported electrical failure; diagnosis completed.,1766.52,982.87,partially_approved,2024-11-12,874.24,GHS,21,False
356,22315,5431,8311,2,2025-02-08,infotainment,Customer reported infotainment failure; diagnosis completed.,6111.94,6111.94,approved,2025-02-24,5469.94,GHS,16,False
357,42832,20280,738,13,2024-05-25,transmission,Customer reported transmission failure; diagnosis completed.,6721.78,6721.78,approved,2024-06-20,5697.86,GHS,26,False
358,44797,16974,13185,9,2025-06-17,electrical,Customer reported electrical failure; diagnosis completed.,2265.10,2265.10,approved,2025-06-23,2215.06,GHS,6,False
359,13918,3358,8816,12,2025-04-27,electrical,Customer reported electrical failure; diagnosis completed.,919.43,919.43,approved,2025-05-13,903.39,GHS,16,False
360,23718,14509,3589,2,2023-09-30,transmission,Customer reported transmission failure; diagnosis completed.,2609.62,2609.62,approved,2023-11-04,2410.75,GHS,35,False
361,14305,16769,10468,4,2024-06-27,transmission,Customer reported transmission failure; diagnosis completed.,821.29,821.29,approved,2024-07-30,687.20,GHS,33,False
362,25815,4240,12505,4,2025-02-22,engine,Customer reported engine failure; diagnosis completed.,826.21,826.21,approved,2025-03-08,686.65,GHS,14,False
363,15043,11898,9608,2,2024-07-05,engine,Customer reported engine failure; diagnosis completed.,2422.72,1274.25,partially_approved,2024-07-29,1174.35,GHS,24,False
364,18525,24613,269,7,2025-06-30,electrical,Customer reported electrical failure; diagnosis completed.,2102.49,0.00,denied,2025-06-30,0.00,GHS,0,False
365,3225,5373,2436,1,2023-06-24,electrical,Customer reported electrical failure; diagnosis completed.,638.35,281.39,partially_approved,2023-07-14,232.66,GHS,20,False
366,44774,8711,257,8,2025-01-31,electrical,Customer reported electrical failure; diagnosis completed.,801.80,801.80,approved,2025-02-11,731.37,GHS,11,False
367,13350,515,10283,10,2024-06-03,suspension,Customer reported suspension failure; diagnosis completed.,3306.54,0.00,denied,2024-06-12,0.00,GHS,9,False
368,16283,8637,9481,12,2024-08-13,battery,Customer reported battery failure; diagnosis completed.,794.28,0.00,denied,2024-09-16,0.00,GHS,34,False
369,24095,6504,17282,15,2025-04-24,infotainment,Customer reported infotainment failure; diagnosis completed.,1263.70,1263.70,approved,2025-04-30,1190.55,GHS,6,False
370,13044,11694,237,7,2025-03-14,transmission,Customer reported transmission failure; diagnosis completed.,747.62,747.62,approved,2025-04-23,686.49,GHS,40,False
371,39799,20770,1151,3,2024-10-05,infotainment,Customer reported infotainment failure; diagnosis completed.,2329.01,0.00,denied,2024-10-17,0.00,GHS,12,False
372,23705,727,10142,3,2025-01-17,battery,Customer reported battery failure; diagnosis completed.,1215.90,0.00,denied,2025-02-15,0.00,GHS,29,False
373,23327,9887,17905,5,2025-06-30,engine,Customer reported engine failure; diagnosis completed.,1305.85,1305.85,approved,2025-06-30,1206.29,GHS,0,False
374,45336,22521,2023,11,2023-10-02,electrical,Customer reported electrical failure; diagnosis completed.,3220.03,3220.03,approved,2023-10-12,2672.10,GHS,10,False
375,33516,22437,11541,2,2024-09-09,transmission,Customer reported transmission failure; diagnosis completed.,1914.94,0.00,denied,2024-10-25,0.00,GHS,46,True
376,19664,24725,10771,12,2025-05-30,electrical,Customer reported electrical failure; diagnosis completed.,2696.86,2696.86,approved,2025-06-07,2448.56,GHS,8,False
377,20561,14798,843,3,2024-06-04,engine,Customer reported engine failure; diagnosis completed.,3683.31,3683.31,approved,2024-06-25,3492.57,GHS,21,False
378,5841,23643,1312,6,2023-08-08,transmission,Customer reported transmission failure; diagnosis completed.,2247.63,0.00,denied,2023-09-10,0.00,GHS,33,False
379,7331,19641,2636,8,2025-06-30,electrical,Customer reported electrical failure; diagnosis completed.,1333.22,1333.22,approved,2025-06-30,1127.31,GHS,0,False
380,22995,16979,8963,5,2025-06-30,electrical,Customer reported electrical failure; diagnosis completed.,1155.65,1155.65,approved,2025-06-30,1054.78,GHS,0,False
381,28454,21804,1246,7,2023-08-22,body_hardware,Customer reported body hardware failure; diagnosis completed.,1102.66,435.05,partially_approved,2023-09-04,365.89,GHS,13,False
382,3946,23700,15732,15,2025-03-12,suspension,Customer reported suspension failure; diagnosis completed.,,0.00,denied,2025-03-18,0.00,GHS,6,False
383,6760,10503,1989,6,2025-02-21,transmission,Customer reported transmission failure; diagnosis completed.,2262.68,990.51,partially_approved,2025-03-26,860.39,GHS,33,False
384,12986,1632,15741,14,2025-01-26,engine,Customer reported engine failure; diagnosis completed.,534.20,534.20,approved,2025-01-29,439.26,GHS,3,True
385,4455,20276,15232,14,2025-06-30,body_hardware,Customer reported body hardware failure; diagnosis completed.,824.83,567.04,partially_approved,2025-06-30,469.35,GHS,0,False
386,28027,23054,14988,15,2022-12-15,body_hardware,Customer reported body hardware failure; diagnosis completed.,1386.34,0.00,denied,2025-04-07,0.00,GHS,23,False
387,7181,2793,2915,4,2024-01-21,infotainment,Customer reported infotainment failure; diagnosis completed.,1512.33,1512.33,approved,2024-02-13,1449.20,GHS,23,False
388,28758,2443,7314,15,2024-08-02,electrical,Customer reported electrical failure; diagnosis completed.,2161.74,2161.74,approved,2024-08-06,1842.38,GHS,4,True
389,21892,17449,7396,3,2024-08-22,electrical,Customer reported electrical failure; diagnosis completed.,1365.49,1365.49,approved,2024-09-10,1284.60,GHS,19,False
390,34523,12585,19017,5,2025-06-30,suspension,Customer reported suspension failure; diagnosis completed.,955.30,955.30,approved,2025-06-30,828.03,GHS,0,False
391,30883,12175,3902,12,2025-06-30,electrical,Customer reported electrical failure; diagnosis completed.,1536.09,1136.09,partially_approved,2025-06-30,987.79,GHS,0,True
392,35519,22005,13601,9,2025-06-30,engine,Customer reported engine failure; diagnosis completed.,745.56,745.56,approved,2025-06-30,674.77,GHS,0,False
393,45573,17435,3971,10,2024-02-27,engine,Customer reported engine failure; diagnosis completed.,4969.27,0.00,denied,2024-03-16,0.00,GHS,18,False
394,12746,18237,9121,3,2025-01-02,suspension,Customer reported suspension failure; diagnosis completed.,863.92,0.00,denied,2025-01-19,0.00,GHS,17,False
395,5863,12642,11186,1,2024-09-19,electrical,Customer reported electrical failure; diagnosis completed.,1991.12,1991.12,approved,2024-09-27,1881.67,GHS,8,False
396,27495,21463,18806,5,2025-05-16,infotainment,Customer reported infotainment failure; diagnosis completed.,1956.15,1956.15,approved,2025-05-26,1626.25,GHS,10,False
397,21159,6633,16878,13,2025-06-30,electrical,Customer reported electrical failure; diagnosis completed.,741.22,741.22,approved,2025-06-30,627.72,GHS,0,False
398,38543,2013,11181,4,2024-07-16,battery,Customer reported battery failure; diagnosis completed.,1016.41,1016.41,approved,2024-08-29,1002.45,GHS,44,False
399,15190,2019,1241,6,2024-02-11,electrical,Customer reported electrical failure; diagnosis completed.,607.81,607.81,approved,2024-02-28,582.96,GHS,17,True
400,25747,1952,7155,1,2024-04-26,electrical,Customer reported electrical failure; diagnosis completed.,707.34,259.42,partially_approved,2024-05-15,229.20,GHS,19,False
401,10763,722,13069,9,2024-09-16,battery,Customer reported battery failure; diagnosis completed.,770.45,0.00,denied,2024-10-16,0.00,GHS,30,False
402,3582,13916,15362,1,2025-06-30,electrical,Customer reported electrical failure; diagnosis completed.,905.68,0.00,denied,2025-06-30,0.00,GHS,0,False
403,22922,9139,8451,3,2025-06-06,engine,Customer reported engine failure; diagnosis completed.,3079.03,1700.80,partially_approved,2025-06-14,1603.14,GHS,8,False
404,14110,20566,2908,12,2023-10-04,battery,Customer reported battery failure; diagnosis completed.,1394.94,1394.94,approved,2023-10-29,1248.34,GHS,25,False
405,25692,21489,3512,15,2025-01-20,transmission,Customer reported transmission failure; diagnosis completed.,724.36,724.36,approved,,673.45,GHS,37,False
406,45049,11622,788,4,2024-01-23,suspension,Customer reported suspension failure; diagnosis completed.,839.72,839.72,approved,2024-01-30,835.31,GHS,7,False
407,46985,18041,4440,9,2022-12-15,transmission,Customer reported transmission failure; diagnosis completed.,936.49,936.49,approved,2024-01-18,821.08,GHS,23,True
408,46117,1946,8773,3,2025-05-06,engine,Customer reported engine failure; diagnosis completed.,1324.56,1029.24,partially_approved,2025-05-27,844.54,GHS,21,False
409,6134,1279,2407,3,2023-05-29,suspension,Customer reported suspension failure; diagnosis completed.,965.21,965.21,approved,2023-06-09,796.45,GHS,11,False
410,66,13000,3982,5,2025-02-18,body_hardware,Customer reported body hardware failure; diagnosis completed.,2147.11,2147.11,approved,2025-03-07,2012.32,GHS,17,False
411,27440,22035,12592,8,2025-06-30,infotainment,Customer reported infotainment failure; diagnosis completed.,944.06,944.06,approved,2025-06-30,825.36,GHS,0,False
412,2899,5500,1281,7,2023-10-19,suspension,Customer reported suspension failure; diagnosis completed.,1069.05,734.34,partially_approved,2023-10-27,710.16,GHS,8,True
413,45154,22048,4397,7,2024-04-21,transmission,Customer reported transmission failure; diagnosis completed.,1830.52,1830.52,approved,2024-05-30,1738.40,GHS,39,False
414,25640,1039,5860,2,2024-05-31,electrical,Customer reported electrical failure; diagnosis completed.,410.55,155.11,partially_approved,2024-06-18,142.88,GHS,18,False
415,43444,21849,10559,11,2024-06-20,engine,Customer reported engine failure; diagnosis completed.,337.67,132.47,partially_approved,2024-06-30,113.81,GHS,10,False
416,19684,17504,10097,15,2024-06-27,electrical,Customer reported electrical failure; diagnosis completed.,463.88,292.96,partially_approved,2024-07-12,248.12,GHS,15,False
417,33959,14628,3260,6,2023-12-25,suspension,Customer reported suspension failure; diagnosis completed.,4189.18,0.00,denied,2024-01-14,0.00,GHS,20,False
418,18365,10070,1949,4,2024-04-23,battery,Customer reported battery failure; diagnosis completed.,824.46,824.46,approved,2024-05-18,816.20,GHS,25,False
419,10267,6082,12664,1,2025-06-30,electrical,Customer reported electrical failure; diagnosis completed.,6186.59,6186.59,approved,2025-06-30,5540.74,GHS,0,False
420,22921,14266,4394,1,2024-07-12,electrical,Customer reported electrical failure; diagnosis completed.,421.09,0.00,denied,2024-08-02,0.00,GHS,21,False
421,6683,5580,6887,1,2025-01-29,battery,Customer reported battery failure; diagnosis completed.,826.75,826.75,approved,2025-03-04,746.52,GHS,34,False
422,47859,5194,9896,3,2024-08-06,infotainment,Customer reported infotainment failure; diagnosis completed.,348.54,235.80,partially_approved,2024-08-23,218.00,GHS,17,False
423,17546,12063,16038,8,2025-06-29,electrical,Customer reported electrical failure; diagnosis completed.,792.89,392.58,partially_approved,2025-06-30,391.84,GHS,1,False
424,37490,20971,1416,4,2023-09-10,engine,Customer reported engine failure; diagnosis completed.,1390.55,1390.55,approved,2023-09-14,1290.02,GHS,4,False
425,24389,23652,7556,4,2024-10-04,infotainment,Customer reported infotainment failure; diagnosis completed.,572.56,226.53,partially_approved,2024-10-11,221.42,GHS,7,False
426,38965,12985,1803,4,2024-10-10,transmission,Customer reported transmission failure; diagnosis completed.,1014.90,1014.90,approved,2024-11-18,948.00,GHS,39,False
427,11377,8388,15592,4,2025-01-22,body_hardware,Customer reported body hardware failure; diagnosis completed.,792.64,792.64,approved,2025-02-12,665.84,GHS,21,False
428,33284,23669,5467,1,2024-10-13,transmission,Customer reported transmission failure; diagnosis completed.,5506.78,4238.38,partially_approved,2024-11-10,3734.30,GHS,28,False
429,39759,4834,17956,5,2025-06-30,infotainment,Customer reported infotainment failure; diagnosis completed.,756.39,0.00,denied,2025-06-30,0.00,GHS,0,False
430,25945,17057,16963,3,2025-06-30,body_hardware,Customer reported body hardware failure; diagnosis completed.,653.03,653.03,approved,2025-06-30,585.62,GHS,0,False
431,36663,24279,7981,12,2024-07-26,body_hardware,Customer reported body hardware failure; diagnosis completed.,1738.24,1738.24,approved,2024-08-17,1528.94,GHS,22,False
432,3498,6837,16622,3,2025-05-15,electrical,Customer reported electrical failure; diagnosis completed.,738.92,738.92,approved,2025-05-20,707.00,GHS,5,False
433,44677,18570,5468,12,2023-11-14,electrical,Customer reported electrical failure; diagnosis completed.,801.54,394.56,partially_approved,2023-11-24,350.49,GHS,10,False
434,426,4162,6192,5,2024-09-25,transmission,Customer reported transmission failure; diagnosis completed.,772.56,0.00,denied,2024-10-27,0.00,GHS,32,True
435,30494,17728,4827,12,2024-01-28,infotainment,Customer reported infotainment failure; diagnosis completed.,2050.39,2050.39,approved,2024-02-13,1924.93,GHS,16,False
436,40356,12623,3913,3,2024-02-22,infotainment,Customer reported infotainment failure; diagnosis completed.,615.67,615.67,approved,2024-03-10,529.62,GHS,17,False
437,26783,15530,2121,2,2025-05-29,battery,Customer reported battery failure; diagnosis completed.,723.43,405.18,partially_approved,2025-06-19,386.56,GHS,21,False
438,23974,8061,11187,4,2024-06-19,transmission,Customer reported transmission failure; diagnosis completed.,2745.65,2745.65,approved,2024-07-24,2513.58,GHS,35,False
439,41056,19255,10558,4,2024-11-25,electrical,Customer reported electrical failure; diagnosis completed.,541.96,541.96,approved,2024-12-08,503.86,GHS,13,False
440,32623,21552,13074,5,2025-06-30,transmission,Customer reported transmission failure; diagnosis completed.,2255.27,2255.27,approved,2025-06-30,1884.57,GHS,0,False
441,10530,8079,3769,2,2025-04-07,suspension,Customer reported suspension failure; diagnosis completed.,3001.42,3001.42,approved,2025-04-20,2630.28,GHS,13,False
442,27133,16826,14136,2,2025-06-30,infotainment,Customer reported infotainment failure; diagnosis completed.,748.16,748.16,approved,2025-06-30,708.40,GHS,0,False
443,35696,22881,6500,9,2025-03-02,body_hardware,Customer reported body hardware failure; diagnosis completed.,2588.41,1219.05,partially_approved,2025-03-24,1073.37,GHS,22,False
444,22384,15640,6181,9,2024-03-19,battery,Customer reported battery failure; diagnosis completed.,1368.82,1368.82,approved,2024-05-03,1302.70,GHS,45,False
445,44344,19788,14625,4,2025-01-12,electrical,Customer reported electrical failure; diagnosis completed.,745.46,745.46,approved,2025-01-22,623.21,GHS,10,False
446,28569,6158,1744,11,2024-03-17,battery,Customer reported battery failure; diagnosis completed.,4303.34,2246.72,partially_approved,2024-04-07,1857.17,GHS,21,False
447,36353,8644,3564,5,2023-08-14,suspension,Customer reported suspension failure; diagnosis completed.,807.74,579.95,partially_approved,2023-08-18,497.41,GHS,4,False
448,21698,18093,11940,1,2025-02-05,infotainment,Customer reported infotainment failure; diagnosis completed.,525.80,374.51,partially_approved,2025-02-22,340.43,GHS,17,False
449,2156,21974,17704,2,2025-06-30,electrical,Customer reported electrical failure; diagnosis completed.,682.92,682.92,approved,2025-06-30,571.67,GHS,0,False
450,33595,15053,14643,3,2025-04-18,engine,Customer reported engine failure; diagnosis completed.,741.01,0.00,denied,2025-04-23,0.00,GHS,5,False
451,41001,16986,12569,6,2024-12-08,transmission,Customer reported transmission failure; diagnosis completed.,1302.59,1302.59,approved,2025-01-22,1220.37,GHS,45,False
452,10948,18528,12413,5,2025-04-12,suspension,Customer reported suspension failure; diagnosis completed.,1814.44,0.00,denied,2025-04-25,0.00,GHS,13,False
453,9978,10479,10954,14,2024-10-24,electrical,Customer reported electrical failure; diagnosis completed.,1542.31,1542.31,approved,2024-10-27,1322.28,GHS,3,False
454,29117,14613,2609,9,2025-01-15,transmission,Customer reported transmission failure; diagnosis completed.,1077.58,1077.58,approved,2025-02-16,902.63,GHS,32,False
455,38565,22791,1755,5,2024-10-23,suspension,Customer reported suspension failure; diagnosis completed.,1198.03,1198.03,approved,2024-11-02,1173.39,GHS,10,False
456,12124,11802,5513,2,2025-01-06,engine,Customer reported engine failure; diagnosis completed.,466.08,466.08,approved,,433.95,GHS,22,False
457,42405,6902,12164,13,2025-06-30,infotainment,Customer reported infotainment failure; diagnosis completed.,524.56,524.56,approved,2025-06-30,500.02,GHS,0,False
458,12863,4709,12081,4,2024-12-06,transmission,Customer reported transmission failure; diagnosis completed.,1106.45,1106.45,approved,2025-01-09,990.07,GHS,34,False
459,35177,9958,2578,5,2024-08-18,electrical,Customer reported electrical failure; diagnosis completed.,705.93,0.00,denied,2024-09-05,0.00,GHS,18,False
460,22391,8687,4803,6,2023-10-11,infotainment,Customer reported infotainment failure; diagnosis completed.,514.79,514.79,approved,2023-11-01,506.38,GHS,21,False
461,24033,902,377,1,2024-10-10,transmission,Customer reported transmission failure; diagnosis completed.,9477.78,9477.78,approved,2024-11-25,8822.23,GHS,46,False
462,10908,9502,6950,7,2024-05-27,infotainment,Customer reported infotainment failure; diagnosis completed.,4388.78,4388.78,approved,2024-06-08,4382.44,GHS,12,False
463,8553,3148,1765,5,2024-08-15,electrical,Customer reported electrical failure; diagnosis completed.,6610.89,6610.89,approved,2024-09-02,6008.53,GHS,18,False
464,3963,9032,8677,8,2024-10-19,transmission,Customer reported transmission failure; diagnosis completed.,2214.05,2214.05,approved,2024-11-14,1917.85,GHS,26,False
465,37336,19590,16858,5,2025-06-12,body_hardware,Customer reported body hardware failure; diagnosis completed.,8108.25,0.00,denied,2025-06-30,0.00,GHS,18,False
466,27639,1741,19650,6,2025-06-30,electrical,Customer reported electrical failure; diagnosis completed.,633.58,633.58,approved,2025-06-30,550.54,GHS,0,True
467,35044,19152,3101,13,2024-01-18,transmission,Customer reported transmission failure; diagnosis completed.,1213.68,1213.68,approved,2024-03-06,1159.59,GHS,48,False
468,47536,5580,6887,12,2025-05-06,engine,Customer reported engine failure; diagnosis completed.,1031.07,1031.07,approved,2025-05-27,946.42,GHS,21,False
469,37370,22891,13486,11,2025-04-12,electrical,Customer reported electrical failure; diagnosis completed.,1750.09,0.00,denied,2025-05-06,0.00,GHS,24,False
470,34143,2710,2810,7,2024-07-16,transmission,Customer reported transmission failure; diagnosis completed.,955.34,955.34,approved,2024-08-04,847.18,GHS,19,False
471,30007,12997,2857,4,2023-12-10,electrical,Customer reported electrical failure; diagnosis completed.,412.42,412.42,approved,2023-12-18,370.35,GHS,8,False
472,34025,20093,5298,8,2024-04-27,engine,Customer reported engine failure; diagnosis completed.,3251.88,3251.88,approved,2024-05-13,2685.59,GHS,16,False
473,36840,6112,12263,2,2025-01-02,electrical,Customer reported electrical failure; diagnosis completed.,500.28,196.48,partially_approved,2025-01-24,179.70,GHS,22,False
474,1193,13287,4784,8,2024-03-08,transmission,Customer reported transmission failure; diagnosis completed.,2023.05,2023.05,approved,2024-04-09,2005.58,GHS,32,False
475,34807,4514,251,1,2024-05-30,engine,Customer reported engine failure; diagnosis completed.,411.85,273.31,partially_approved,2024-06-15,257.53,GHS,16,False
476,31852,7802,14726,12,2025-06-30,electrical,Customer reported electrical failure; diagnosis completed.,3133.62,0.00,denied,2025-06-30,0.00,GHS,0,False
477,47779,23195,17613,5,2025-06-30,battery,Customer reported battery failure; diagnosis completed.,5852.64,5852.64,approved,2025-06-30,5812.42,GHS,0,False
478,24729,6096,14944,3,2025-06-30,transmission,Customer reported transmission failure; diagnosis completed.,1080.42,1080.42,approved,2025-06-30,981.47,GHS,0,False
479,5558,20934,10068,7,2024-09-23,body_hardware,Customer reported body hardware failure; diagnosis completed.,1350.23,1350.23,approved,2024-09-29,1265.73,GHS,6,False
480,27464,24239,3325,15,2024-01-12,transmission,Customer reported transmission failure; diagnosis completed.,3843.10,3843.10,approved,2024-02-24,3427.64,GHS,43,False
481,22369,16275,1751,1,2023-04-21,engine,Customer reported engine failure; diagnosis completed.,773.78,0.00,denied,2023-05-07,0.00,GHS,16,False
482,36214,9716,8897,14,2025-01-22,suspension,Customer reported suspension failure; diagnosis completed.,7687.30,7687.30,approved,2025-02-03,7547.06,GHS,12,False
483,6915,23451,5269,7,2023-12-29,engine,Customer reported engine failure; diagnosis completed.,2570.18,0.00,denied,2024-01-06,0.00,GHS,8,False
484,10881,20774,7771,14,2024-04-10,infotainment,Customer reported infotainment failure; diagnosis completed.,1545.45,1545.45,approved,2024-04-30,1376.20,GHS,20,False
485,11101,24768,8450,1,2024-02-22,transmission,Customer reported transmission failure; diagnosis completed.,802.40,802.40,approved,2024-03-29,712.60,GHS,36,False
486,15452,7541,4112,2,2024-07-22,engine,Customer reported engine failure; diagnosis completed.,1416.11,1416.11,approved,2024-07-28,1185.45,GHS,6,False
487,45835,11920,16088,12,2025-06-30,infotainment,Customer reported infotainment failure; diagnosis completed.,239.81,239.81,approved,2025-06-30,232.29,GHS,0,False
488,10624,1828,3322,13,2024-12-17,engine,Customer reported engine failure; diagnosis completed.,1026.40,0.00,denied,2024-12-20,0.00,GHS,3,False
489,16690,14966,7618,2,2025-06-30,electrical,Customer reported electrical failure; diagnosis completed.,4412.97,4412.97,approved,2025-06-30,3968.45,GHS,0,False
490,42830,14061,4527,2,2024-08-20,battery,Customer reported battery failure; diagnosis completed.,414.21,414.21,approved,2024-09-19,386.61,GHS,30,False
491,9695,23701,2022,1,2023-05-09,transmission,Customer reported transmission failure; diagnosis completed.,553.03,553.03,approved,2023-06-12,484.74,GHS,34,False
492,42264,18503,13572,1,2025-03-17,body_hardware,Customer reported body hardware failure; diagnosis completed.,555.84,555.84,approved,2025-03-25,455.84,GHS,8,False
493,12537,9894,303,1,2024-06-19,electrical,Customer reported electrical failure; diagnosis completed.,482.57,482.57,approved,2024-07-04,444.64,GHS,15,False
494,45262,14329,3347,8,2023-07-02,body_hardware,Customer reported body hardware failure; diagnosis completed.,2553.49,2553.49,approved,2023-07-23,2127.73,GHS,21,False
495,19542,4280,1273,2,2025-06-30,transmission,Customer reported transmission failure; diagnosis completed.,1045.00,1045.00,approved,2025-06-30,859.15,GHS,0,False
496,9552,8772,6796,3,2025-01-07,suspension,Customer reported suspension failure; diagnosis completed.,2063.62,2063.62,approved,,1879.40,GHS,8,False
497,8153,11171,15009,9,2025-05-22,body_hardware,Customer reported body hardware failure; diagnosis completed.,2193.37,2193.37,approved,2025-06-13,1936.38,GHS,22,False
498,35825,10586,7977,7,2024-08-01,electrical,Customer reported electrical failure; diagnosis completed.,1058.43,1058.43,approved,2024-08-06,971.29,GHS,5,False
499,24370,15190,6344,9,2024-09-12,body_hardware,Customer reported body hardware failure; diagnosis completed.,4404.37,3171.37,partially_approved,2024-09-16,3027.37,GHS,4,False
500,31933,8001,3742,1,2024-01-10,battery,Customer reported battery failure; diagnosis completed.,688.57,0.00,denied,2024-02-17,0.00,GHS,38,False
501,40593,4774,6691,5,2024-09-15,engine,Customer reported engine failure; diagnosis completed.,820.53,820.53,approved,2024-10-09,797.07,GHS,24,False
502,12165,19790,267,11,2023-04-25,infotainment,Customer reported infotainment failure; diagnosis completed.,2685.20,0.00,denied,2023-05-17,0.00,GHS,22,False
503,30872,5437,10454,15,2024-06-08,engine,Customer reported engine failure; diagnosis completed.,1570.34,1570.34,approved,2024-06-26,1546.32,GHS,18,False
504,29452,21380,6508,4,2024-10-29,infotainment,Customer reported infotainment failure; diagnosis completed.,1557.99,1557.99,approved,2024-11-22,1479.45,GHS,24,False
505,30402,14740,3540,12,2023-07-12,suspension,Customer reported suspension failure; diagnosis completed.,723.37,305.44,partially_approved,2023-07-18,280.92,GHS,6,False
506,18698,11585,10683,5,2025-02-05,electrical,Customer reported electrical failure; diagnosis completed.,1761.91,0.00,denied,2025-02-21,0.00,GHS,16,True
507,28949,6191,3350,12,2025-06-30,transmission,Customer reported transmission failure; diagnosis completed.,2008.32,2008.32,approved,2025-06-30,1699.80,GHS,0,False
508,13675,22651,5927,8,2024-09-23,electrical,Customer reported electrical failure; diagnosis completed.,403.75,169.14,partially_approved,2024-10-03,149.65,GHS,10,False
509,10380,8369,12721,3,2024-09-09,electrical,Customer reported electrical failure; diagnosis completed.,618.65,223.38,partially_approved,2024-10-02,183.35,GHS,23,False
510,9633,11314,13894,8,2025-06-30,engine,Customer reported engine failure; diagnosis completed.,2582.99,2582.99,approved,2025-06-30,2285.75,GHS,0,True
511,28763,11950,8813,1,2025-02-27,electrical,Customer reported electrical failure; diagnosis completed.,765.48,0.00,denied,2025-03-05,0.00,GHS,6,False
512,7396,3422,379,4,2023-05-19,engine,Customer reported engine failure; diagnosis completed.,3037.70,3037.70,approved,2023-05-25,2788.89,GHS,6,True
513,8947,12801,14359,5,2025-06-30,suspension,Customer reported suspension failure; diagnosis completed.,3723.72,1589.17,partially_approved,2025-06-30,1443.31,GHS,0,False
514,26437,12069,10372,3,2024-05-13,infotainment,Customer reported infotainment failure; diagnosis completed.,3191.22,0.00,denied,2024-05-18,0.00,GHS,5,False
515,4365,23494,6130,5,2023-11-26,engine,Customer reported engine failure; diagnosis completed.,1618.66,1618.66,approved,2023-12-07,1421.76,GHS,11,False
516,39855,6213,10600,15,2025-03-30,engine,Customer reported engine failure; diagnosis completed.,936.40,936.40,approved,2025-04-06,905.45,GHS,7,False
517,6439,11520,2895,6,2024-03-04,infotainment,Customer reported infotainment failure; diagnosis completed.,404.74,256.07,partially_approved,2024-03-27,225.54,GHS,23,False
518,5711,1211,5979,15,2023-11-28,battery,Customer reported battery failure; diagnosis completed.,1350.19,0.00,denied,2023-12-30,0.00,GHS,32,False
519,30989,17741,2477,11,2024-01-11,body_hardware,Customer reported body hardware failure; diagnosis completed.,2770.43,2770.43,approved,2024-01-18,2618.63,GHS,7,False
520,23068,2842,6610,4,2023-12-16,body_hardware,Customer reported body hardware failure; diagnosis completed.,1048.26,1048.26,approved,2024-01-05,1044.86,GHS,20,False
521,33814,3324,16023,9,2025-05-07,electrical,Customer reported electrical failure; diagnosis completed.,996.14,0.00,denied,2025-05-20,0.00,GHS,13,False
522,20481,16198,1710,4,2025-02-20,battery,Customer reported battery failure; diagnosis completed.,885.94,578.68,partially_approved,2025-03-14,553.48,GHS,22,False
523,22299,14601,663,4,2023-12-04,suspension,Customer reported suspension failure; diagnosis completed.,1475.43,1475.43,approved,2023-12-22,1233.15,GHS,18,False
524,27123,1795,6050,15,2023-12-18,electrical,Customer reported electrical failure; diagnosis completed.,1262.30,688.66,partially_approved,2024-01-09,686.21,GHS,22,False
525,30896,5930,1412,13,2024-11-17,electrical,Customer reported electrical failure; diagnosis completed.,1467.32,1467.32,approved,2024-11-27,1212.43,GHS,10,False
526,31668,23835,14711,7,2024-11-26,battery,Customer reported battery failure; diagnosis completed.,869.43,0.00,denied,2025-01-11,0.00,GHS,46,False
527,21166,12238,10166,4,2024-10-31,infotainment,Customer reported infotainment failure; diagnosis completed.,4293.23,4293.23,approved,2024-11-21,4010.26,GHS,21,False
528,23666,17023,2845,5,2023-11-21,electrical,Customer reported electrical failure; diagnosis completed.,791.02,0.00,denied,2023-12-05,0.00,GHS,14,False
529,27605,12288,1023,6,2023-05-11,electrical,Customer reported electrical failure; diagnosis completed.,651.12,651.12,approved,2023-05-28,579.13,GHS,17,False
530,41738,24022,14662,9,2024-11-21,suspension,Customer reported suspension failure; diagnosis completed.,438.90,438.90,approved,2024-12-03,373.88,GHS,12,False
531,39187,5726,4610,2,2024-07-13,body_hardware,Customer reported body hardware failure; diagnosis completed.,1576.20,0.00,denied,2024-07-28,0.00,GHS,15,False
532,24687,14956,2112,2,2023-11-17,battery,Customer reported battery failure; diagnosis completed.,1211.79,1211.79,approved,2024-01-07,1021.45,GHS,51,False
533,32332,18852,14382,13,2025-06-30,electrical,Customer reported electrical failure; diagnosis completed.,576.21,576.21,approved,2025-06-30,486.39,GHS,0,False
534,21349,19813,5730,2,2025-01-07,electrical,Customer reported electrical failure; diagnosis completed.,504.36,504.36,approved,2025-01-19,477.03,GHS,12,False
535,26924,12366,2536,6,2023-10-29,transmission,Customer reported transmission failure; diagnosis completed.,707.00,707.00,approved,2023-11-29,701.52,GHS,31,False
536,37315,481,4761,9,2023-10-12,transmission,Customer reported transmission failure; diagnosis completed.,780.02,0.00,denied,2023-11-03,0.00,GHS,22,False
537,27489,5429,9466,15,2024-04-02,battery,Customer reported battery failure; diagnosis completed.,2448.85,1881.67,partially_approved,2024-05-14,1608.09,GHS,42,False
538,35684,9335,5613,2,2025-06-23,transmission,Customer reported transmission failure; diagnosis completed.,1762.81,0.00,denied,2025-06-30,0.00,GHS,7,False
539,45480,14510,10786,15,2025-06-27,suspension,Customer reported suspension failure; diagnosis completed.,2207.93,2207.93,approved,2025-06-30,2157.36,GHS,3,False
540,30692,24667,12272,4,2025-04-30,battery,Customer reported battery failure; diagnosis completed.,845.05,845.05,approved,2025-05-31,767.30,GHS,31,False
541,33526,11352,16205,14,2025-06-30,electrical,Customer reported electrical failure; diagnosis completed.,1501.16,2278.93,approved,2025-06-30,1352.54,GHS,0,True
542,17829,19816,12222,3,2025-01-23,transmission,Customer reported transmission failure; diagnosis completed.,388.29,173.48,partially_approved,2025-02-21,146.28,GHS,29,False
543,1337,8133,19073,3,2025-06-30,transmission,Customer reported transmission failure; diagnosis completed.,782.78,782.78,approved,2025-06-30,658.48,GHS,0,False
544,13773,9860,16031,4,2025-04-20,body_hardware,Customer reported body hardware failure; diagnosis completed.,1337.36,1337.36,approved,2025-04-28,1283.16,GHS,8,False
545,40655,13359,15634,10,2025-03-25,body_hardware,Customer reported body hardware failure; diagnosis completed.,2680.92,2680.92,approved,2025-03-29,2661.46,GHS,4,False
546,47075,13122,2548,15,2025-06-30,suspension,Customer reported suspension failure; diagnosis completed.,899.98,899.98,approved,2025-06-30,832.47,GHS,0,False
547,846,18340,6757,9,2024-02-01,body_hardware,Customer reported body hardware failure; diagnosis completed.,666.99,666.99,approved,2024-02-04,659.02,GHS,3,False
548,20784,24538,9847,5,2024-12-13,infotainment,Customer reported infotainment failure; diagnosis completed.,1073.55,1073.55,approved,2024-12-20,1023.13,GHS,7,False
549,41689,2920,3696,13,2024-11-12,transmission,Customer reported transmission failure; diagnosis completed.,951.94,951.94,approved,2024-12-28,796.54,GHS,46,True
550,47661,750,6264,12,2024-04-16,infotainment,Customer reported infotainment failure; diagnosis completed.,616.20,0.00,denied,2024-05-01,0.00,GHS,15,False
551,9065,5394,16902,2,2025-06-30,body_hardware,Customer reported body hardware failure; diagnosis completed.,1113.84,1113.84,approved,2025-06-30,1102.66,GHS,0,False
552,13544,20488,11714,15,2024-09-13,electrical,Customer reported electrical failure; diagnosis completed.,1264.37,1264.37,approved,2024-09-17,1079.44,GHS,4,False
553,38504,24550,3266,1,2024-06-07,engine,Customer reported engine failure; diagnosis completed.,5760.50,5760.50,approved,2024-06-17,4749.64,GHS,10,False
554,9675,16779,906,14,2024-01-08,engine,Customer reported engine failure; diagnosis completed.,635.02,635.02,approved,2024-01-16,573.29,GHS,8,True
555,23534,8119,2928,2,2023-08-03,suspension,Customer reported suspension failure; diagnosis completed.,4822.10,4822.10,approved,2023-08-18,4745.28,GHS,15,False
556,30547,13111,3109,6,2024-09-28,body_hardware,Customer reported body hardware failure; diagnosis completed.,1219.33,1219.33,approved,2024-10-19,1129.79,GHS,21,False
557,40014,18622,10643,5,2025-06-30,electrical,Customer reported electrical failure; diagnosis completed.,1312.60,1312.60,approved,2025-06-30,1163.22,GHS,0,False
558,7161,8051,5767,6,2024-01-29,infotainment,Customer reported infotainment failure; diagnosis completed.,1036.52,1036.52,approved,2024-02-14,892.05,GHS,16,False
559,3281,3066,2363,1,2025-06-30,body_hardware,Customer reported body hardware failure; diagnosis completed.,589.82,589.82,approved,2025-06-30,557.64,GHS,0,False
560,15571,6038,11102,2,2025-06-30,battery,Customer reported battery failure; diagnosis completed.,4905.30,4905.30,approved,2025-06-30,4041.36,GHS,0,False
561,18199,17758,14725,3,2025-04-08,electrical,Customer reported electrical failure; diagnosis completed.,1724.14,1724.14,approved,2025-04-16,1703.09,GHS,8,False
562,41483,17139,9280,15,2024-08-29,engine,Customer reported engine failure; diagnosis completed.,2605.73,0.00,denied,2024-09-16,0.00,GHS,18,False
563,34348,37,12338,13,2024-11-14,transmission,Customer reported transmission failure; diagnosis completed.,518.16,0.00,denied,2024-12-23,0.00,GHS,39,False
564,26321,20597,10866,5,2024-07-22,body_hardware,Customer reported body hardware failure; diagnosis completed.,713.39,396.85,partially_approved,2024-08-15,336.98,GHS,24,False
565,5847,1122,8711,2,2025-06-30,engine,Customer reported engine failure; diagnosis completed.,3066.28,3066.28,approved,2025-06-30,2778.04,GHS,0,True
566,40856,16661,2062,8,2023-09-22,body_hardware,Customer reported body hardware failure; diagnosis completed.,717.65,1495.42,approved,2023-10-16,646.70,GHS,24,False
567,6099,10305,2727,5,2024-10-12,suspension,Customer reported suspension failure; diagnosis completed.,2322.24,2322.24,approved,2024-10-21,2102.53,GHS,9,False
568,45013,613,6053,3,2024-05-29,engine,Customer reported engine failure; diagnosis completed.,282.14,177.33,partially_approved,2024-06-11,176.41,GHS,13,False
569,15020,21112,2308,12,2023-11-05,electrical,Customer reported electrical failure; diagnosis completed.,962.14,962.14,approved,2023-11-24,859.38,GHS,19,False
570,4351,13234,7339,7,2025-01-04,electrical,Customer reported electrical failure; diagnosis completed.,977.28,977.28,approved,2025-01-14,938.75,GHS,10,False
571,42888,22659,18819,8,2025-06-30,electrical,Customer reported electrical failure; diagnosis completed.,4512.75,4512.75,approved,2025-06-30,4442.88,GHS,0,False
572,26893,24823,8091,9,2025-01-16,battery,Customer reported battery failure; diagnosis completed.,1005.63,0.00,denied,2025-02-16,0.00,GHS,31,False
573,10687,16875,5085,13,2024-12-03,electrical,Customer reported electrical failure; diagnosis completed.,842.04,842.04,approved,2024-12-26,778.62,GHS,23,False
574,34884,20584,4956,15,2023-09-19,engine,Customer reported engine failure; diagnosis completed.,757.16,0.00,denied,2023-10-10,0.00,GHS,21,False
575,46634,4968,10324,13,2025-06-30,suspension,Customer reported suspension failure; diagnosis completed.,552.88,552.88,approved,2025-06-30,548.48,GHS,0,False
576,28049,2127,4882,14,2024-08-19,suspension,Customer reported suspension failure; diagnosis completed.,865.80,525.62,partially_approved,2024-08-28,478.80,GHS,9,False
577,3179,23915,5519,1,2024-10-25,infotainment,Customer reported infotainment failure; diagnosis completed.,1514.50,0.00,denied,2024-11-02,0.00,GHS,8,False
578,44123,710,13999,2,2025-06-30,transmission,Customer reported transmission failure; diagnosis completed.,1647.22,1647.22,approved,2025-06-30,1518.72,GHS,0,False
579,25411,16430,8262,4,2025-06-13,transmission,Customer reported transmission failure; diagnosis completed.,2653.70,1551.04,partially_approved,2025-06-30,1508.58,GHS,17,False
580,36089,23799,639,3,2024-06-12,battery,Customer reported battery failure; diagnosis completed.,5297.92,5297.92,approved,2024-07-19,5116.20,GHS,37,False
581,30947,649,20033,14,2025-06-30,engine,Customer reported engine failure; diagnosis completed.,1710.44,1710.44,approved,2025-06-30,1571.78,GHS,0,True
582,16124,2753,10409,5,2025-06-30,battery,Customer reported battery failure; diagnosis completed.,4484.53,4484.53,approved,2025-06-30,4037.83,GHS,0,False
583,16949,7590,3912,11,2024-08-07,battery,Customer reported battery failure; diagnosis completed.,774.93,774.93,approved,2024-08-23,716.83,GHS,16,False
584,7902,11321,8161,14,2025-06-30,engine,Customer reported engine failure; diagnosis completed.,1953.12,1953.12,approved,2025-06-30,1943.54,GHS,0,False
585,12810,1121,6172,2,2024-07-26,engine,Customer reported engine failure; diagnosis completed.,872.17,0.00,denied,2024-08-12,0.00,GHS,17,False
586,37048,6035,3840,4,2023-08-17,infotainment,Customer reported infotainment failure; diagnosis completed.,1893.67,0.00,denied,2023-08-26,0.00,GHS,9,False
587,33879,8398,17786,8,2025-06-30,suspension,Customer reported suspension failure; diagnosis completed.,3756.30,0.00,denied,2025-06-30,0.00,GHS,0,False
588,4436,13488,2014,8,2024-12-18,engine,Customer reported engine failure; diagnosis completed.,1301.23,0.00,denied,2025-01-10,0.00,GHS,23,False
589,28800,10,10542,11,2025-05-10,engine,Customer reported engine failure; diagnosis completed.,488.55,0.00,denied,2025-05-29,0.00,GHS,19,True
590,24073,7327,2557,5,2024-09-30,transmission,Customer reported transmission failure; diagnosis completed.,921.16,921.16,approved,2024-10-22,915.79,GHS,22,False
591,3939,12972,5597,15,2024-06-16,body_hardware,Customer reported body hardware failure; diagnosis completed.,1105.58,1105.58,approved,2024-07-10,1034.62,GHS,24,False
592,47091,11610,5315,12,2024-09-05,body_hardware,Customer reported body hardware failure; diagnosis completed.,2356.50,2356.50,approved,2024-09-16,2210.50,GHS,11,False
593,5914,9612,10071,5,2024-08-19,transmission,Customer reported transmission failure; diagnosis completed.,4714.14,0.00,denied,2024-09-21,0.00,GHS,33,False
594,3805,21629,11366,10,2025-06-30,engine,Customer reported engine failure; diagnosis completed.,646.92,228.25,partially_approved,2025-06-30,192.63,GHS,0,False
595,12862,10261,15516,9,2025-06-30,transmission,Customer reported transmission failure; diagnosis completed.,983.01,983.01,approved,2025-06-30,810.24,GHS,0,False
596,35564,20858,9771,12,2024-08-25,battery,Customer reported battery failure; diagnosis completed.,1104.26,714.77,partially_approved,2024-10-07,667.74,GHS,43,False
597,21169,949,1746,2,2024-10-05,transmission,Customer reported transmission failure; diagnosis completed.,5641.23,0.00,denied,2024-11-10,0.00,GHS,36,False
598,3524,9873,9719,2,2025-02-22,suspension,Customer reported suspension failure; diagnosis completed.,3397.63,3397.63,approved,2025-03-06,3252.20,GHS,12,False
599,7104,161,2443,1,2023-06-14,body_hardware,Customer reported body hardware failure; diagnosis completed.,743.13,743.13,approved,2023-06-17,729.58,GHS,3,False
600,26960,5698,13760,8,2025-04-19,transmission,Customer reported transmission failure; diagnosis completed.,1152.32,1152.32,approved,2025-05-27,1144.37,GHS,38,True
601,5006,22482,5779,11,2024-11-11,battery,Customer reported battery failure; diagnosis completed.,3633.61,3633.61,approved,2024-11-29,2980.17,GHS,18,False
602,42826,3191,14845,9,2024-11-29,electrical,Customer reported electrical failure; diagnosis completed.,743.05,743.05,approved,2024-12-14,619.58,GHS,15,False
603,34003,1375,8316,12,2024-07-28,electrical,Customer reported electrical failure; diagnosis completed.,886.94,886.94,approved,2024-08-07,880.87,GHS,10,False
604,25118,15206,10178,1,2024-08-27,electrical,Customer reported electrical failure; diagnosis completed.,474.52,474.52,approved,2024-09-13,457.40,GHS,17,False
605,45571,5567,14799,3,2024-12-01,electrical,Customer reported electrical failure; diagnosis completed.,3401.08,0.00,denied,2024-12-11,0.00,GHS,10,False
606,6468,8994,1922,3,2024-10-28,body_hardware,Customer reported body hardware failure; diagnosis completed.,2361.08,0.00,denied,2024-11-06,0.00,GHS,9,False
607,10817,5434,5711,15,2023-10-26,infotainment,Customer reported infotainment failure; diagnosis completed.,692.17,692.17,approved,2023-11-10,666.22,GHS,15,False
608,39216,14972,3317,1,2025-06-30,body_hardware,Customer reported body hardware failure; diagnosis completed.,1421.37,1421.37,approved,2025-06-30,1235.99,GHS,0,False
609,32476,18684,12925,4,2024-12-09,body_hardware,Customer reported body hardware failure; diagnosis completed.,702.42,702.42,approved,2024-12-17,603.71,GHS,8,False
610,34167,4308,12377,15,2024-11-27,electrical,Customer reported electrical failure; diagnosis completed.,1097.72,674.96,partially_approved,2024-12-10,572.54,GHS,13,True
611,22047,5293,5620,6,2024-06-16,body_hardware,Customer reported body hardware failure; diagnosis completed.,2350.73,2350.73,approved,2024-07-04,1937.94,GHS,18,False
612,32561,21725,7207,4,2023-12-28,battery,Customer reported battery failure; diagnosis completed.,1278.01,1278.01,approved,2024-01-20,1079.72,GHS,23,False
613,19113,6993,11272,2,2024-11-20,electrical,Customer reported electrical failure; diagnosis completed.,385.87,385.87,approved,2024-11-27,372.78,GHS,7,False
614,14173,7954,15654,6,2025-06-30,suspension,Customer reported suspension failure; diagnosis completed.,1008.56,422.62,partially_approved,2025-06-30,384.93,GHS,0,False
615,41610,9750,5379,15,2024-01-29,engine,Customer reported engine failure; diagnosis completed.,863.81,863.81,approved,2024-02-10,843.54,GHS,12,False
616,16360,9879,13434,1,2024-10-16,suspension,Customer reported suspension failure; diagnosis completed.,1598.29,1598.29,approved,2024-11-05,1406.37,GHS,20,False
617,8592,21493,11700,9,2025-03-22,engine,Customer reported engine failure; diagnosis completed.,475.44,0.00,denied,2025-04-02,0.00,GHS,11,False
618,18238,20145,6646,2,2024-04-03,electrical,Customer reported electrical failure; diagnosis completed.,1076.96,0.00,denied,2024-04-21,0.00,GHS,18,False
619,35920,2588,3545,3,2025-05-30,transmission,Customer reported transmission failure; diagnosis completed.,764.60,764.60,approved,2025-06-24,634.19,GHS,25,False
620,14151,16701,16076,4,2025-05-15,engine,Customer reported engine failure; diagnosis completed.,634.41,634.41,approved,2025-05-27,535.89,GHS,12,False
621,33557,15524,4964,7,2023-09-24,body_hardware,Customer reported body hardware failure; diagnosis completed.,2833.03,2833.03,approved,2023-10-03,2799.26,GHS,9,False
622,35473,7998,918,2,2023-12-30,battery,Customer reported battery failure; diagnosis completed.,1450.94,1450.94,approved,2024-02-07,1362.67,GHS,39,True
623,26814,4102,4709,2,2024-05-18,infotainment,Customer reported infotainment failure; diagnosis completed.,5010.63,3312.24,partially_approved,2024-06-07,3266.78,GHS,20,False
624,20333,14395,10964,10,2024-08-30,body_hardware,Customer reported body hardware failure; diagnosis completed.,2222.06,2222.06,approved,2024-09-09,2100.35,GHS,10,False
625,16671,23811,4430,11,2023-12-14,engine,Customer reported engine failure; diagnosis completed.,1034.29,1034.29,approved,2024-01-07,913.50,GHS,24,False
626,30784,9862,12058,8,2025-04-29,body_hardware,Customer reported body hardware failure; diagnosis completed.,555.98,0.00,denied,2025-05-07,0.00,GHS,8,False
627,22197,8632,1274,1,2024-05-18,electrical,Customer reported electrical failure; diagnosis completed.,524.47,524.47,approved,2024-06-03,515.40,GHS,16,False
628,35672,20385,12580,3,2025-06-30,battery,Customer reported battery failure; diagnosis completed.,1648.50,1648.50,approved,,1508.11,GHS,0,False
629,7796,24394,13055,9,2024-10-13,electrical,Customer reported electrical failure; diagnosis completed.,941.52,941.52,approved,2024-10-29,914.67,GHS,16,False
630,29713,21008,799,1,2023-12-15,infotainment,Customer reported infotainment failure; diagnosis completed.,814.17,287.66,partially_approved,2023-12-21,282.58,GHS,6,True
631,45508,11213,9753,6,2024-05-29,engine,Customer reported engine failure; diagnosis completed.,1759.14,643.50,partially_approved,2024-06-21,604.60,GHS,23,False
632,23020,12331,4436,2,2023-08-29,electrical,Customer reported electrical failure; diagnosis completed.,461.78,461.78,approved,2023-09-07,436.84,GHS,9,False
633,8314,7274,4786,15,2025-06-30,electrical,Customer reported electrical failure; diagnosis completed.,1179.83,1179.83,approved,2025-06-30,1179.49,GHS,0,False
634,165,8690,2719,5,2025-05-28,transmission,Customer reported transmission failure; diagnosis completed.,981.33,981.33,approved,2025-06-28,894.37,GHS,31,False
635,4212,19057,11196,15,2024-08-11,suspension,Customer reported suspension failure; diagnosis completed.,1716.72,1716.72,approved,2024-09-04,1480.59,GHS,24,False
636,44607,19270,8298,5,2024-05-14,engine,Customer reported engine failure; diagnosis completed.,712.55,479.88,partially_approved,2024-06-06,448.50,GHS,23,False
637,4120,20447,5662,12,2024-04-07,suspension,Customer reported suspension failure; diagnosis completed.,2651.51,1047.65,partially_approved,2024-04-13,996.97,GHS,6,False
638,23242,13065,15985,2,2025-04-10,body_hardware,Customer reported body hardware failure; diagnosis completed.,4335.88,4335.88,approved,2025-04-27,3707.38,GHS,17,False
639,32707,21996,6482,6,2024-05-21,battery,Customer reported battery failure; diagnosis completed.,1663.53,1663.53,approved,2024-06-23,1494.09,GHS,33,False
640,42391,22233,1642,6,2024-08-11,engine,Customer reported engine failure; diagnosis completed.,8928.88,8928.88,approved,2024-08-16,7843.19,GHS,5,False
641,16362,18237,9121,6,2024-11-22,electrical,Customer reported electrical failure; diagnosis completed.,950.32,950.32,approved,2024-12-05,864.74,GHS,13,False
642,44902,3470,3078,15,2025-04-05,infotainment,Customer reported infotainment failure; diagnosis completed.,2369.04,-1649.82,partially_approved,2025-04-15,1504.69,GHS,10,False
643,34258,1692,4124,5,2023-10-12,body_hardware,Customer reported body hardware failure; diagnosis completed.,498.99,498.99,approved,2023-10-26,448.41,GHS,14,False
644,39459,14796,4401,3,2025-06-30,transmission,Customer reported transmission failure; diagnosis completed.,2606.99,2606.99,approved,2025-06-30,2354.51,GHS,0,False
645,26591,17090,11117,15,2024-07-01,electrical,Customer reported electrical failure; diagnosis completed.,722.20,0.00,denied,2024-07-15,0.00,GHS,14,False
646,20151,6854,3072,13,2024-10-29,engine,Customer reported engine failure; diagnosis completed.,968.89,968.89,approved,2024-11-22,860.78,GHS,24,False
647,9880,14167,4548,8,2024-06-27,battery,Customer reported battery failure; diagnosis completed.,3657.57,0.00,denied,2024-08-03,0.00,GHS,37,False
648,21655,17699,7718,14,2025-06-30,electrical,Customer reported electrical failure; diagnosis completed.,4544.28,4544.28,approved,2025-06-30,4011.76,GHS,0,False
649,13959,9032,8677,2,2024-05-23,transmission,Customer reported transmission failure; diagnosis completed.,2811.41,1645.28,partially_approved,2024-06-23,1522.02,GHS,31,False
650,27591,1879,5475,1,2024-08-24,infotainment,Customer reported infotainment failure; diagnosis completed.,4365.95,4365.95,approved,2024-09-17,3837.48,GHS,24,False
651,387,14667,1764,4,2024-08-21,electrical,Customer reported electrical failure; diagnosis completed.,582.27,582.27,approved,2024-08-26,551.03,GHS,5,False
652,30300,17368,6498,15,2024-07-23,transmission,Customer reported transmission failure; diagnosis completed.,2546.73,2546.73,approved,2024-09-06,2458.83,GHS,45,False
653,10061,23120,11466,4,2025-02-11,electrical,Customer reported electrical failure; diagnosis completed.,516.66,0.00,denied,2025-02-19,0.00,GHS,8,False
654,11171,21545,2371,10,2023-11-17,electrical,Customer reported electrical failure; diagnosis completed.,756.78,756.78,approved,2023-12-09,753.56,GHS,22,False
655,38548,16956,12311,1,2025-06-30,engine,Customer reported engine failure; diagnosis completed.,1263.50,807.76,partially_approved,2025-06-30,713.63,GHS,0,False
656,39854,21070,3353,3,2024-08-13,battery,,1666.90,1666.90,approved,2024-09-13,1469.83,GHS,31,False
657,39265,10385,7395,7,2025-04-15,suspension,Customer reported suspension failure; diagnosis completed.,653.05,653.05,approved,2025-05-03,642.83,GHS,18,True
658,22648,21211,2380,11,2024-06-15,body_hardware,Customer reported body hardware failure; diagnosis completed.,1363.87,1363.87,approved,2024-07-09,1323.22,GHS,24,False
659,3709,5836,17867,4,2025-06-30,suspension,Customer reported suspension failure; diagnosis completed.,1550.55,1550.55,approved,2025-06-30,1467.24,GHS,0,False
660,33942,13724,1348,4,2025-06-30,transmission,Customer reported transmission failure; diagnosis completed.,794.12,794.12,approved,2025-06-30,697.59,GHS,0,True
661,4663,9405,840,6,2023-05-13,engine,Customer reported engine failure; diagnosis completed.,1809.23,0.00,denied,2023-06-05,0.00,GHS,23,False
662,5218,14238,15166,12,2025-05-04,engine,Customer reported engine failure; diagnosis completed.,721.22,721.22,approved,2025-05-25,663.69,GHS,21,False
663,46249,21691,5623,6,2023-11-02,engine,Customer reported engine failure; diagnosis completed.,730.64,730.64,approved,2023-11-09,662.19,GHS,7,False
664,11031,21521,17232,4,2025-06-30,engine,Customer reported engine failure; diagnosis completed.,4310.08,4310.08,approved,2025-06-30,4053.45,GHS,0,False
665,27045,13811,14572,4,2024-12-19,suspension,Customer reported suspension failure; diagnosis completed.,5605.41,5605.41,approved,2024-12-28,4693.29,GHS,9,False
666,25711,4549,13310,3,2025-02-08,body_hardware,Customer reported body hardware failure; diagnosis completed.,1899.33,1899.33,approved,2025-02-28,1896.60,GHS,20,False
667,12309,21739,9293,4,2024-03-29,suspension,Customer reported suspension failure; diagnosis completed.,599.22,599.22,approved,2024-04-13,550.31,GHS,15,False
668,40388,4285,3163,6,2023-12-25,suspension,Customer reported suspension failure; diagnosis completed.,878.47,878.47,approved,2024-01-03,824.59,GHS,9,False
669,1679,2087,7057,7,2023-12-22,body_hardware,Customer reported body hardware failure; diagnosis completed.,570.79,570.79,approved,2024-01-08,486.81,GHS,17,False
670,37607,14266,4394,5,2025-05-09,engine,Customer reported engine failure; diagnosis completed.,358.89,250.20,partially_approved,2025-06-02,231.93,GHS,24,False
671,456,13953,5863,2,2025-06-30,battery,Customer reported battery failure; diagnosis completed.,2726.86,2726.86,approved,2025-06-30,2311.65,GHS,0,False
672,34269,17829,2080,4,2025-05-22,transmission,Customer reported transmission failure; diagnosis completed.,3139.13,0.00,denied,2025-06-30,0.00,GHS,39,False
673,4170,23356,17005,6,2025-04-14,electrical,Customer reported electrical failure; diagnosis completed.,2988.04,1924.99,partially_approved,2025-04-29,1839.74,GHS,15,False
674,46824,22223,10654,2,2025-06-30,body_hardware,Customer reported body hardware failure; diagnosis completed.,622.90,0.00,denied,2025-06-30,0.00,GHS,0,False
675,37153,18644,6096,5,2024-08-30,engine,Customer reported engine failure; diagnosis completed.,4369.03,4369.03,approved,2024-09-04,4357.30,GHS,5,False
676,5947,21439,713,7,2024-11-26,body_hardware,Customer reported body hardware failure; diagnosis completed.,359.30,359.30,approved,2024-12-09,344.86,GHS,13,False
677,27284,12027,15018,1,2024-12-05,electrical,Customer reported electrical failure; diagnosis completed.,732.39,732.39,approved,2024-12-20,643.57,GHS,15,False
678,1290,3588,5916,11,2024-08-14,electrical,Customer reported electrical failure; diagnosis completed.,1209.40,1987.17,approved,2024-08-25,1058.08,GHS,11,False
679,7756,4169,14982,10,2025-06-30,engine,Customer reported engine failure; diagnosis completed.,1392.30,1392.30,approved,2025-06-30,1148.24,GHS,0,True
680,20007,9185,14059,1,2025-05-10,battery,Customer reported battery failure; diagnosis completed.,1562.36,1562.36,approved,2025-06-03,1326.11,GHS,24,False
681,23763,932,17331,12,2025-06-30,engine,Customer reported engine failure; diagnosis completed.,1213.29,1213.29,approved,2025-06-30,1003.02,GHS,0,False
682,27936,5068,7231,9,2024-03-22,body_hardware,Customer reported body hardware failure; diagnosis completed.,1228.15,1228.15,approved,2024-04-13,1102.05,GHS,22,False
683,5498,8482,10391,12,2024-08-16,transmission,Customer reported transmission failure; diagnosis completed.,3047.34,3047.34,approved,2024-09-13,2612.49,GHS,28,False
684,31899,21158,7801,3,2024-12-14,engine,Customer reported engine failure; diagnosis completed.,976.49,0.00,denied,2024-12-26,0.00,GHS,12,False
685,30966,23612,677,1,2025-02-06,suspension,Customer reported suspension failure; diagnosis completed.,4183.71,3109.50,partially_approved,2025-02-26,2776.12,GHS,20,False
686,53,19782,6721,3,2024-10-29,engine,Customer reported engine failure; diagnosis completed.,782.43,782.43,approved,2024-11-07,664.94,GHS,9,False
687,35974,7045,8399,10,2024-08-01,suspension,Customer reported suspension failure; diagnosis completed.,644.43,644.43,approved,,568.76,GHS,5,True
688,874,18022,4264,4,2023-10-21,electrical,Customer reported electrical failure; diagnosis completed.,,471.87,approved,2023-11-06,419.64,GHS,16,False
689,41366,492,7772,9,2025-06-30,body_hardware,Customer reported body hardware failure; diagnosis completed.,1602.99,808.71,partially_approved,2025-06-30,807.25,GHS,0,False
690,32350,24784,4352,15,2024-03-10,body_hardware,Customer reported body hardware failure; diagnosis completed.,969.20,969.20,approved,2024-03-22,829.38,GHS,12,False
691,973,10698,2822,12,2025-06-30,engine,Customer reported engine failure; diagnosis completed.,1523.37,1523.37,approved,2025-06-30,1454.72,GHS,0,False
692,9833,23124,6868,1,2023-12-15,infotainment,Customer reported infotainment failure; diagnosis completed.,867.40,0.00,denied,2024-01-01,0.00,GHS,17,False
693,21309,8209,6844,3,2024-04-12,engine,Customer reported engine failure; diagnosis completed.,706.19,706.19,approved,2024-04-17,625.37,GHS,5,False
694,7863,10057,13479,4,2024-11-21,suspension,Customer reported suspension failure; diagnosis completed.,2755.70,2755.70,approved,2024-11-29,2362.09,GHS,8,False
695,47287,24428,770,8,2023-07-06,engine,Customer reported engine failure; diagnosis completed.,1755.99,1755.99,approved,2023-07-09,1755.63,GHS,3,False
696,37460,20517,6269,5,2024-08-15,engine,Customer reported engine failure; diagnosis completed.,823.78,0.00,denied,2024-08-25,0.00,GHS,10,False
697,42912,24377,1559,13,2025-03-26,electrical,Customer reported electrical failure; diagnosis completed.,1802.66,1802.66,approved,2025-04-15,1722.69,GHS,20,False
698,46982,10952,2558,11,2023-06-28,battery,Customer reported battery failure; diagnosis completed.,2619.15,2619.15,approved,2023-07-22,2361.22,GHS,24,False
699,21914,9333,7379,3,2025-06-30,electrical,Customer reported electrical failure; diagnosis completed.,610.22,610.22,approved,2025-06-30,511.51,GHS,0,False
700,5415,16462,11707,6,2025-04-23,electrical,Customer reported electrical failure; diagnosis completed.,918.44,0.00,denied,2025-05-04,0.00,GHS,11,False
701,46960,14846,5886,2,2025-01-10,transmission,Customer reported transmission failure; diagnosis completed.,272.25,151.57,partially_approved,2025-02-09,150.22,GHS,30,False
702,23250,18765,12126,3,2025-06-30,engine,Customer reported engine failure; diagnosis completed.,1107.56,780.19,partially_approved,2025-06-30,691.35,GHS,0,False
703,8794,22628,5130,11,2024-01-12,body_hardware,Customer reported body hardware failure; diagnosis completed.,526.64,526.64,approved,2024-02-01,446.59,GHS,20,False
704,46204,15836,19424,13,2025-06-30,electrical,Customer reported electrical failure; diagnosis completed.,1771.73,1771.73,approved,,1472.01,GHS,0,False
705,37354,19771,15461,14,2025-04-07,battery,Customer reported battery failure; diagnosis completed.,661.70,661.70,approved,2025-05-15,561.56,GHS,38,False
706,957,17195,4692,5,2023-11-07,transmission,Customer reported transmission failure; diagnosis completed.,1629.18,0.00,denied,2023-12-09,0.00,GHS,32,False
707,35412,11664,4861,4,2024-08-19,suspension,Customer reported suspension failure; diagnosis completed.,2937.13,1744.94,partially_approved,2024-08-25,1661.31,GHS,6,False
708,4328,21205,5544,12,2024-09-13,electrical,Customer reported electrical failure; diagnosis completed.,1641.17,1641.17,approved,2024-10-03,1347.77,GHS,20,False
709,5891,23734,10336,4,2025-02-28,transmission,Customer reported transmission failure; diagnosis completed.,2874.00,2874.00,approved,2025-04-09,2457.08,GHS,40,False
710,23437,17102,6769,9,2024-01-21,body_hardware,Customer reported body hardware failure; diagnosis completed.,1910.43,759.24,partially_approved,2024-02-03,654.98,GHS,13,False
711,44471,7016,1840,1,2024-01-11,infotainment,Customer reported infotainment failure; diagnosis completed.,990.84,990.84,approved,2024-01-24,863.64,GHS,13,False
712,40289,16991,4443,8,2024-03-24,infotainment,Customer reported infotainment failure; diagnosis completed.,2066.13,0.00,denied,2024-04-11,0.00,GHS,18,False
713,5159,2727,9521,1,2024-12-09,electrical,Customer reported electrical failure; diagnosis completed.,3384.66,3384.66,approved,2024-12-27,2997.36,GHS,18,True
714,11406,13865,2521,10,2024-12-26,engine,Customer reported engine failure; diagnosis completed.,2776.07,1545.99,partially_approved,2025-01-06,1419.88,GHS,11,False
715,37676,20602,12143,1,2025-06-30,body_hardware,Customer reported body hardware failure; diagnosis completed.,3030.60,3030.60,approved,2025-06-30,2907.64,GHS,0,False
716,30695,19759,7170,8,2023-12-28,engine,Customer reported engine failure; diagnosis completed.,916.39,916.39,approved,2024-01-14,831.24,GHS,17,True
717,2336,11390,4438,15,2024-09-05,engine,Customer reported engine failure; diagnosis completed.,280.53,280.53,approved,2024-09-11,242.27,GHS,6,False
718,43366,18142,3530,11,2024-08-21,electrical,Customer reported electrical failure; diagnosis completed.,1256.20,1256.20,approved,2024-09-10,1224.54,GHS,20,True
719,7171,23904,311,2,2024-07-04,engine,Customer reported engine failure; diagnosis completed.,1098.45,1098.45,approved,2024-07-19,1050.22,GHS,15,False
720,43918,20013,1152,10,2025-06-30,body_hardware,Customer reported body hardware failure; diagnosis completed.,872.89,474.39,partially_approved,2025-06-30,454.79,GHS,0,True
721,11362,22436,7263,7,2024-08-22,transmission,Customer reported transmission failure; diagnosis completed.,654.76,317.08,partially_approved,2024-09-24,262.75,GHS,33,False
722,39670,24055,14287,4,2024-12-27,transmission,Customer reported transmission failure; diagnosis completed.,447.25,275.51,partially_approved,2025-01-24,228.45,GHS,28,False
723,1905,3457,14683,2,2025-06-30,body_hardware,Customer reported body hardware failure; diagnosis completed.,1318.96,1318.96,approved,2025-06-30,1089.65,GHS,0,False
724,1558,15300,7324,6,2024-07-04,transmission,Customer reported transmission failure; diagnosis completed.,1697.05,0.00,denied,2024-07-18,0.00,GHS,14,False
725,31675,358,3738,3,2024-02-21,infotainment,Customer reported infotainment failure; diagnosis completed.,8838.79,8838.79,approved,2024-03-08,8038.59,GHS,16,False
726,46962,5429,9466,15,2024-05-16,battery,Customer reported battery failure; diagnosis completed.,932.51,932.51,approved,2024-06-15,829.17,GHS,30,False
727,40023,4562,10726,5,2025-02-08,body_hardware,Customer reported body hardware failure; diagnosis completed.,4924.74,4924.74,approved,2025-02-15,4745.08,GHS,7,False
728,13032,18134,19050,4,2025-06-30,electrical,Customer reported electrical failure; diagnosis completed.,790.82,318.61,partially_approved,2025-06-30,297.50,GHS,0,True
729,23058,5773,445,3,2024-05-06,electrical,Customer reported electrical failure; diagnosis completed.,2274.15,0.00,denied,2024-05-22,0.00,GHS,16,False
730,23857,18503,13572,3,2025-01-25,suspension,Customer reported suspension failure; diagnosis completed.,1101.53,0.00,denied,2025-02-06,0.00,GHS,12,True
731,38074,8922,4654,4,2025-04-10,battery,Customer reported battery failure; diagnosis completed.,505.94,505.94,approved,2025-04-28,434.66,GHS,18,False
732,5807,10607,3591,1,2023-08-15,body_hardware,Customer reported body hardware failure; diagnosis completed.,813.24,813.24,approved,2023-08-28,801.09,GHS,13,False
733,3838,7150,8603,8,2025-05-29,body_hardware,Customer reported body hardware failure; diagnosis completed.,2943.11,2943.11,approved,2025-06-19,2916.97,GHS,21,False
734,5179,9862,12058,2,2025-04-18,engine,Customer reported engine failure; diagnosis completed.,698.42,0.00,denied,2025-05-01,0.00,GHS,13,False
735,40244,19089,984,9,2024-01-13,infotainment,Customer reported infotainment failure; diagnosis completed.,2446.55,2446.55,approved,2024-01-24,2233.09,GHS,11,False
736,7976,5273,10285,7,2025-03-01,battery,Customer reported battery failure; diagnosis completed.,1307.78,1307.78,approved,2025-04-12,1242.45,GHS,42,False
737,30666,6367,4526,2,2023-12-15,battery,Customer reported battery failure; diagnosis completed.,264.69,264.69,approved,2024-01-23,261.18,GHS,39,False
738,32943,24174,10997,7,2025-06-30,suspension,Customer reported suspension failure; diagnosis completed.,,0.00,denied,2025-06-30,0.00,GHS,0,False
739,4859,14459,417,15,2024-07-11,electrical,Customer reported electrical failure; diagnosis completed.,3975.09,3975.09,approved,2024-07-28,3778.55,GHS,17,False
740,20837,7141,8395,8,2025-06-30,electrical,Customer reported electrical failure; diagnosis completed.,966.01,966.01,approved,2025-06-30,823.66,GHS,0,False
741,7937,16217,1113,10,2023-09-19,suspension,Customer reported suspension failure; diagnosis completed.,3207.66,3207.66,approved,2023-10-03,2744.98,GHS,14,False
742,44418,18672,7802,5,2024-06-27,infotainment,Customer reported infotainment failure; diagnosis completed.,1166.21,608.70,partially_approved,2024-07-16,539.34,GHS,19,False
743,4504,13515,3442,6,2023-12-24,battery,Customer reported battery failure; diagnosis completed.,2506.83,1868.20,partially_approved,2024-01-16,1778.36,GHS,23,False
744,1787,10338,11750,6,2025-05-27,engine,Customer reported engine failure; diagnosis completed.,556.97,556.97,approved,2025-06-16,463.53,GHS,20,False
745,38692,14111,1639,10,2024-01-18,electrical,Customer reported electrical failure; diagnosis completed.,1893.68,1471.62,partially_approved,2024-01-22,1325.57,GHS,4,False
746,1977,8608,7744,13,2024-05-16,engine,Customer reported engine failure; diagnosis completed.,1312.53,1312.53,approved,2024-06-04,1183.25,GHS,19,False
747,25655,2490,3676,2,2025-06-30,battery,Customer reported battery failure; diagnosis completed.,717.94,0.00,denied,2025-06-30,0.00,GHS,0,False
748,4160,13744,5273,5,2024-08-04,body_hardware,Customer reported body hardware failure; diagnosis completed.,692.05,426.45,partially_approved,2024-08-28,360.04,GHS,24,False
749,45749,12183,2791,3,2024-06-29,transmission,Customer reported transmission failure; diagnosis completed.,2150.37,1369.90,partially_approved,2024-07-24,1259.41,GHS,25,False
750,44736,15993,1816,3,2024-01-26,electrical,Customer reported electrical failure; diagnosis completed.,840.16,840.16,approved,2024-01-29,743.85,GHS,3,False
751,29687,205,4093,15,2023-09-06,infotainment,Customer reported infotainment failure; diagnosis completed.,2270.97,841.08,partially_approved,2023-09-10,710.28,GHS,4,False
752,46205,9021,15239,10,2025-06-30,battery,Customer reported battery failure; diagnosis completed.,2838.61,0.00,denied,2025-06-30,0.00,GHS,0,False
753,13151,15901,4305,5,2024-02-06,engine,Customer reported engine failure; diagnosis completed.,1243.27,1243.27,approved,2024-02-22,1104.38,GHS,16,False
754,7672,8229,13919,5,2025-06-30,battery,Customer reported battery failure; diagnosis completed.,889.51,889.51,approved,2025-06-30,786.96,GHS,0,False
755,27177,5445,11059,3,2025-06-30,electrical,Customer reported electrical failure; diagnosis completed.,1583.93,1583.93,approved,2025-06-30,1409.18,GHS,0,False
756,46273,2640,1483,2,2023-04-08,body_hardware,Customer reported body hardware failure; diagnosis completed.,2276.97,2276.97,approved,2023-04-23,1945.41,GHS,15,False
757,31037,16361,10875,11,2024-07-24,engine,Customer reported engine failure; diagnosis completed.,2794.05,2794.05,approved,2024-07-31,2776.67,GHS,7,True
758,9371,11934,8418,13,2025-06-30,suspension,Customer reported suspension failure; diagnosis completed.,2609.32,0.00,denied,2025-06-30,0.00,GHS,0,False
759,13026,19117,1867,1,2024-11-16,infotainment,Customer reported infotainment failure; diagnosis completed.,671.97,0.00,denied,2024-11-20,0.00,GHS,4,False
760,41522,18645,16956,2,2025-03-01,transmission,Customer reported transmission failure; diagnosis completed.,1507.70,1507.70,approved,2025-04-06,1453.32,GHS,36,False
761,21974,9996,12715,10,2024-09-04,electrical,Customer reported electrical failure; diagnosis completed.,1877.36,0.00,denied,2024-09-09,0.00,GHS,5,False
762,46658,4618,1543,1,2025-02-06,suspension,Customer reported suspension failure; diagnosis completed.,1227.98,0.00,denied,2025-02-28,0.00,GHS,22,False
763,45976,10891,6525,8,2025-06-30,electrical,Customer reported electrical failure; diagnosis completed.,1080.76,1080.76,approved,2025-06-30,989.77,GHS,0,False
764,1435,24122,13521,13,2024-11-25,transmission,Customer reported transmission failure; diagnosis completed.,872.55,311.89,partially_approved,2024-12-10,288.16,GHS,15,False
765,45920,14352,14030,5,2024-11-21,infotainment,Customer reported infotainment failure; diagnosis completed.,590.61,0.00,denied,2024-12-11,0.00,GHS,20,False
766,1832,24054,10025,5,2024-11-23,body_hardware,Customer reported body hardware failure; diagnosis completed.,734.64,734.64,approved,2024-12-03,632.29,GHS,10,False
767,43912,921,221,3,2024-01-02,suspension,Customer reported suspension failure; diagnosis completed.,763.05,763.05,approved,,638.16,GHS,22,False
768,12395,23340,11111,10,2024-10-13,body_hardware,Customer reported body hardware failure; diagnosis completed.,744.35,744.35,approved,2024-10-29,638.19,GHS,16,False
769,710,12301,10662,3,2024-05-26,engine,Customer reported engine failure; diagnosis completed.,821.73,821.73,approved,2024-06-10,782.54,GHS,15,False
770,8160,24599,7175,15,2024-11-30,electrical,Customer reported electrical failure; diagnosis completed.,591.18,591.18,approved,2024-12-23,490.80,GHS,23,False
771,27817,21897,2551,12,2023-09-16,engine,Customer reported engine failure; diagnosis completed.,929.60,0.00,denied,2023-10-10,0.00,GHS,24,False
772,15263,20598,1974,2,2024-03-12,electrical,Customer reported electrical failure; diagnosis completed.,2058.44,2058.44,approved,2024-03-21,1844.64,GHS,9,False
773,27759,19319,5233,1,2025-06-30,transmission,Customer reported transmission failure; diagnosis completed.,1862.00,1862.00,approved,2025-06-30,1609.66,GHS,0,False
774,25622,13798,6441,2,2025-02-21,transmission,Customer reported transmission failure; diagnosis completed.,1959.44,1959.44,approved,2025-03-24,1932.53,GHS,31,True
775,706,21746,2168,15,2023-05-08,infotainment,Customer reported infotainment failure; diagnosis completed.,685.98,685.98,approved,2023-05-12,677.49,GHS,4,False
776,17748,20325,19854,3,2025-06-21,engine,Customer reported engine failure; diagnosis completed.,587.55,587.55,approved,2025-06-30,509.82,GHS,9,False
777,17703,11437,12668,1,2024-10-14,battery,Customer reported battery failure; diagnosis completed.,,633.29,approved,2024-10-30,621.33,GHS,16,False
778,40206,6343,7588,8,2022-12-15,engine,Customer reported engine failure; diagnosis completed.,498.27,225.20,partially_approved,2025-02-27,222.31,GHS,20,True
779,45660,20776,5416,9,2025-06-29,engine,Customer reported engine failure; diagnosis completed.,5783.04,5783.04,approved,2025-06-30,4963.28,GHS,1,False
780,21186,18532,8326,11,2025-01-19,engine,Customer reported engine failure; diagnosis completed.,1557.46,1192.35,partially_approved,2025-01-26,1094.50,GHS,7,False
781,1105,12485,16528,1,2025-06-30,infotainment,Customer reported infotainment failure; diagnosis completed.,845.72,845.72,approved,2025-06-30,801.88,GHS,0,False
782,39813,9292,12967,2,2025-06-11,engine,Customer reported engine failure; diagnosis completed.,365.99,365.99,approved,2025-06-20,352.98,GHS,9,False
783,37173,4549,13310,4,2024-09-30,electrical,Customer reported electrical failure; diagnosis completed.,1675.86,1675.86,approved,2024-10-13,1642.04,GHS,13,False
784,22886,24468,8193,1,2024-03-06,electrical,Customer reported electrical failure; diagnosis completed.,1227.09,1227.09,approved,2024-03-16,1147.63,GHS,10,False
785,35593,1375,8316,5,2024-08-05,suspension,Customer reported suspension failure; diagnosis completed.,1703.12,1703.12,approved,2024-08-26,1699.15,GHS,21,False
786,7198,15968,9268,2,2024-11-29,engine,Customer reported engine failure; diagnosis completed.,3762.85,3762.85,approved,2024-12-11,3480.60,GHS,12,False
787,6715,7653,442,6,2023-06-10,engine,Customer reported engine failure; diagnosis completed.,3179.85,1248.43,partially_approved,2023-06-15,1156.46,GHS,5,False
788,44274,3053,18994,6,2025-06-30,electrical,Customer reported electrical failure; diagnosis completed.,834.17,834.17,approved,2025-06-30,717.21,GHS,0,False
789,8410,22969,10433,8,2024-05-16,transmission,Customer reported transmission failure; diagnosis completed.,929.06,929.06,approved,2024-06-08,928.38,GHS,23,False
790,14037,5293,5620,5,2024-02-05,engine,Customer reported engine failure; diagnosis completed.,1050.15,1050.15,approved,2024-02-16,947.34,GHS,11,False
791,26768,22034,13244,6,2025-01-08,battery,Customer reported battery failure; diagnosis completed.,350.89,179.72,partially_approved,2025-02-09,177.08,GHS,32,False
792,9075,9538,7489,4,2025-06-30,electrical,Customer reported electrical failure; diagnosis completed.,3453.58,0.00,denied,2025-06-30,0.00,GHS,0,False
793,22562,16462,11707,3,2024-07-13,body_hardware,Customer reported body hardware failure; diagnosis completed.,516.56,198.19,partially_approved,2024-08-01,166.65,GHS,19,False
794,35472,21718,4275,3,2024-07-09,infotainment,Customer reported infotainment failure; diagnosis completed.,367.48,0.00,denied,2024-08-02,0.00,GHS,24,False
795,15268,5505,6614,8,2024-12-28,engine,Customer reported engine failure; diagnosis completed.,434.40,434.40,approved,2025-01-16,406.31,GHS,19,False
796,9090,7328,1203,1,2024-03-21,engine,Customer reported engine failure; diagnosis completed.,1511.29,1511.29,approved,2024-03-24,1354.03,GHS,3,False
797,35819,15991,11806,2,2025-06-30,engine,Customer reported engine failure; diagnosis completed.,831.12,831.12,approved,2025-06-30,748.77,GHS,0,False
798,39385,367,8030,4,2024-11-19,battery,Customer reported battery failure; diagnosis completed.,695.98,335.18,partially_approved,2024-12-30,316.52,GHS,41,False
799,45757,637,9265,9,2025-05-03,electrical,Customer reported electrical failure; diagnosis completed.,1644.41,1644.41,approved,2025-05-08,1447.54,GHS,5,False
800,33646,4392,14686,1,2025-06-30,engine,Customer reported engine failure; diagnosis completed.,1158.04,1158.04,approved,2025-06-30,1029.48,GHS,0,False
801,45609,11676,5324,7,2025-02-16,body_hardware,Customer reported body hardware failure; diagnosis completed.,940.02,940.02,approved,2025-03-02,922.83,GHS,14,False
802,17896,24599,7175,10,2024-06-08,battery,Customer reported battery failure; diagnosis completed.,762.76,762.76,approved,2024-07-26,762.57,GHS,48,False
803,21726,24174,10997,4,2024-11-20,battery,Customer reported battery failure; diagnosis completed.,430.05,430.05,approved,2024-12-09,361.85,GHS,19,False
804,33381,13008,1085,6,2023-08-22,suspension,Customer reported suspension failure; diagnosis completed.,876.00,475.51,partially_approved,2023-09-04,443.89,GHS,13,False
805,26752,19355,11446,7,2025-03-12,body_hardware,Customer reported body hardware failure; diagnosis completed.,838.10,598.30,partially_approved,2025-03-17,568.15,GHS,5,False
806,1257,13228,809,3,2023-07-23,infotainment,Customer reported infotainment failure; diagnosis completed.,866.03,866.03,approved,2023-08-15,800.08,GHS,23,False
807,18157,11117,367,12,2023-11-21,electrical,Customer reported electrical failure; diagnosis completed.,1452.55,1452.55,approved,2023-12-13,1255.47,GHS,22,False
808,41355,13295,9439,8,2024-04-04,infotainment,Customer reported infotainment failure; diagnosis completed.,2951.95,2951.95,approved,2024-04-17,2652.46,GHS,13,False
809,40635,1160,15117,15,2025-06-30,engine,Customer reported engine failure; diagnosis completed.,1089.52,1089.52,approved,2025-06-30,899.42,GHS,0,False
810,28427,6096,14944,7,2025-06-30,transmission,,1234.81,0.00,denied,2025-06-30,0.00,GHS,0,False
811,17186,21826,7935,6,2024-01-24,battery,Customer reported battery failure; diagnosis completed.,4395.78,4395.78,approved,2024-03-13,3822.61,GHS,49,False
812,37840,16570,15163,13,2025-03-16,battery,Customer reported battery failure; diagnosis completed.,2674.93,2674.93,approved,2025-04-13,2343.70,GHS,28,False
813,22528,16020,13770,8,2024-10-17,body_hardware,Customer reported body hardware failure; diagnosis completed.,381.27,381.27,approved,2024-11-06,342.87,GHS,20,True
814,20410,19367,215,4,2024-11-06,electrical,Customer reported electrical failure; diagnosis completed.,5673.82,5673.82,approved,2024-11-28,5350.78,GHS,22,False
815,38006,15409,7054,4,2024-06-06,transmission,Customer reported transmission failure; diagnosis completed.,3338.03,3338.03,approved,2024-07-08,3224.34,GHS,32,False
816,12038,16247,471,15,2023-10-14,suspension,Customer reported suspension failure; diagnosis completed.,870.69,0.00,denied,2023-11-01,0.00,GHS,18,False
817,25218,19527,2527,12,2024-09-28,engine,Customer reported engine failure; diagnosis completed.,414.25,414.25,approved,2024-10-21,350.07,GHS,23,False
818,22362,21296,13322,3,2024-12-18,suspension,Customer reported suspension failure; diagnosis completed.,3597.54,3597.54,approved,2025-01-06,3048.54,GHS,19,False
819,32403,22988,5778,1,2024-07-03,body_hardware,Customer reported body hardware failure; diagnosis completed.,790.15,0.00,denied,2024-07-22,0.00,GHS,19,False
820,9447,21541,968,3,2025-06-30,battery,Customer reported battery failure; diagnosis completed.,359.87,359.87,approved,2025-06-30,317.40,GHS,0,False
821,24441,19445,8675,6,2024-03-07,engine,Customer reported engine failure; diagnosis completed.,540.01,540.01,approved,2024-03-11,501.82,GHS,4,False
822,39125,4336,341,2,2023-11-24,battery,Customer reported battery failure; diagnosis completed.,1159.54,0.00,denied,2023-12-20,0.00,GHS,26,False
823,28345,369,4946,1,2025-02-16,infotainment,Customer reported infotainment failure; diagnosis completed.,2127.09,2127.09,approved,2025-02-21,1862.52,GHS,5,False
824,4576,23933,731,6,2023-11-06,transmission,Customer reported transmission failure; diagnosis completed.,2719.39,2719.39,approved,2023-12-11,2507.94,GHS,35,False
825,8103,9324,4513,4,2024-12-20,transmission,Customer reported transmission failure; diagnosis completed.,8525.92,8525.92,approved,2025-01-24,8523.50,GHS,35,False
826,23495,9400,3407,2,2024-06-16,transmission,Customer reported transmission failure; diagnosis completed.,4410.03,4410.03,approved,2024-07-17,3992.90,GHS,31,False
827,13989,16083,5009,4,2024-08-28,electrical,Customer reported electrical failure; diagnosis completed.,605.44,605.44,approved,2024-09-03,534.01,GHS,6,False
828,31770,8690,2719,10,2025-06-30,transmission,Customer reported transmission failure; diagnosis completed.,1075.21,0.00,denied,2025-06-30,0.00,GHS,0,False
829,11569,16293,9648,9,2024-08-01,infotainment,Customer reported infotainment failure; diagnosis completed.,381.07,0.00,denied,2024-08-08,0.00,GHS,7,False
830,3240,15041,6535,15,2024-10-09,electrical,Customer reported electrical failure; diagnosis completed.,324.19,324.19,approved,2024-10-21,297.68,GHS,12,False
831,9706,22319,12809,10,2025-01-13,infotainment,Customer reported infotainment failure; diagnosis completed.,2720.09,2720.09,approved,2025-02-03,2439.19,GHS,21,False
832,25499,21967,1831,1,2023-09-04,infotainment,Customer reported infotainment failure; diagnosis completed.,482.23,482.23,approved,2023-09-13,443.82,GHS,9,False
833,31428,15442,3592,6,2024-07-19,body_hardware,Customer reported body hardware failure; diagnosis completed.,1206.04,478.70,partially_approved,2024-08-07,433.73,GHS,19,False
834,35493,1955,10339,8,2025-03-28,electrical,Customer reported electrical failure; diagnosis completed.,364.99,0.00,denied,2025-04-11,0.00,GHS,14,False
835,33816,19405,6083,12,2024-11-08,engine,Customer reported engine failure; diagnosis completed.,892.78,654.78,partially_approved,2024-11-13,604.59,GHS,5,False
836,37164,1108,9650,3,2024-12-17,battery,Customer reported battery failure; diagnosis completed.,951.50,0.00,denied,2025-01-21,0.00,GHS,35,False
837,3186,7143,1022,10,2025-06-30,electrical,Customer reported electrical failure; diagnosis completed.,1935.12,922.32,partially_approved,2025-06-30,778.33,GHS,0,False
838,29028,15103,8676,6,2024-12-08,transmission,Customer reported transmission failure; diagnosis completed.,878.97,878.97,approved,2025-01-08,776.06,GHS,31,False
839,15397,14542,8476,8,2025-06-26,infotainment,Customer reported infotainment failure; diagnosis completed.,1786.75,1786.75,approved,2025-06-30,1704.30,GHS,4,True
840,15738,18750,10611,4,2024-05-30,infotainment,Customer reported infotainment failure; diagnosis completed.,1445.54,697.58,partially_approved,2024-06-12,620.34,GHS,13,False
841,8549,17768,12517,11,2025-02-15,suspension,Customer reported suspension failure; diagnosis completed.,1265.22,1265.22,approved,2025-02-21,1205.85,GHS,6,True
842,43740,21457,2359,5,2023-06-06,suspension,Customer reported suspension failure; diagnosis completed.,2270.53,0.00,denied,2023-06-15,0.00,GHS,9,False
843,16505,1179,1496,9,2024-07-30,suspension,Customer reported suspension failure; diagnosis completed.,1728.51,1728.51,approved,2024-08-21,1666.78,GHS,22,True
844,24958,9873,9719,9,2024-07-18,infotainment,Customer reported infotainment failure; diagnosis completed.,1385.96,1385.96,approved,2024-08-02,1140.24,GHS,15,False
845,31893,14152,15135,2,2025-01-02,transmission,Customer reported transmission failure; diagnosis completed.,820.25,0.00,denied,2025-02-03,0.00,GHS,32,False
846,27689,7679,10577,10,2024-07-17,engine,Customer reported engine failure; diagnosis completed.,514.20,514.20,approved,2024-07-25,422.51,GHS,8,False
847,10847,24431,15459,1,2024-12-23,battery,Customer reported battery failure; diagnosis completed.,1006.14,746.20,partially_approved,2025-01-27,718.32,GHS,35,False
848,43459,1950,672,15,2024-06-24,engine,Customer reported engine failure; diagnosis completed.,1310.79,1310.79,approved,2024-06-27,1195.29,GHS,3,False
849,45860,1350,7709,5,2024-01-16,electrical,Customer reported electrical failure; diagnosis completed.,3367.67,3367.67,approved,2024-02-02,2856.73,GHS,17,False
850,31662,20458,2248,3,2024-01-21,transmission,Customer reported transmission failure; diagnosis completed.,1184.02,0.00,denied,2024-03-02,0.00,GHS,41,False
851,40597,15901,4305,7,2023-12-16,battery,Customer reported battery failure; diagnosis completed.,571.93,571.93,approved,2024-01-14,506.80,GHS,29,False
852,26627,24589,1155,4,2023-07-28,electrical,Customer reported electrical failure; diagnosis completed.,2172.51,2172.51,approved,2023-08-07,2028.91,GHS,10,False
853,19110,23738,3651,2,2023-12-18,battery,Customer reported battery failure; diagnosis completed.,868.53,868.53,approved,2024-01-19,814.44,GHS,32,False
854,36194,18652,2191,2,2025-03-21,electrical,Customer reported electrical failure; diagnosis completed.,724.82,724.82,approved,2025-04-01,625.52,GHS,11,False
855,24279,24543,15549,6,2025-06-30,electrical,Customer reported electrical failure; diagnosis completed.,3532.17,3532.17,approved,2025-06-30,3492.32,GHS,0,False
856,28894,10854,400,5,2023-08-20,body_hardware,Customer reported body hardware failure; diagnosis completed.,2496.50,2496.50,approved,2023-09-03,2415.76,GHS,14,False
857,14039,11133,4131,5,2025-06-30,engine,Customer reported engine failure; diagnosis completed.,1124.65,1124.65,approved,2025-06-30,1075.68,GHS,0,False
858,12662,5802,5187,1,2025-06-30,electrical,Customer reported electrical failure; diagnosis completed.,1870.05,1122.17,partially_approved,2025-06-30,996.62,GHS,0,False
859,12861,13148,939,1,2024-10-09,battery,Customer reported battery failure; diagnosis completed.,1383.49,1383.49,approved,2024-11-04,1280.80,GHS,26,False
860,35023,2366,1617,2,2024-08-28,electrical,Customer reported electrical failure; diagnosis completed.,3110.78,3110.78,approved,2024-09-21,2551.07,GHS,24,False
861,37435,15435,15770,2,2025-04-19,infotainment,Customer reported infotainment failure; diagnosis completed.,638.08,638.08,approved,2025-05-04,564.97,GHS,15,False
862,41386,17864,12514,5,2025-05-31,engine,Customer reported engine failure; diagnosis completed.,493.24,493.24,approved,2025-06-20,444.22,GHS,20,False
863,32564,9830,3166,4,2025-06-03,electrical,Customer reported electrical failure; diagnosis completed.,1906.31,1906.31,approved,2025-06-14,1886.66,GHS,11,False
864,35309,1048,15915,14,2025-06-11,body_hardware,Customer reported body hardware failure; diagnosis completed.,1087.68,0.00,denied,2025-06-20,0.00,GHS,9,False
865,16727,21391,12572,3,2024-08-23,suspension,Customer reported suspension failure; diagnosis completed.,944.10,944.10,approved,2024-08-29,934.01,GHS,6,False
866,35277,15179,3216,3,2024-12-19,infotainment,Customer reported infotainment failure; diagnosis completed.,2356.68,2356.68,approved,2024-12-29,2246.34,GHS,10,False
867,26876,2133,5751,8,2025-06-30,infotainment,Customer reported infotainment failure; diagnosis completed.,1527.22,1527.22,approved,2025-06-30,1334.04,GHS,0,False
868,5443,3840,6333,5,2025-06-30,engine,Customer reported engine failure; diagnosis completed.,946.46,946.46,approved,2025-06-30,841.91,GHS,0,False
869,6224,23188,5283,5,2024-04-30,engine,Customer reported engine failure; diagnosis completed.,1707.20,1226.14,partially_approved,2024-05-16,1194.29,GHS,16,False
870,12128,17698,11207,5,2025-06-30,infotainment,Customer reported infotainment failure; diagnosis completed.,490.10,255.59,partially_approved,2025-06-30,254.91,GHS,0,False
871,419,13329,16663,6,2025-06-30,electrical,Customer reported electrical failure; diagnosis completed.,751.26,751.26,approved,2025-06-30,642.54,GHS,0,False
872,12507,23124,6868,15,2024-09-09,engine,Customer reported engine failure; diagnosis completed.,512.39,512.39,approved,2024-09-30,429.88,GHS,21,False
873,38287,11377,5940,4,2024-04-06,infotainment,Customer reported infotainment failure; diagnosis completed.,780.32,605.01,partially_approved,2024-04-23,596.91,GHS,17,False
874,20456,7379,5854,14,2024-09-20,suspension,Customer reported suspension failure; diagnosis completed.,1745.15,1745.15,approved,2024-09-28,1674.06,GHS,8,False
875,6402,11531,16916,2,2025-03-01,body_hardware,Customer reported body hardware failure; diagnosis completed.,2281.35,0.00,denied,2025-03-13,0.00,GHS,12,False
876,14992,10553,6297,6,2025-03-30,electrical,Customer reported electrical failure; diagnosis completed.,748.06,748.06,approved,2025-04-15,630.37,GHS,16,False
877,34442,1123,3617,15,2024-11-18,infotainment,Customer reported infotainment failure; diagnosis completed.,799.42,0.00,denied,2024-12-06,0.00,GHS,18,False
878,41657,24109,3938,12,2023-07-29,suspension,Customer reported suspension failure; diagnosis completed.,5918.01,3026.02,partially_approved,2023-08-09,2970.04,GHS,11,False
879,32691,1818,8497,15,2025-04-11,battery,Customer reported battery failure; diagnosis completed.,1813.13,1813.13,approved,2025-05-11,1775.95,GHS,30,False
880,23502,14977,12185,7,2025-06-30,infotainment,Customer reported infotainment failure; diagnosis completed.,2724.75,2724.75,approved,2025-06-30,2554.17,GHS,0,False
881,24330,17626,2226,3,2023-12-29,suspension,Customer reported suspension failure; diagnosis completed.,646.89,646.89,approved,2024-01-20,643.81,GHS,22,False
882,36829,11730,2627,7,2023-08-10,suspension,Customer reported suspension failure; diagnosis completed.,808.24,0.00,denied,2023-08-20,0.00,GHS,10,True
883,23877,12028,4446,15,2025-04-20,transmission,Customer reported transmission failure; diagnosis completed.,737.61,0.00,denied,2025-05-09,0.00,GHS,19,False
884,47515,19007,6119,11,2023-11-23,engine,Customer reported engine failure; diagnosis completed.,716.01,716.01,approved,2023-12-02,616.94,GHS,9,False
885,22222,9807,14087,2,2022-12-15,body_hardware,Customer reported body hardware failure; diagnosis completed.,2432.21,2432.21,approved,2024-11-12,2013.47,GHS,13,False
886,5655,13491,6442,2,2024-04-04,infotainment,Customer reported infotainment failure; diagnosis completed.,614.98,614.98,approved,2024-04-07,559.65,GHS,3,False
887,2556,5701,11947,4,2024-07-23,body_hardware,Customer reported body hardware failure; diagnosis completed.,2124.76,2124.76,approved,2024-08-15,1911.52,GHS,23,False
888,4269,18725,5240,4,2024-12-15,transmission,Customer reported transmission failure; diagnosis completed.,392.75,392.75,approved,2025-01-25,392.52,GHS,41,False
889,34697,6242,1091,2,2025-01-23,infotainment,Customer reported infotainment failure; diagnosis completed.,5237.96,5237.96,approved,2025-02-06,4557.69,GHS,14,False
890,24437,22756,6736,3,2023-12-16,battery,Customer reported battery failure; diagnosis completed.,3944.58,3944.58,approved,2024-01-23,3682.07,GHS,38,False
891,5943,24206,313,10,2023-02-26,transmission,Customer reported transmission failure; diagnosis completed.,8875.73,8875.73,approved,2023-03-31,7480.02,GHS,33,False
892,11016,12845,11173,1,2025-06-03,suspension,Customer reported suspension failure; diagnosis completed.,1438.78,1438.78,approved,2025-06-12,1203.60,GHS,9,False
893,20824,7226,4021,7,2023-11-08,electrical,Customer reported electrical failure; diagnosis completed.,739.23,739.23,approved,2023-11-27,645.26,GHS,19,False
894,16814,17534,3198,12,2025-06-30,suspension,Customer reported suspension failure; diagnosis completed.,4168.43,4168.43,approved,2025-06-30,4167.91,GHS,0,True
895,24755,19013,1680,6,2025-06-30,transmission,Customer reported transmission failure; diagnosis completed.,1005.72,1005.72,approved,2025-06-30,843.18,GHS,0,False
896,25833,841,18056,5,2025-06-30,battery,Customer reported battery failure; diagnosis completed.,6143.25,6143.25,approved,2025-06-30,5697.51,GHS,0,False
897,41917,16846,3816,5,2023-07-21,engine,Customer reported engine failure; diagnosis completed.,2186.99,2186.99,approved,2023-07-31,1931.13,GHS,10,False
898,3314,16922,4008,3,2023-10-25,electrical,Customer reported electrical failure; diagnosis completed.,1248.78,1248.78,approved,2023-10-28,1220.25,GHS,3,False
899,30411,7200,170,9,2023-06-06,battery,Customer reported battery failure; diagnosis completed.,547.40,547.40,approved,2023-07-07,510.50,GHS,31,False
900,23080,12930,2680,5,2024-10-30,suspension,Customer reported suspension failure; diagnosis completed.,1253.92,1253.92,approved,2024-11-08,1222.41,GHS,9,False
901,25174,4831,8218,13,2024-02-10,electrical,Customer reported electrical failure; diagnosis completed.,733.16,733.16,approved,2024-02-28,712.35,GHS,18,False
902,44154,6072,5897,4,2025-06-30,transmission,Customer reported transmission failure; diagnosis completed.,909.57,442.25,partially_approved,2025-06-30,431.18,GHS,0,False
903,35409,21517,873,15,2024-03-17,suspension,Customer reported suspension failure; diagnosis completed.,9538.49,0.00,denied,2024-03-20,0.00,GHS,3,True
904,35315,5933,18193,6,2025-06-30,suspension,Customer reported suspension failure; diagnosis completed.,2750.99,2750.99,approved,2025-06-30,2498.96,GHS,0,False
905,12977,7661,9575,3,2024-06-21,transmission,Customer reported transmission failure; diagnosis completed.,1068.76,0.00,denied,2024-07-25,0.00,GHS,34,False
906,36766,613,6053,4,2023-12-28,electrical,Customer reported electrical failure; diagnosis completed.,1359.66,0.00,denied,2024-01-15,0.00,GHS,18,False
907,14503,4156,4892,13,2024-10-17,transmission,Customer reported transmission failure; diagnosis completed.,928.01,514.32,partially_approved,2024-11-23,484.84,GHS,37,False
908,46639,3516,655,5,2022-12-15,infotainment,Customer reported infotainment failure; diagnosis completed.,1443.69,1443.69,approved,2024-12-24,1219.12,GHS,12,False
909,5827,21788,4248,6,2025-06-30,battery,Customer reported battery failure; diagnosis completed.,538.28,538.28,approved,2025-06-30,526.00,GHS,0,False
910,2206,8596,3839,12,2025-06-30,transmission,Customer reported transmission failure; diagnosis completed.,772.15,326.49,partially_approved,2025-06-30,272.02,GHS,0,False
911,36868,1771,8142,10,2024-05-23,suspension,Customer reported suspension failure; diagnosis completed.,795.49,795.49,approved,2024-05-26,768.63,GHS,3,False
912,43416,21882,1963,14,2023-05-06,battery,Customer reported battery failure; diagnosis completed.,2807.48,0.00,denied,2023-06-05,0.00,GHS,30,False
913,26125,9915,12249,3,2024-10-01,battery,Customer reported battery failure; diagnosis completed.,3318.31,3318.31,approved,2024-11-04,3205.91,GHS,34,False
914,2549,13505,6051,5,2024-01-02,suspension,Customer reported suspension failure; diagnosis completed.,3472.25,3472.25,approved,2024-01-18,2985.51,GHS,16,False
915,2794,8180,14723,1,2025-06-24,suspension,Customer reported suspension failure; diagnosis completed.,497.09,0.00,denied,2025-06-30,0.00,GHS,6,False
916,31994,14339,917,8,2024-12-17,electrical,Customer reported electrical failure; diagnosis completed.,397.47,397.47,approved,2024-12-22,329.52,GHS,5,False
917,39682,16462,11707,3,2025-05-22,engine,Customer reported engine failure; diagnosis completed.,562.01,562.01,approved,2025-06-08,560.10,GHS,17,False
918,2340,20082,7134,3,2023-12-27,engine,Customer reported engine failure; diagnosis completed.,1668.08,1668.08,approved,2024-01-05,1437.62,GHS,9,False
919,29209,5213,1232,5,2023-04-09,infotainment,Customer reported infotainment failure; diagnosis completed.,3206.79,3206.79,approved,2023-05-01,3192.98,GHS,22,False
920,30709,7028,14269,10,2025-06-19,electrical,Customer reported electrical failure; diagnosis completed.,705.60,381.14,partially_approved,2025-06-30,342.55,GHS,11,False
921,15297,18287,10500,10,2025-05-06,electrical,Customer reported electrical failure; diagnosis completed.,713.14,0.00,denied,2025-05-26,0.00,GHS,20,False
922,16447,15448,5884,14,2023-10-29,transmission,Customer reported transmission failure; diagnosis completed.,1397.44,569.95,partially_approved,2023-12-17,560.45,GHS,49,False
923,5597,2512,9739,2,2024-04-19,electrical,Customer reported electrical failure; diagnosis completed.,495.82,316.69,partially_approved,2024-04-25,270.13,GHS,6,False
924,7956,20759,2409,1,2023-12-30,electrical,Customer reported electrical failure; diagnosis completed.,930.97,0.00,denied,2024-01-08,0.00,GHS,9,True
925,43426,15253,5809,6,2024-02-22,body_hardware,Customer reported body hardware failure; diagnosis completed.,2161.05,2161.05,approved,2024-03-02,2026.92,GHS,9,True
926,34670,19010,13604,13,2024-10-07,suspension,Customer reported suspension failure; diagnosis completed.,1938.12,0.00,denied,2024-10-17,0.00,GHS,10,False
927,18614,9388,9129,9,2024-04-13,electrical,Customer reported electrical failure; diagnosis completed.,1209.69,0.00,denied,2024-04-28,0.00,GHS,15,False
928,29681,13026,8691,3,2024-05-13,electrical,Customer reported electrical failure; diagnosis completed.,809.44,809.44,approved,2024-05-17,713.13,GHS,4,False
929,17786,6446,13610,4,2024-10-13,transmission,Customer reported transmission failure; diagnosis completed.,621.01,621.01,approved,2024-11-07,597.61,GHS,25,False
930,7641,5102,13329,1,2025-01-08,transmission,Customer reported transmission failure; diagnosis completed.,2086.61,2086.61,approved,2025-02-08,1807.14,GHS,31,False
931,42741,22084,6689,1,2025-06-30,suspension,Customer reported suspension failure; diagnosis completed.,1982.29,1982.29,approved,2025-06-30,1946.64,GHS,0,False
932,30309,8277,10412,4,2024-09-30,infotainment,Customer reported infotainment failure; diagnosis completed.,2782.39,0.00,denied,2024-10-16,0.00,GHS,16,False
933,44493,20901,7240,15,2025-01-05,transmission,Customer reported transmission failure; diagnosis completed.,2574.69,0.00,denied,2025-02-21,0.00,GHS,47,False
934,4956,7462,16701,11,2025-06-30,electrical,Customer reported electrical failure; diagnosis completed.,1550.28,1550.28,approved,2025-06-30,1402.24,GHS,0,False
935,41234,24822,3395,13,2024-05-02,engine,Customer reported engine failure; diagnosis completed.,841.08,542.33,partially_approved,2024-05-07,533.55,GHS,5,False
936,7607,3664,14589,4,2025-06-30,infotainment,Customer reported infotainment failure; diagnosis completed.,600.87,600.87,approved,2025-06-30,578.32,GHS,0,False
937,24692,20792,4716,6,2024-06-16,infotainment,Customer reported infotainment failure; diagnosis completed.,889.93,0.00,denied,2024-06-22,0.00,GHS,6,False
938,24767,5696,3031,9,2025-01-18,body_hardware,Customer reported body hardware failure; diagnosis completed.,2130.82,2130.82,approved,2025-02-10,2115.45,GHS,23,False
939,26754,4392,14686,2,2025-06-30,engine,Customer reported engine failure; diagnosis completed.,1814.30,1814.30,approved,2025-06-30,1669.02,GHS,0,False
940,46806,22714,8068,1,2025-06-30,battery,Customer reported battery failure; diagnosis completed.,3761.11,3761.11,approved,2025-06-30,3667.26,GHS,0,False
941,31530,23722,10226,7,2024-11-11,transmission,Customer reported transmission failure; diagnosis completed.,620.04,620.04,approved,2024-12-15,601.44,GHS,34,False
942,26240,1211,5979,11,2024-06-10,infotainment,Customer reported infotainment failure; diagnosis completed.,729.61,729.61,approved,2024-06-24,646.46,GHS,14,False
943,32582,8843,3180,3,2023-07-10,electrical,Customer reported electrical failure; diagnosis completed.,11841.67,11841.67,approved,2023-07-26,10219.81,GHS,16,False
944,38422,12737,597,6,2024-11-02,battery,Customer reported battery failure; diagnosis completed.,1089.38,1089.38,approved,2024-11-24,1009.38,GHS,22,False
945,46443,18959,16128,1,2025-02-19,transmission,Customer reported transmission failure; diagnosis completed.,6052.12,2844.03,partially_approved,2025-03-14,2545.34,GHS,23,False
946,7611,17865,6452,1,2024-04-10,battery,Customer reported battery failure; diagnosis completed.,879.66,0.00,denied,2024-05-22,0.00,GHS,42,False
947,15848,16757,12737,10,2025-01-17,suspension,Customer reported suspension failure; diagnosis completed.,1572.87,1572.87,approved,2025-01-21,1387.05,GHS,4,False
948,32103,12898,5774,7,2024-04-25,electrical,Customer reported electrical failure; diagnosis completed.,1874.12,1874.12,approved,2024-05-13,1604.64,GHS,18,False
949,25075,23743,4295,10,2024-04-22,transmission,Customer reported transmission failure; diagnosis completed.,3452.72,3452.72,approved,2024-05-24,3043.82,GHS,32,False
950,36600,5056,588,4,2023-08-28,transmission,Customer reported transmission failure; diagnosis completed.,613.87,613.87,approved,2023-09-17,611.67,GHS,20,False
951,35337,16462,11707,8,2025-06-30,electrical,Customer reported electrical failure; diagnosis completed.,545.94,545.94,approved,2025-06-30,513.40,GHS,0,False
952,13762,22941,14905,1,2025-02-28,battery,Customer reported battery failure; diagnosis completed.,962.28,962.28,approved,2025-04-06,917.64,GHS,37,False
953,40985,20723,12804,4,2025-04-08,battery,Customer reported battery failure; diagnosis completed.,842.05,842.05,approved,2025-05-11,775.59,GHS,33,False
954,41895,21688,9909,3,2024-10-15,body_hardware,Customer reported body hardware failure; diagnosis completed.,2833.60,2833.60,approved,2024-10-22,2816.55,GHS,7,False
955,32841,24479,2696,10,2025-06-30,body_hardware,Customer reported body hardware failure; diagnosis completed.,742.39,742.39,approved,2025-06-30,613.67,GHS,0,True
956,25104,6121,3952,2,2024-05-31,electrical,Customer reported electrical failure; diagnosis completed.,669.70,669.70,approved,2024-06-10,581.10,GHS,10,False
957,11576,7569,12430,4,2024-08-31,infotainment,Customer reported infotainment failure; diagnosis completed.,514.34,0.00,denied,2024-09-22,0.00,GHS,22,False
958,37365,13452,9081,1,2024-10-16,engine,Customer reported engine failure; diagnosis completed.,1037.23,1037.23,approved,2024-10-19,954.51,GHS,3,False
959,45960,18173,9450,1,2025-05-12,infotainment,Customer reported infotainment failure; diagnosis completed.,920.55,920.55,approved,2025-05-26,777.84,GHS,14,False
960,46889,12429,14983,12,2025-01-21,suspension,Customer reported suspension failure; diagnosis completed.,1566.07,1566.07,approved,2025-01-25,1503.82,GHS,4,False
961,34907,8456,6211,15,2025-06-30,body_hardware,Customer reported body hardware failure; diagnosis completed.,464.89,464.89,approved,2025-06-30,442.44,GHS,0,False
962,33432,12331,4436,3,2023-08-28,transmission,Customer reported transmission failure; diagnosis completed.,2376.42,2376.42,approved,2023-10-15,2194.92,GHS,48,True
963,36746,23909,9296,6,2025-05-06,body_hardware,Customer reported body hardware failure; diagnosis completed.,999.72,999.72,approved,2025-05-19,855.64,GHS,13,False
964,14661,20146,7749,15,2025-02-23,battery,Customer reported battery failure; diagnosis completed.,1159.73,733.70,partially_approved,2025-04-07,724.90,GHS,43,False
965,7512,8845,2179,2,2024-02-19,infotainment,Customer reported infotainment failure; diagnosis completed.,540.68,540.68,approved,2024-03-08,535.84,GHS,18,False
966,34100,2032,6760,8,2024-09-17,battery,Customer reported battery failure; diagnosis completed.,1535.79,1535.79,approved,2024-10-22,1338.95,GHS,35,False
967,41751,21031,16678,4,2025-06-30,battery,Customer reported battery failure; diagnosis completed.,1452.30,1452.30,approved,2025-06-30,1324.07,GHS,0,False
968,21181,16300,9547,5,2024-07-11,body_hardware,Customer reported body hardware failure; diagnosis completed.,1958.60,986.40,partially_approved,2024-07-30,844.59,GHS,19,False
969,37865,11433,7428,12,2024-04-12,electrical,Customer reported electrical failure; diagnosis completed.,747.83,747.83,approved,2024-04-20,634.47,GHS,8,False
970,10917,16134,1092,2,2024-04-17,infotainment,Customer reported infotainment failure; diagnosis completed.,757.50,757.50,approved,2024-04-22,704.62,GHS,5,False
971,38211,9831,17691,6,2025-06-30,body_hardware,Customer reported body hardware failure; diagnosis completed.,616.98,616.98,approved,2025-06-30,590.13,GHS,0,False
972,40506,11390,4438,4,2024-03-05,body_hardware,Customer reported body hardware failure; diagnosis completed.,2557.02,2557.02,approved,2024-03-22,2410.65,GHS,17,False
973,8726,18298,9075,2,2024-05-25,battery,Customer reported battery failure; diagnosis completed.,1715.69,1715.69,approved,2024-06-21,1414.13,GHS,27,False
974,4883,17447,18489,7,2025-05-08,electrical,Customer reported electrical failure; diagnosis completed.,1760.91,1760.91,approved,2025-05-24,1626.55,GHS,16,False
975,11076,24751,7770,15,2024-05-06,battery,Customer reported battery failure; diagnosis completed.,1597.55,1597.55,approved,2024-06-14,1459.07,GHS,39,False
976,4435,6852,8670,2,2025-02-23,infotainment,Customer reported infotainment failure; diagnosis completed.,843.17,843.17,approved,2025-03-19,713.83,GHS,24,False
977,37817,12056,11317,2,2024-06-24,body_hardware,Customer reported body hardware failure; diagnosis completed.,2103.21,2103.21,approved,2024-06-28,1804.96,GHS,4,False
978,29916,21025,13471,10,2025-06-30,suspension,Customer reported suspension failure; diagnosis completed.,2780.05,2780.05,approved,2025-06-30,2515.49,GHS,0,False
979,10316,18280,10447,6,2024-08-06,electrical,Customer reported electrical failure; diagnosis completed.,1312.45,0.00,denied,2024-08-10,0.00,GHS,4,False
980,40104,15560,8324,15,2024-09-24,engine,Customer reported engine failure; diagnosis completed.,2444.73,0.00,denied,2024-10-13,0.00,GHS,19,False
981,45763,12267,6504,2,2024-07-16,infotainment,Customer reported infotainment failure; diagnosis completed.,366.22,366.22,approved,2024-08-08,300.70,GHS,23,False
982,1259,10442,13037,1,2024-09-15,electrical,Customer reported electrical failure; diagnosis completed.,1828.29,0.00,denied,2024-10-04,0.00,GHS,19,False
983,10425,8232,12236,9,2025-06-30,transmission,Customer reported transmission failure; diagnosis completed.,530.92,251.98,partially_approved,2025-06-30,244.89,GHS,0,False
984,40803,24351,3723,2,2023-10-06,suspension,Customer reported suspension failure; diagnosis completed.,930.39,930.39,approved,2023-10-24,914.29,GHS,18,False
985,40471,2842,6610,5,2024-07-28,electrical,Customer reported electrical failure; diagnosis completed.,1034.52,452.29,partially_approved,2024-08-13,419.20,GHS,16,False
986,22254,11534,8909,7,2025-06-30,infotainment,Customer reported infotainment failure; diagnosis completed.,788.33,542.12,partially_approved,2025-06-30,512.25,GHS,0,False
987,24597,16670,15727,4,2025-06-30,engine,Customer reported engine failure; diagnosis completed.,591.37,0.00,denied,2025-06-30,0.00,GHS,0,False
988,44526,639,1889,12,2024-04-16,battery,Customer reported battery failure; diagnosis completed.,3922.93,3922.93,approved,2024-05-18,3660.88,GHS,32,False
989,19942,14790,15778,10,2025-03-28,electrical,Customer reported electrical failure; diagnosis completed.,562.17,562.17,approved,2025-04-09,461.10,GHS,12,False
990,11621,10639,2827,3,2023-10-25,suspension,Customer reported suspension failure; diagnosis completed.,1223.37,1223.37,approved,2023-11-11,1075.49,GHS,17,False
991,10098,14989,591,1,2023-03-26,engine,Customer reported engine failure; diagnosis completed.,1577.13,0.00,denied,2023-04-14,0.00,GHS,19,False
992,29807,20201,16380,4,2025-06-11,infotainment,Customer reported infotainment failure; diagnosis completed.,999.54,999.54,approved,2025-06-30,946.88,GHS,19,False
993,11990,18652,2191,11,2024-01-16,suspension,Customer reported suspension failure; diagnosis completed.,729.83,555.77,partially_approved,2024-02-07,459.04,GHS,22,False
994,9013,12111,8695,14,2024-08-29,electrical,Customer reported electrical failure; diagnosis completed.,883.72,0.00,denied,2024-09-14,0.00,GHS,16,False
995,37591,8225,2829,7,2024-01-12,engine,Customer reported engine failure; diagnosis completed.,878.99,878.99,approved,2024-02-02,733.07,GHS,21,False
996,44745,11339,11182,8,2024-06-19,transmission,Customer reported transmission failure; diagnosis completed.,2513.04,0.00,denied,2024-08-01,0.00,GHS,43,False
997,11968,17113,3058,3,2024-06-29,electrical,Customer reported electrical failure; diagnosis completed.,4534.39,4534.39,approved,2024-07-11,4247.38,GHS,12,False
998,16274,12539,5235,2,2025-05-04,electrical,Customer reported electrical failure; diagnosis completed.,1331.98,0.00,denied,2025-05-19,0.00,GHS,15,False
999,36892,5427,8244,10,2024-11-17,engine,Customer reported engine failure; diagnosis completed.,1503.87,1503.87,approved,2024-11-27,1338.81,GHS,10,False
1000,45179,11361,2852,2,2024-10-28,infotainment,Customer reported infotainment failure; diagnosis completed.,617.87,425.19,partially_approved,2024-11-09,355.20,GHS,12,False
1001,41367,24054,10025,3,2024-05-24,engine,Customer reported engine failure; diagnosis completed.,7067.97,7067.97,approved,2024-06-09,6974.60,GHS,16,False
1002,28558,7723,1445,12,2023-09-13,engine,Customer reported engine failure; diagnosis completed.,586.51,586.51,approved,2023-09-19,570.86,GHS,6,False
1003,1644,21681,71,4,2023-07-31,electrical,Customer reported electrical failure; diagnosis completed.,321.07,321.07,approved,2023-08-04,297.61,GHS,4,False
1004,38560,8422,4868,15,2025-02-05,electrical,Customer reported electrical failure; diagnosis completed.,708.47,708.47,approved,2025-02-20,586.51,GHS,15,False
1005,22279,24773,6683,1,2024-07-17,infotainment,Customer reported infotainment failure; diagnosis completed.,349.05,0.00,denied,2024-07-23,0.00,GHS,6,False
1006,2540,11819,20029,2,2025-06-30,transmission,Customer reported transmission failure; diagnosis completed.,1010.55,1010.55,approved,2025-06-30,864.13,GHS,0,False
1007,5182,20137,1769,9,2025-05-22,engine,Customer reported engine failure; diagnosis completed.,680.45,680.45,approved,2025-05-30,678.27,GHS,8,False
1008,1863,13726,3569,11,2024-07-05,transmission,Customer reported transmission failure; diagnosis completed.,1768.57,1768.57,approved,2024-08-09,1623.97,GHS,35,False
1009,36523,19493,13179,4,2024-11-06,electrical,Customer reported electrical failure; diagnosis completed.,2486.11,2486.11,approved,2024-11-20,2444.73,GHS,14,False
1010,20509,11277,4132,2,2022-12-15,body_hardware,Customer reported body hardware failure; diagnosis completed.,538.19,538.19,approved,2024-01-09,442.91,GHS,14,False
1011,24003,13065,15985,3,2025-05-02,electrical,Customer reported electrical failure; diagnosis completed.,1358.37,1358.37,approved,2025-05-25,1178.96,GHS,23,False
1012,33689,10941,3261,3,2023-10-10,infotainment,Customer reported infotainment failure; diagnosis completed.,4916.74,4916.74,approved,2023-10-31,4293.79,GHS,21,False
1013,37834,21773,8460,1,2024-03-23,transmission,Customer reported transmission failure; diagnosis completed.,1167.60,772.90,partially_approved,2024-04-14,701.38,GHS,22,False
1014,42188,15845,16278,1,2025-04-15,suspension,Customer reported suspension failure; diagnosis completed.,3749.83,3749.83,approved,2025-04-30,3630.23,GHS,15,False
1015,33940,5390,11112,2,2025-06-30,engine,Customer reported engine failure; diagnosis completed.,3188.78,3188.78,approved,2025-06-30,2710.61,GHS,0,False
1016,22604,5914,758,11,2024-09-21,suspension,Customer reported suspension failure; diagnosis completed.,2195.16,2195.16,approved,2024-10-04,2042.03,GHS,13,False
1017,3554,21391,12572,2,2024-09-01,infotainment,Customer reported infotainment failure; diagnosis completed.,1544.67,0.00,denied,2024-09-21,0.00,GHS,20,False
1018,39199,22894,8638,7,2024-05-06,infotainment,Customer reported infotainment failure; diagnosis completed.,2867.93,2867.93,approved,2024-05-16,2368.82,GHS,10,False
1019,7903,20723,12804,4,2025-06-30,electrical,Customer reported electrical failure; diagnosis completed.,416.10,416.10,approved,2025-06-30,389.88,GHS,0,False
1020,17262,12090,2526,2,2024-08-21,infotainment,Customer reported infotainment failure; diagnosis completed.,5019.48,5019.48,approved,2024-08-24,4474.29,GHS,3,False
1021,10183,15558,25,14,2023-07-19,suspension,Customer reported suspension failure; diagnosis completed.,995.45,995.45,approved,2023-07-23,858.87,GHS,4,False
1022,37762,17926,9913,15,2025-06-30,body_hardware,Customer reported body hardware failure; diagnosis completed.,2812.75,2812.75,approved,2025-06-30,2526.95,GHS,0,True
1023,22506,6990,4753,6,2024-05-01,battery,Customer reported battery failure; diagnosis completed.,2534.74,2534.74,approved,2024-05-21,2395.63,GHS,20,False
1024,5669,1750,11884,15,2025-06-30,electrical,Customer reported electrical failure; diagnosis completed.,1061.58,1061.58,approved,2025-06-30,895.87,GHS,0,False
1025,6888,23906,2495,8,2024-03-04,body_hardware,Customer reported body hardware failure; diagnosis completed.,263.58,263.58,approved,2024-03-19,225.43,GHS,15,False
1026,5051,3335,3529,6,2024-04-22,suspension,Customer reported suspension failure; diagnosis completed.,4199.73,1572.99,partially_approved,2024-05-15,1360.02,GHS,23,False
1027,4069,1921,13528,1,2024-10-05,electrical,Customer reported electrical failure; diagnosis completed.,566.52,566.52,approved,2024-10-27,529.36,GHS,22,False
1028,9095,5857,2153,2,2025-01-13,engine,Customer reported engine failure; diagnosis completed.,1732.80,1732.80,approved,2025-01-30,1522.64,GHS,17,False
1029,3743,4449,3376,4,2025-06-30,transmission,Customer reported transmission failure; diagnosis completed.,4796.48,4796.48,approved,2025-06-30,4292.18,GHS,0,False
1030,19959,6115,12266,4,2024-10-10,battery,Customer reported battery failure; diagnosis completed.,5408.12,5408.12,approved,2024-10-29,5081.84,GHS,19,False
1031,43199,8382,7378,10,2025-04-03,suspension,Customer reported suspension failure; diagnosis completed.,1289.51,1289.51,approved,2025-04-09,1074.89,GHS,6,False
1032,2508,22723,993,1,2024-06-19,infotainment,Customer reported infotainment failure; diagnosis completed.,3773.56,0.00,denied,2024-06-28,0.00,GHS,9,True
1033,44870,23842,15947,8,2025-02-22,battery,Customer reported battery failure; diagnosis completed.,810.47,810.47,approved,2025-03-18,772.73,GHS,24,False
1034,47500,1357,5665,1,2024-04-10,battery,Customer reported battery failure; diagnosis completed.,1485.17,1485.17,approved,2024-04-28,1266.22,GHS,18,False
1035,47850,261,8530,1,2024-07-07,engine,Customer reported engine failure; diagnosis completed.,1362.41,711.82,partially_approved,2024-07-23,697.60,GHS,16,False
1036,5645,13751,784,4,2023-04-13,engine,Customer reported engine failure; diagnosis completed.,3692.79,0.00,denied,2023-04-24,0.00,GHS,11,False
1037,18267,4473,808,8,2025-06-30,electrical,Customer reported electrical failure; diagnosis completed.,1068.49,0.00,denied,2025-06-30,0.00,GHS,0,False
1038,3031,4123,9417,2,2024-05-22,battery,Customer reported battery failure; diagnosis completed.,575.31,575.31,approved,2024-06-17,497.10,GHS,26,False
1039,3493,4260,13145,1,2025-01-18,suspension,Customer reported suspension failure; diagnosis completed.,555.85,326.42,partially_approved,2025-02-09,292.79,GHS,22,False
1040,30715,13473,2492,1,2025-06-30,body_hardware,Customer reported body hardware failure; diagnosis completed.,1817.74,0.00,denied,2025-06-30,0.00,GHS,0,False
1041,30259,2380,11248,1,2025-06-30,engine,Customer reported engine failure; diagnosis completed.,2046.92,0.00,denied,2025-06-30,0.00,GHS,0,False
1042,30224,5614,2745,5,2025-06-30,infotainment,Customer reported infotainment failure; diagnosis completed.,1005.45,0.00,denied,2025-06-30,0.00,GHS,0,False
1043,14820,10246,4700,12,2024-07-17,electrical,Customer reported electrical failure; diagnosis completed.,1151.12,1151.12,approved,2024-07-25,957.62,GHS,8,False
1044,4452,2935,6510,5,2024-01-10,suspension,Customer reported suspension failure; diagnosis completed.,727.01,727.01,approved,2024-01-15,693.70,GHS,5,False
1045,8399,1350,7709,2,2024-10-20,body_hardware,Customer reported body hardware failure; diagnosis completed.,745.27,745.27,approved,2024-11-11,635.44,GHS,22,False
1046,2283,9580,11774,1,2024-08-11,body_hardware,Customer reported body hardware failure; diagnosis completed.,760.05,564.05,partially_approved,2024-08-27,524.91,GHS,16,False
1047,44049,4942,8096,11,2024-07-05,body_hardware,Customer reported body hardware failure; diagnosis completed.,1308.46,1308.46,approved,2024-07-08,1217.55,GHS,3,False
1048,47143,5258,4145,2,2024-04-30,body_hardware,Customer reported body hardware failure; diagnosis completed.,1470.77,0.00,denied,2024-05-06,0.00,GHS,6,False
1049,17078,1099,8051,5,2024-09-07,battery,Customer reported battery failure; diagnosis completed.,815.98,0.00,denied,2024-09-24,0.00,GHS,17,True
1050,2900,16263,7120,4,2025-05-06,body_hardware,Customer reported body hardware failure; diagnosis completed.,654.81,654.81,approved,2025-05-11,557.51,GHS,5,False
1051,18728,18890,6205,1,2025-04-23,infotainment,Customer reported infotainment failure; diagnosis completed.,3118.41,3118.41,approved,2025-05-14,2895.64,GHS,21,False
1052,20270,1319,6896,3,2025-06-30,electrical,Customer reported electrical failure; diagnosis completed.,1285.87,891.33,partially_approved,2025-06-30,769.35,GHS,0,True
1053,16109,19591,1947,2,2025-02-22,transmission,Customer reported transmission failure; diagnosis completed.,2730.11,2730.11,approved,2025-04-06,2291.32,GHS,43,False
1054,15123,18924,13248,14,2025-04-14,body_hardware,Customer reported body hardware failure; diagnosis completed.,867.89,867.89,approved,2025-04-26,735.98,GHS,12,False
1055,30753,7374,8551,9,2024-05-05,engine,Customer reported engine failure; diagnosis completed.,717.04,717.04,approved,2024-05-12,636.16,GHS,7,False
1056,30427,2439,6114,7,2024-04-29,electrical,Customer reported electrical failure; diagnosis completed.,1931.53,0.00,denied,2024-05-07,0.00,GHS,8,False
1057,47347,6942,8920,4,2024-08-18,suspension,Customer reported suspension failure; diagnosis completed.,2276.28,2276.28,approved,2024-09-06,2145.16,GHS,19,False
1058,16625,8772,6796,14,2025-06-29,infotainment,Customer reported infotainment failure; diagnosis completed.,1035.52,1035.52,approved,2025-06-30,888.53,GHS,1,False
1059,44379,9257,3383,6,2023-07-03,engine,Customer reported engine failure; diagnosis completed.,634.00,634.00,approved,2023-07-17,598.94,GHS,14,False
1060,6848,6329,9941,6,2024-11-24,electrical,Customer reported electrical failure; diagnosis completed.,283.65,205.01,partially_approved,2024-11-30,198.10,GHS,6,False
1061,22337,18420,15541,6,2025-06-30,infotainment,Customer reported infotainment failure; diagnosis completed.,2407.60,2407.60,approved,2025-06-30,2269.63,GHS,0,False
1062,20459,21921,15052,5,2025-06-30,battery,Customer reported battery failure; diagnosis completed.,1102.38,1102.38,approved,2025-06-30,1041.60,GHS,0,True
1063,24664,9146,4522,13,2025-02-27,suspension,Customer reported suspension failure; diagnosis completed.,1827.16,1827.16,approved,2025-03-17,1508.21,GHS,18,False
1064,14381,5550,864,6,2025-02-02,suspension,Customer reported suspension failure; diagnosis completed.,1095.27,0.00,denied,2025-02-12,0.00,GHS,10,True
1065,7978,5122,9766,12,2025-06-30,suspension,,1042.11,0.00,denied,2025-06-30,0.00,GHS,0,True
1066,35495,23188,5283,7,2023-10-12,engine,Customer reported engine failure; diagnosis completed.,602.61,402.84,partially_approved,2023-11-05,382.20,GHS,24,False
1067,18621,4127,8874,1,2024-06-25,battery,Customer reported battery failure; diagnosis completed.,1568.23,1568.23,approved,2024-07-21,1308.16,GHS,26,False
1068,25999,23124,6868,1,2025-04-17,battery,Customer reported battery failure; diagnosis completed.,598.87,598.87,approved,2025-05-22,505.09,GHS,35,False
1069,27847,15701,17116,10,2025-03-27,engine,Customer reported engine failure; diagnosis completed.,1182.98,0.00,denied,2025-04-16,0.00,GHS,20,False
1070,28934,18340,6757,8,2024-02-10,infotainment,Customer reported infotainment failure; diagnosis completed.,3378.65,3378.65,approved,2024-02-28,2944.27,GHS,18,False
1071,41402,4085,829,12,2023-08-08,engine,Customer reported engine failure; diagnosis completed.,3227.36,3227.36,approved,2023-08-19,2899.71,GHS,11,False
1072,4072,6151,3975,4,2024-12-31,electrical,Customer reported electrical failure; diagnosis completed.,4721.68,4721.68,approved,2025-01-11,4478.02,GHS,11,False
1073,25789,13296,15898,9,2025-02-12,engine,Customer reported engine failure; diagnosis completed.,720.15,720.15,approved,2025-02-17,670.49,GHS,5,False
1074,15923,1816,16505,9,2025-04-19,suspension,Customer reported suspension failure; diagnosis completed.,6102.25,6102.25,approved,2025-04-25,5896.49,GHS,6,False
1075,5819,15159,4465,13,2025-06-30,engine,Customer reported engine failure; diagnosis completed.,4496.59,0.00,denied,2025-06-30,0.00,GHS,0,True
1076,22452,1585,1271,3,2025-03-21,infotainment,Customer reported infotainment failure; diagnosis completed.,944.54,944.54,approved,2025-04-12,832.53,GHS,22,False
1077,17400,10125,12791,11,2025-06-30,suspension,Customer reported suspension failure; diagnosis completed.,1288.84,1288.84,approved,2025-06-30,1077.64,GHS,0,False
1078,38659,2726,8947,1,2024-12-12,infotainment,Customer reported infotainment failure; diagnosis completed.,2123.32,0.00,denied,2024-12-30,0.00,GHS,18,False
1079,42171,21743,15092,2,2025-01-28,battery,Customer reported battery failure; diagnosis completed.,5428.81,5428.81,approved,2025-03-10,4854.08,GHS,41,True
1080,38297,3652,1035,5,2024-11-04,engine,Customer reported engine failure; diagnosis completed.,2571.98,0.00,denied,2024-11-09,0.00,GHS,5,False
1081,27033,15598,8872,5,2024-09-29,electrical,Customer reported electrical failure; diagnosis completed.,918.62,0.00,denied,2024-10-16,0.00,GHS,17,False
1082,39760,3923,13164,6,2024-12-31,engine,Customer reported engine failure; diagnosis completed.,720.22,0.00,denied,2025-01-18,0.00,GHS,18,False
1083,25404,2352,13224,7,2025-06-30,electrical,Customer reported electrical failure; diagnosis completed.,2276.90,2276.90,approved,2025-06-30,2057.59,GHS,0,False
1084,41950,542,16468,11,2025-01-31,engine,Customer reported engine failure; diagnosis completed.,2594.83,2594.83,approved,2025-02-16,2435.38,GHS,16,False
1085,5010,24299,6127,7,2023-11-15,body_hardware,Customer reported body hardware failure; diagnosis completed.,2734.26,2734.26,approved,2023-11-25,2338.65,GHS,10,False
1086,40531,161,2443,13,2023-07-21,suspension,Customer reported suspension failure; diagnosis completed.,2597.26,2597.26,approved,2023-07-24,2150.81,GHS,3,False
1087,42828,23211,16986,2,2025-06-30,transmission,Customer reported transmission failure; diagnosis completed.,683.84,0.00,denied,2025-06-30,0.00,GHS,0,False
1088,21293,21232,10520,14,2024-06-27,engine,Customer reported engine failure; diagnosis completed.,3754.84,3754.84,approved,2024-07-04,3145.54,GHS,7,False
1089,26583,14276,14161,1,2025-06-30,electrical,Customer reported electrical failure; diagnosis completed.,2196.13,2196.13,approved,2025-06-30,1917.78,GHS,0,False
1090,29943,13348,6571,15,2024-01-17,body_hardware,Customer reported body hardware failure; diagnosis completed.,780.43,780.43,approved,2024-01-31,641.76,GHS,14,False
1091,23808,4426,4151,15,2025-06-30,engine,Customer reported engine failure; diagnosis completed.,540.58,540.58,approved,2025-06-30,448.95,GHS,0,False
1092,16751,18175,13833,2,2025-01-11,transmission,Customer reported transmission failure; diagnosis completed.,1326.33,0.00,denied,2025-02-09,0.00,GHS,29,False
1093,46236,9458,9696,1,2024-09-25,suspension,Customer reported suspension failure; diagnosis completed.,1069.97,1069.97,approved,2024-09-29,1022.29,GHS,4,False
1094,17960,8638,8368,1,2025-03-22,engine,Customer reported engine failure; diagnosis completed.,794.98,0.00,denied,2025-04-14,0.00,GHS,23,False
1095,14297,3305,15177,5,2025-05-17,infotainment,Customer reported infotainment failure; diagnosis completed.,950.20,950.20,approved,2025-05-28,939.93,GHS,11,False
1096,28759,21960,13782,4,2025-06-30,electrical,Customer reported electrical failure; diagnosis completed.,1564.68,913.12,partially_approved,2025-06-30,785.06,GHS,0,False
1097,2149,5529,2793,5,2024-02-29,engine,Customer reported engine failure; diagnosis completed.,,1653.55,approved,,1506.50,GHS,13,False
1098,27910,17816,11197,5,2024-11-25,suspension,Customer reported suspension failure; diagnosis completed.,669.80,669.80,approved,2024-12-12,591.40,GHS,17,False
1099,30864,24504,7632,5,2025-06-30,engine,Customer reported engine failure; diagnosis completed.,470.05,470.05,approved,2025-06-30,437.39,GHS,0,True
1100,31241,7835,3563,3,2025-01-09,electrical,Customer reported electrical failure; diagnosis completed.,1273.65,0.00,denied,2025-01-29,0.00,GHS,20,False
1101,35016,21008,799,4,2023-07-30,engine,Customer reported engine failure; diagnosis completed.,762.00,0.00,denied,2023-08-22,0.00,GHS,23,False
1102,33426,12288,1023,1,2023-09-14,battery,Customer reported battery failure; diagnosis completed.,741.40,741.40,approved,2023-10-13,635.31,GHS,29,False
1103,28540,24886,8776,9,2025-05-03,infotainment,Customer reported infotainment failure; diagnosis completed.,868.98,469.30,partially_approved,2025-05-13,407.74,GHS,10,False
1104,2727,17238,2884,3,2024-10-10,electrical,Customer reported electrical failure; diagnosis completed.,1754.70,1118.80,partially_approved,2024-10-27,1006.51,GHS,17,False
1105,13877,12309,9866,15,2024-06-25,engine,Customer reported engine failure; diagnosis completed.,1363.83,622.77,partially_approved,2024-07-07,524.93,GHS,12,False
1106,23522,20248,1860,13,2023-06-24,transmission,Customer reported transmission failure; diagnosis completed.,834.96,834.96,approved,2023-07-14,701.62,GHS,20,False
1107,13120,17169,6874,4,2024-09-08,electrical,Customer reported electrical failure; diagnosis completed.,3205.89,1938.57,partially_approved,2024-10-01,1855.70,GHS,23,False
1108,26345,10782,7919,1,2025-05-19,engine,Customer reported engine failure; diagnosis completed.,4657.02,0.00,denied,2025-05-31,0.00,GHS,12,False
1109,4356,11039,11532,4,2025-06-30,body_hardware,Customer reported body hardware failure; diagnosis completed.,2250.33,2250.33,approved,2025-06-30,2214.91,GHS,0,False
1110,2416,22928,6594,2,2025-06-30,infotainment,Customer reported infotainment failure; diagnosis completed.,1195.91,1195.91,approved,2025-06-30,1167.61,GHS,0,False
1111,14393,4737,10442,1,2025-06-30,electrical,Customer reported electrical failure; diagnosis completed.,1217.40,545.68,partially_approved,2025-06-30,453.32,GHS,0,False
1112,47330,21483,5639,9,2025-06-30,electrical,Customer reported electrical failure; diagnosis completed.,785.72,0.00,denied,2025-06-30,0.00,GHS,0,False
1113,38101,18503,13572,2,2025-06-30,engine,Customer reported engine failure; diagnosis completed.,521.43,521.43,approved,2025-06-30,435.30,GHS,0,False
1114,18768,9646,6787,11,2025-06-30,suspension,Customer reported suspension failure; diagnosis completed.,1231.07,0.00,denied,2025-06-30,0.00,GHS,0,True
1115,2843,3683,13251,4,2024-11-22,electrical,Customer reported electrical failure; diagnosis completed.,496.09,496.09,approved,2024-12-08,452.91,GHS,16,False
1116,23753,9693,7388,12,2025-01-07,body_hardware,Customer reported body hardware failure; diagnosis completed.,3693.96,0.00,denied,2025-01-16,0.00,GHS,9,False
1117,5738,3740,3981,2,2024-03-28,body_hardware,Customer reported body hardware failure; diagnosis completed.,786.36,565.35,partially_approved,2024-04-10,521.06,GHS,13,False
1118,2310,13384,10774,6,2024-06-24,engine,Customer reported engine failure; diagnosis completed.,1102.61,522.62,partially_approved,2024-06-28,477.61,GHS,4,False
1119,29009,24488,83,4,2023-12-02,suspension,Customer reported suspension failure; diagnosis completed.,1010.85,1010.85,approved,2023-12-16,872.54,GHS,14,False
1120,4342,14248,14516,11,2025-06-30,suspension,Customer reported suspension failure; diagnosis completed.,2479.79,2479.79,approved,2025-06-30,2197.18,GHS,0,False
1121,38785,9585,13544,10,2025-05-10,engine,Customer reported engine failure; diagnosis completed.,761.65,761.65,approved,2025-05-25,664.78,GHS,15,False
1122,959,10854,400,1,2023-10-09,suspension,Customer reported suspension failure; diagnosis completed.,3333.82,3333.82,approved,2023-11-02,2816.95,GHS,24,False
1123,45638,6058,7701,4,2024-07-29,infotainment,Customer reported infotainment failure; diagnosis completed.,2759.30,2759.30,approved,2024-08-15,2334.95,GHS,17,True
1124,22835,12601,2959,6,2023-08-02,engine,Customer reported engine failure; diagnosis completed.,2793.84,2793.84,approved,2023-08-26,2294.46,GHS,24,False
1125,23211,1663,17474,4,2025-06-30,transmission,Customer reported transmission failure; diagnosis completed.,635.60,635.60,approved,2025-06-30,562.45,GHS,0,False
1126,39017,15315,3570,3,2025-06-30,electrical,Customer reported electrical failure; diagnosis completed.,446.83,446.83,approved,2025-06-30,423.91,GHS,0,False
1127,32496,23586,7682,5,2024-05-22,engine,Customer reported engine failure; diagnosis completed.,252.34,252.34,approved,2024-05-28,212.60,GHS,6,False
1128,43388,14464,4691,8,2025-04-27,engine,Customer reported engine failure; diagnosis completed.,1027.72,1027.72,approved,2025-05-07,866.00,GHS,10,False
1129,26898,19052,14388,12,2025-01-13,infotainment,Customer reported infotainment failure; diagnosis completed.,719.68,719.68,approved,2025-01-28,616.62,GHS,15,False
1130,19061,11988,9935,11,2025-01-02,body_hardware,Customer reported body hardware failure; diagnosis completed.,908.36,0.00,denied,2025-01-11,0.00,GHS,9,False
1131,19050,6348,8110,1,2025-06-30,electrical,Customer reported electrical failure; diagnosis completed.,625.27,625.27,approved,2025-06-30,550.68,GHS,0,False
1132,44569,7753,12977,1,2024-09-17,electrical,Customer reported electrical failure; diagnosis completed.,1288.95,1288.95,approved,2024-09-21,1086.11,GHS,4,True
1133,46716,20703,13303,4,2024-09-25,electrical,Customer reported electrical failure; diagnosis completed.,2215.99,2215.99,approved,2024-09-30,1946.30,GHS,5,False
1134,39453,17742,16541,10,2025-06-30,body_hardware,Customer reported body hardware failure; diagnosis completed.,1453.79,0.00,denied,2025-06-30,0.00,GHS,0,True
1135,2200,8359,10100,2,2025-06-30,electrical,Customer reported electrical failure; diagnosis completed.,3942.47,0.00,denied,2025-06-30,0.00,GHS,0,False
1136,24967,19991,4693,12,2025-01-10,infotainment,Customer reported infotainment failure; diagnosis completed.,2766.68,2766.68,approved,2025-01-18,2412.42,GHS,8,False
1137,38097,17803,14981,10,2024-12-06,electrical,Customer reported electrical failure; diagnosis completed.,892.03,892.03,approved,2024-12-27,789.82,GHS,21,False
1138,22634,10690,14100,4,2025-04-16,body_hardware,Customer reported body hardware failure; diagnosis completed.,563.61,563.61,approved,2025-04-28,542.44,GHS,12,False
1139,22116,5355,8660,8,2025-04-05,battery,Customer reported battery failure; diagnosis completed.,1023.13,1023.13,approved,2025-04-26,896.35,GHS,21,False
1140,38303,4738,10917,13,2025-02-19,electrical,Customer reported electrical failure; diagnosis completed.,951.45,951.45,approved,2025-03-05,845.97,GHS,14,False
1141,45977,16635,6526,14,2024-06-09,suspension,Customer reported suspension failure; diagnosis completed.,1415.30,0.00,denied,2024-06-12,0.00,GHS,3,False
1142,39768,14633,321,3,2024-11-04,engine,Customer reported engine failure; diagnosis completed.,1798.81,1307.64,partially_approved,2024-11-09,1129.66,GHS,5,False
1143,38191,9764,2958,2,2024-08-27,electrical,Customer reported electrical failure; diagnosis completed.,4375.27,4375.27,approved,2024-09-06,3916.06,GHS,10,False
1144,26921,21353,6227,3,2024-12-28,transmission,Customer reported transmission failure; diagnosis completed.,1116.88,1116.88,approved,2025-02-18,1085.27,GHS,52,False
1145,27336,4305,1701,9,2024-05-20,battery,Customer reported battery failure; diagnosis completed.,1686.34,0.00,denied,2024-06-09,0.00,GHS,20,False
1146,32675,18543,10119,14,2025-06-30,body_hardware,Customer reported body hardware failure; diagnosis completed.,779.78,779.78,approved,2025-06-30,739.61,GHS,0,True
1147,35922,11082,11247,8,2025-06-30,body_hardware,Customer reported body hardware failure; diagnosis completed.,3053.11,3053.11,approved,2025-06-30,2799.76,GHS,0,False
1148,8079,13987,1973,1,2025-02-19,infotainment,Customer reported infotainment failure; diagnosis completed.,536.83,536.83,approved,2025-02-23,468.55,GHS,4,False
1149,34834,18673,6454,5,2024-03-13,transmission,Customer reported transmission failure; diagnosis completed.,1893.82,1893.82,approved,2024-04-10,1636.87,GHS,28,True
1150,36227,8779,7025,1,2024-04-09,engine,Customer reported engine failure; diagnosis completed.,2250.24,2250.24,approved,2024-04-19,1934.81,GHS,10,False
1151,47381,6802,7843,3,2025-06-13,infotainment,Customer reported infotainment failure; diagnosis completed.,1936.76,1936.76,approved,2025-06-30,1810.91,GHS,17,False
1152,18797,759,12909,12,2025-01-24,battery,Customer reported battery failure; diagnosis completed.,646.14,646.14,approved,2025-02-21,593.82,GHS,28,False
1153,30002,5726,4610,5,2023-09-03,body_hardware,Customer reported body hardware failure; diagnosis completed.,570.03,0.00,denied,2023-09-08,0.00,GHS,5,False
1154,35921,17013,9190,1,2024-07-01,battery,Customer reported battery failure; diagnosis completed.,891.22,0.00,denied,2024-07-31,0.00,GHS,30,False
1155,34798,784,10810,15,2024-10-25,electrical,Customer reported electrical failure; diagnosis completed.,2464.27,2464.27,approved,2024-11-16,2045.09,GHS,22,False
1156,14951,4833,1456,1,2023-05-09,electrical,Customer reported electrical failure; diagnosis completed.,3705.60,3705.60,approved,2023-05-14,3225.50,GHS,5,True
1157,36415,21030,8145,9,2024-02-20,infotainment,Customer reported infotainment failure; diagnosis completed.,694.22,694.22,approved,2024-03-04,659.46,GHS,13,False
1158,27057,12272,4653,5,2025-01-10,engine,Customer reported engine failure; diagnosis completed.,852.55,0.00,denied,2025-01-13,0.00,GHS,3,False
1159,16211,23811,4430,9,2023-10-30,body_hardware,Customer reported body hardware failure; diagnosis completed.,760.88,760.88,approved,2023-11-20,664.90,GHS,21,False
1160,37964,3703,2828,5,2023-06-03,suspension,Customer reported suspension failure; diagnosis completed.,2513.84,1820.65,partially_approved,2023-06-08,1727.24,GHS,5,False
1161,16847,1717,273,6,2023-08-07,transmission,Customer reported transmission failure; diagnosis completed.,7067.77,7067.77,approved,2023-09-13,6481.68,GHS,37,False
1162,25834,12700,4161,5,2024-10-07,suspension,Customer reported suspension failure; diagnosis completed.,711.17,711.17,approved,2024-10-12,684.18,GHS,5,False
1163,24961,71,10422,15,2025-06-29,battery,Customer reported battery failure; diagnosis completed.,1010.05,1010.05,approved,2025-06-30,993.19,GHS,1,False
1164,20233,8458,2457,2,2023-11-27,infotainment,Customer reported infotainment failure; diagnosis completed.,3180.09,3180.09,approved,2023-12-09,2705.07,GHS,12,False
1165,28526,24536,4014,2,2024-02-23,transmission,Customer reported transmission failure; diagnosis completed.,1539.62,1539.62,approved,2024-03-25,1459.73,GHS,31,False
1166,35096,5465,11607,10,2025-06-30,suspension,Customer reported suspension failure; diagnosis completed.,935.21,608.85,partially_approved,2025-06-30,589.66,GHS,0,False
1167,31370,820,13756,1,2025-06-30,electrical,Customer reported electrical failure; diagnosis completed.,944.00,944.00,approved,2025-06-30,885.55,GHS,0,True
1168,6547,16091,7,12,2025-06-23,electrical,Customer reported electrical failure; diagnosis completed.,6876.72,2705.85,partially_approved,2025-06-30,2645.82,GHS,7,True
1169,17160,18097,9185,5,2024-09-03,battery,Customer reported battery failure; diagnosis completed.,3871.82,3871.82,approved,2024-10-13,3432.35,GHS,40,False
1170,19639,18949,4303,1,2024-05-15,battery,Customer reported battery failure; diagnosis completed.,4994.18,4994.18,approved,2024-06-16,4586.82,GHS,32,False
1171,35104,18927,11863,1,2024-10-02,suspension,Customer reported suspension failure; diagnosis completed.,576.88,576.88,approved,2024-10-26,546.91,GHS,24,False
1172,10925,7909,1580,10,2023-11-03,battery,Customer reported battery failure; diagnosis completed.,429.48,429.48,approved,2023-12-02,387.87,GHS,29,False
1173,9766,6363,6807,10,2024-03-21,battery,Customer reported battery failure; diagnosis completed.,1070.53,1070.53,approved,2024-04-12,1039.46,GHS,22,False
1174,1609,4924,8585,4,2024-04-16,engine,Customer reported engine failure; diagnosis completed.,2422.64,2422.64,approved,2024-04-29,2109.36,GHS,13,False
1175,29875,21837,5079,1,2023-09-29,transmission,Customer reported transmission failure; diagnosis completed.,2749.53,2749.53,approved,2023-11-09,2277.92,GHS,41,False
1176,23792,15498,9449,14,2025-02-01,electrical,Customer reported electrical failure; diagnosis completed.,2249.67,880.18,partially_approved,2025-02-24,763.01,GHS,23,False
1177,15516,13910,8564,15,2025-06-30,engine,Customer reported engine failure; diagnosis completed.,2573.82,2573.82,approved,2025-06-30,2318.23,GHS,0,False
1178,28290,903,4883,1,2024-05-15,suspension,Customer reported suspension failure; diagnosis completed.,644.16,0.00,denied,2024-05-19,0.00,GHS,4,False
1179,3063,6931,9723,7,2024-10-22,body_hardware,Customer reported body hardware failure; diagnosis completed.,1611.16,1611.16,approved,2024-11-14,1447.77,GHS,23,False
1180,12475,15870,16997,8,2025-04-24,battery,Customer reported battery failure; diagnosis completed.,1963.41,0.00,denied,2025-06-03,0.00,GHS,40,False
1181,29602,7729,3380,12,2025-06-08,battery,Customer reported battery failure; diagnosis completed.,1183.62,1183.62,approved,2025-06-30,973.70,GHS,22,False
1182,39778,20774,7771,6,2024-04-29,electrical,Customer reported electrical failure; diagnosis completed.,1647.33,751.65,partially_approved,2024-05-20,732.48,GHS,21,False
1183,7905,15825,8116,3,2025-02-23,engine,Customer reported engine failure; diagnosis completed.,1913.70,1913.70,approved,2025-03-15,1794.37,GHS,20,False
1184,34816,7083,8524,9,2025-06-30,electrical,Customer reported electrical failure; diagnosis completed.,453.06,777.77,denied,2025-06-30,0.00,GHS,0,False
1185,13235,2831,10345,6,2024-08-22,body_hardware,Customer reported body hardware failure; diagnosis completed.,1223.30,1223.30,approved,2024-09-07,1212.28,GHS,16,False
1186,30323,7442,18174,13,2025-06-30,infotainment,Customer reported infotainment failure; diagnosis completed.,2682.55,0.00,denied,2025-06-30,0.00,GHS,0,False
1187,18081,15173,9881,12,2024-09-25,transmission,Customer reported transmission failure; diagnosis completed.,1020.10,643.65,partially_approved,2024-11-10,551.84,GHS,46,False
1188,32867,3164,2135,10,2024-12-21,electrical,Customer reported electrical failure; diagnosis completed.,5501.61,4122.61,partially_approved,2025-01-03,3808.59,GHS,13,False
1189,29878,3568,7040,1,2024-07-31,engine,Customer reported engine failure; diagnosis completed.,2689.49,2689.49,approved,2024-08-18,2390.15,GHS,18,False
1190,42397,16963,14466,7,2025-06-30,engine,Customer reported engine failure; diagnosis completed.,1767.09,0.00,denied,2025-06-30,0.00,GHS,0,False
1191,46436,10446,7228,9,2024-04-06,transmission,Customer reported transmission failure; diagnosis completed.,744.07,744.07,approved,2024-05-05,728.98,GHS,29,False
1192,7614,3536,4602,2,2023-11-26,suspension,Customer reported suspension failure; diagnosis completed.,730.20,0.00,denied,2023-12-10,0.00,GHS,14,False
1193,22194,5403,13810,7,2025-06-30,battery,Customer reported battery failure; diagnosis completed.,1755.15,1755.15,approved,2025-06-30,1556.94,GHS,0,False
1194,45877,10698,2822,11,2023-06-05,infotainment,Customer reported infotainment failure; diagnosis completed.,812.26,601.34,partially_approved,2023-06-20,506.42,GHS,15,False
1195,18190,14954,1923,1,2025-02-13,electrical,Customer reported electrical failure; diagnosis completed.,1045.31,1045.31,approved,2025-03-06,894.96,GHS,21,False
1196,1350,23972,2333,5,2024-04-27,body_hardware,Customer reported body hardware failure; diagnosis completed.,1139.34,1139.34,approved,2024-05-18,1031.32,GHS,21,False
1197,5091,3680,1673,15,2024-06-18,electrical,Customer reported electrical failure; diagnosis completed.,1907.98,1907.98,approved,2024-06-26,1868.36,GHS,8,False
1198,4106,19408,5963,5,2025-06-30,suspension,Customer reported suspension failure; diagnosis completed.,3420.96,3420.96,approved,2025-06-30,3371.95,GHS,0,False
1199,47832,23399,16948,15,2025-06-30,electrical,Customer reported electrical failure; diagnosis completed.,1265.67,1265.67,approved,2025-06-30,1078.56,GHS,0,False
1200,28154,20643,16137,12,2025-04-30,transmission,Customer reported transmission failure; diagnosis completed.,2063.01,2063.01,approved,2025-05-25,1967.10,GHS,25,True
1201,43241,10931,12225,2,2025-06-30,electrical,Customer reported electrical failure; diagnosis completed.,1615.26,1615.26,approved,2025-06-30,1421.81,GHS,0,False
1202,46814,17780,2799,1,2024-08-04,transmission,Customer reported transmission failure; diagnosis completed.,1672.82,1672.82,approved,2024-09-13,1477.48,GHS,40,True
1203,32614,3188,14627,10,2024-12-03,battery,Customer reported battery failure; diagnosis completed.,637.93,383.35,partially_approved,2025-01-03,358.83,GHS,31,False
1204,25485,22427,7906,8,2025-04-09,suspension,Customer reported suspension failure; diagnosis completed.,839.47,839.47,approved,2025-04-15,727.67,GHS,6,False
1205,44031,8050,11422,2,2024-06-30,battery,Customer reported battery failure; diagnosis completed.,1130.39,0.00,denied,2024-07-31,0.00,GHS,31,False
1206,44217,5213,1232,1,2024-12-31,infotainment,Customer reported infotainment failure; diagnosis completed.,1000.64,1000.64,approved,2025-01-22,999.69,GHS,22,False
1207,47342,24922,6056,4,2024-03-23,body_hardware,Customer reported body hardware failure; diagnosis completed.,714.28,714.28,approved,2024-04-11,589.82,GHS,19,False
1208,36481,22145,7790,11,2025-05-12,body_hardware,Customer reported body hardware failure; diagnosis completed.,1421.65,0.00,denied,2025-05-17,0.00,GHS,5,False
1209,5681,8376,11096,2,2025-06-04,suspension,Customer reported suspension failure; diagnosis completed.,2490.72,2490.72,approved,2025-06-07,2237.11,GHS,3,False
1210,15001,15633,4748,1,2024-12-24,battery,Customer reported battery failure; diagnosis completed.,752.28,500.22,partially_approved,2025-01-21,463.59,GHS,28,False
1211,33430,605,15773,8,2025-06-30,engine,Customer reported engine failure; diagnosis completed.,905.13,905.13,approved,2025-06-30,882.22,GHS,0,False
1212,9537,2425,1366,2,2025-06-30,suspension,Customer reported suspension failure; diagnosis completed.,794.36,794.36,approved,2025-06-30,782.41,GHS,0,False
1213,21611,1419,14012,6,2025-06-30,body_hardware,Customer reported body hardware failure; diagnosis completed.,377.04,377.04,approved,2025-06-30,354.80,GHS,0,False
1214,42843,1542,9182,4,2024-09-08,body_hardware,Customer reported body hardware failure; diagnosis completed.,1880.09,0.00,denied,2024-09-12,0.00,GHS,4,False
1215,2450,20212,15101,6,2025-03-16,electrical,Customer reported electrical failure; diagnosis completed.,5085.41,5085.41,approved,2025-03-25,4730.77,GHS,9,False
1216,38961,23811,4430,11,2024-07-09,infotainment,Customer reported infotainment failure; diagnosis completed.,980.59,0.00,denied,2024-07-20,0.00,GHS,11,False
1217,31101,2694,7581,7,2025-01-26,body_hardware,Customer reported body hardware failure; diagnosis completed.,755.03,755.03,approved,2025-02-03,705.26,GHS,8,False
1218,31384,1530,12228,4,2024-08-11,electrical,Customer reported electrical failure; diagnosis completed.,10084.96,10084.96,approved,2024-08-19,9000.51,GHS,8,False
1219,43143,24469,13411,15,2024-11-14,electrical,Customer reported electrical failure; diagnosis completed.,1321.96,1321.96,approved,2024-12-06,1197.48,GHS,22,False
1220,39464,18651,11209,5,2024-08-23,infotainment,Customer reported infotainment failure; diagnosis completed.,1606.29,1606.29,approved,2024-09-12,1391.33,GHS,20,False
1221,8320,10798,3390,9,2023-07-02,engine,Customer reported engine failure; diagnosis completed.,1441.95,701.95,partially_approved,2023-07-12,583.32,GHS,10,False
1222,40337,12400,12807,1,2025-01-12,battery,Customer reported battery failure; diagnosis completed.,3460.49,3460.49,approved,2025-02-23,3402.88,GHS,42,False
1223,821,23599,11954,3,2022-12-15,electrical,Customer reported electrical failure; diagnosis completed.,460.49,261.26,partially_approved,2025-01-03,233.69,GHS,18,False
1224,43919,8775,9732,2,2025-06-30,infotainment,Customer reported infotainment failure; diagnosis completed.,2352.57,2352.57,approved,2025-06-30,2339.21,GHS,0,False
1225,13586,13213,6843,8,2024-08-23,infotainment,Customer reported infotainment failure; diagnosis completed.,3049.09,3049.09,approved,2024-08-31,2772.96,GHS,8,True
1226,441,17435,3971,12,2024-05-09,electrical,Customer reported electrical failure; diagnosis completed.,1400.52,746.07,partially_approved,2024-05-22,650.91,GHS,13,False
1227,28621,20584,4956,12,2023-10-19,electrical,Customer reported electrical failure; diagnosis completed.,409.12,409.12,approved,2023-11-09,335.83,GHS,21,False
1228,29472,6735,12459,10,2025-06-30,infotainment,Customer reported infotainment failure; diagnosis completed.,899.44,899.44,approved,2025-06-30,863.07,GHS,0,False
1229,19183,16890,6533,4,2024-11-15,electrical,Customer reported electrical failure; diagnosis completed.,1931.08,869.71,partially_approved,2024-12-07,846.27,GHS,22,False
1230,10300,18783,2910,2,2025-06-30,electrical,Customer reported electrical failure; diagnosis completed.,1710.40,0.00,denied,2025-06-30,0.00,GHS,0,False
1231,37018,16431,17113,2,2025-06-05,battery,Customer reported battery failure; diagnosis completed.,3833.86,1968.26,partially_approved,2025-06-30,1926.41,GHS,25,False
1232,46023,19909,4043,11,2025-01-23,body_hardware,Customer reported body hardware failure; diagnosis completed.,1539.51,1539.51,approved,2025-01-27,1325.35,GHS,4,False
1233,14543,10772,792,8,2025-05-09,transmission,Customer reported transmission failure; diagnosis completed.,509.64,509.64,approved,2025-06-24,474.35,GHS,46,False
1234,31300,20093,5298,1,2024-01-22,engine,Customer reported engine failure; diagnosis completed.,3966.33,3966.33,approved,2024-01-30,3463.73,GHS,8,False
1235,24357,24468,8193,6,2024-04-15,infotainment,Customer reported infotainment failure; diagnosis completed.,1099.35,0.00,denied,2024-04-29,0.00,GHS,14,False
1236,33973,17912,11488,1,2024-07-03,infotainment,Customer reported infotainment failure; diagnosis completed.,360.52,360.52,approved,2024-07-26,352.80,GHS,23,False
1237,40735,14244,11880,10,2022-12-15,body_hardware,Customer reported body hardware failure; diagnosis completed.,647.23,647.23,approved,2025-06-30,531.52,GHS,0,False
1238,12284,16779,906,7,2024-02-19,electrical,Customer reported electrical failure; diagnosis completed.,1386.48,980.25,partially_approved,2024-03-12,908.00,GHS,22,False
1239,16755,21010,10832,3,2025-06-30,body_hardware,Customer reported body hardware failure; diagnosis completed.,821.60,821.60,approved,2025-06-30,817.49,GHS,0,False
1240,35192,9003,6475,7,2024-07-06,engine,Customer reported engine failure; diagnosis completed.,2629.24,2629.24,approved,2024-07-14,2412.01,GHS,8,False
1241,2527,20941,4361,1,2025-05-05,infotainment,Customer reported infotainment failure; diagnosis completed.,945.91,945.91,approved,2025-05-20,860.01,GHS,15,False
1242,11168,12966,3204,10,2023-07-21,engine,Customer reported engine failure; diagnosis completed.,856.08,0.00,denied,2023-08-08,0.00,GHS,18,False
1243,34388,4514,251,2,2023-04-12,electrical,Customer reported electrical failure; diagnosis completed.,2504.47,2504.47,approved,2023-04-20,2297.88,GHS,8,False
1244,14837,10637,2657,8,2024-09-28,battery,Customer reported battery failure; diagnosis completed.,312.80,312.80,approved,2024-11-12,274.79,GHS,45,False
1245,13462,5724,6188,13,2024-02-10,body_hardware,Customer reported body hardware failure; diagnosis completed.,1898.68,1141.20,partially_approved,2024-02-21,1018.58,GHS,11,False
1246,5940,7278,1541,2,2023-07-22,battery,Customer reported battery failure; diagnosis completed.,1730.56,0.00,denied,2023-08-26,0.00,GHS,35,False
1247,38489,14935,15398,3,2025-06-30,infotainment,Customer reported infotainment failure; diagnosis completed.,3944.18,3944.18,approved,2025-06-30,3754.04,GHS,0,False
1248,43975,5504,10262,6,2022-12-15,transmission,Customer reported transmission failure; diagnosis completed.,626.44,626.44,approved,2025-01-13,528.01,GHS,39,False
1249,19233,20458,2248,3,2023-10-04,body_hardware,Customer reported body hardware failure; diagnosis completed.,1030.86,1030.86,approved,2023-10-22,916.62,GHS,18,False
1250,40837,4612,6568,9,2024-07-14,body_hardware,Customer reported body hardware failure; diagnosis completed.,1286.26,1286.26,approved,2024-08-01,1245.21,GHS,18,True
1251,43942,1010,5807,1,2024-10-14,electrical,Customer reported electrical failure; diagnosis completed.,4019.54,4019.54,approved,2024-11-07,3970.88,GHS,24,True
1252,3005,24422,6821,14,2024-03-29,battery,Customer reported battery failure; diagnosis completed.,3610.49,3610.49,approved,2024-04-20,3229.46,GHS,22,False
1253,24079,8240,1552,15,2024-11-30,electrical,Customer reported electrical failure; diagnosis completed.,770.60,0.00,denied,2024-12-10,0.00,GHS,10,False
1254,26944,8475,5918,11,2023-12-26,transmission,Customer reported transmission failure; diagnosis completed.,2102.79,2102.79,approved,2024-01-29,2009.97,GHS,34,False
1255,39122,17808,12113,10,2024-11-27,body_hardware,Customer reported body hardware failure; diagnosis completed.,1899.36,1899.36,approved,2024-12-20,1841.09,GHS,23,False
1256,24383,16894,416,4,2024-02-22,battery,Customer reported battery failure; diagnosis completed.,1300.21,0.00,denied,2024-03-23,0.00,GHS,30,False
1257,1152,8974,14541,3,2025-04-22,engine,Customer reported engine failure; diagnosis completed.,890.21,890.21,approved,2025-05-01,870.95,GHS,9,False
1258,24009,21486,11038,15,2025-01-28,electrical,Customer reported electrical failure; diagnosis completed.,850.02,0.00,denied,2025-02-19,0.00,GHS,22,False
1259,39185,15592,16108,2,2025-04-26,transmission,Customer reported transmission failure; diagnosis completed.,908.76,908.76,approved,2025-06-04,900.90,GHS,39,False
1260,24038,762,2155,7,2023-10-15,battery,Customer reported battery failure; diagnosis completed.,688.09,0.00,denied,2023-12-01,0.00,GHS,47,False
1261,5406,21766,7252,3,2025-06-30,body_hardware,Customer reported body hardware failure; diagnosis completed.,2698.02,2698.02,approved,2025-06-30,2316.22,GHS,0,False
1262,16656,18691,4089,5,2024-05-24,infotainment,Customer reported infotainment failure; diagnosis completed.,488.78,488.78,approved,2024-06-01,413.37,GHS,8,False
1263,43419,9127,2623,5,2023-09-13,suspension,Customer reported suspension failure; diagnosis completed.,840.87,840.87,approved,2023-09-21,696.40,GHS,8,False
1264,46079,2811,2650,1,2024-05-08,infotainment,Customer reported infotainment failure; diagnosis completed.,1730.87,1730.87,approved,2024-05-28,1635.89,GHS,20,False
1265,40709,18873,3021,5,2023-12-24,engine,Customer reported engine failure; diagnosis completed.,713.91,713.91,approved,2023-12-31,688.15,GHS,7,True
1266,44528,8861,19186,8,2025-06-30,suspension,Customer reported suspension failure; diagnosis completed.,678.45,678.45,approved,2025-06-30,586.21,GHS,0,False
1267,27865,4405,11546,9,2024-10-03,transmission,Customer reported transmission failure; diagnosis completed.,13067.66,9758.55,partially_approved,2024-11-01,8785.43,GHS,29,False
1268,23542,796,7669,10,2024-07-28,body_hardware,Customer reported body hardware failure; diagnosis completed.,1543.69,1543.69,approved,2024-08-04,1542.82,GHS,7,False
1269,41045,14351,15764,6,2025-03-25,battery,Customer reported battery failure; diagnosis completed.,827.35,827.35,approved,2025-04-26,789.60,GHS,32,False
1270,44374,12077,6635,10,2025-06-30,suspension,Customer reported suspension failure; diagnosis completed.,10522.76,10522.76,approved,2025-06-30,9502.48,GHS,0,False
1271,23393,15205,363,7,2024-01-28,engine,Customer reported engine failure; diagnosis completed.,900.95,900.95,approved,2024-02-09,750.67,GHS,12,False
1272,10163,5465,11607,11,2025-06-30,suspension,Customer reported suspension failure; diagnosis completed.,1070.29,573.77,partially_approved,2025-06-30,536.31,GHS,0,False
1273,11588,13513,11697,15,2025-06-30,electrical,Customer reported electrical failure; diagnosis completed.,1571.68,0.00,denied,2025-06-30,0.00,GHS,0,False
1274,15532,15448,5884,12,2024-04-01,engine,Customer reported engine failure; diagnosis completed.,908.70,511.47,partially_approved,2024-04-08,483.68,GHS,7,False
1275,44191,8693,8197,9,2022-12-15,suspension,Customer reported suspension failure; diagnosis completed.,524.82,524.82,approved,2025-06-30,510.27,GHS,0,False
1276,42009,24428,770,3,2023-08-01,infotainment,Customer reported infotainment failure; diagnosis completed.,1168.50,1168.50,approved,2023-08-16,1140.03,GHS,15,False
1277,1165,3668,16575,6,2025-02-08,electrical,Customer reported electrical failure; diagnosis completed.,,922.83,approved,2025-02-11,792.37,GHS,3,False
1278,19216,18264,15597,12,2025-01-01,transmission,Customer reported transmission failure; diagnosis completed.,580.35,580.35,approved,2025-01-26,543.61,GHS,25,False
1279,46129,8299,4834,1,2025-04-20,electrical,Customer reported electrical failure; diagnosis completed.,2283.14,2283.14,approved,2025-05-13,1970.41,GHS,23,False
1280,15019,16446,5945,3,2024-05-04,battery,Customer reported battery failure; diagnosis completed.,353.64,0.00,denied,2024-06-07,0.00,GHS,34,False
1281,26260,17110,15241,15,2024-12-15,electrical,Customer reported electrical failure; diagnosis completed.,926.04,926.04,approved,2024-12-18,775.30,GHS,3,False
1282,45618,16342,10089,4,2025-06-30,body_hardware,Customer reported body hardware failure; diagnosis completed.,494.80,494.80,approved,2025-06-30,448.04,GHS,0,False
1283,34440,15341,9069,3,2024-03-20,electrical,Customer reported electrical failure; diagnosis completed.,807.44,807.44,approved,2024-04-10,786.23,GHS,21,False
1284,8614,12447,2290,5,2024-08-22,battery,Customer reported battery failure; diagnosis completed.,1378.05,0.00,denied,2024-09-07,0.00,GHS,16,False
1285,3918,23124,6868,2,2025-06-30,electrical,Customer reported electrical failure; diagnosis completed.,510.65,510.65,approved,2025-06-30,479.94,GHS,0,False
1286,31980,24949,5993,8,2024-01-22,electrical,Customer reported electrical failure; diagnosis completed.,1448.12,1448.12,approved,2024-01-30,1419.57,GHS,8,False
1287,13616,14932,3544,1,2024-02-13,engine,Customer reported engine failure; diagnosis completed.,3351.94,3351.94,approved,2024-03-08,2922.31,GHS,24,False
1288,856,7105,13070,1,2024-10-05,suspension,Customer reported suspension failure; diagnosis completed.,693.66,0.00,denied,2024-10-20,0.00,GHS,15,False
1289,42215,14430,18983,2,2025-06-30,electrical,Customer reported electrical failure; diagnosis completed.,1383.68,1078.17,partially_approved,2025-06-30,1019.91,GHS,0,False
1290,25560,23643,1312,5,2024-06-24,engine,Customer reported engine failure; diagnosis completed.,4305.43,0.00,denied,2024-07-12,0.00,GHS,18,False
1291,25269,9971,13680,2,2024-11-10,infotainment,Customer reported infotainment failure; diagnosis completed.,2064.26,2064.26,approved,2024-11-18,1756.66,GHS,8,False
1292,42444,16757,12737,5,2024-12-09,electrical,Customer reported electrical failure; diagnosis completed.,4656.65,4656.65,approved,2024-12-19,4046.66,GHS,10,False
1293,44672,12929,5307,1,2024-06-28,transmission,Customer reported transmission failure; diagnosis completed.,811.79,811.79,approved,2024-07-25,805.56,GHS,27,False
1294,2419,1548,3232,2,2023-12-02,transmission,Customer reported transmission failure; diagnosis completed.,1427.05,1427.05,approved,2024-01-03,1393.23,GHS,32,False
1295,26034,4744,828,1,2025-04-26,electrical,Customer reported electrical failure; diagnosis completed.,1345.90,1345.90,approved,2025-05-07,1140.94,GHS,11,False
1296,25238,19240,7578,4,2022-12-15,engine,Customer reported engine failure; diagnosis completed.,929.30,929.30,approved,2025-05-01,888.59,GHS,13,False
1297,27621,10403,7014,3,2024-11-27,electrical,Customer reported electrical failure; diagnosis completed.,1181.71,867.63,partially_approved,2024-12-20,852.63,GHS,23,False
1298,8867,13230,5170,5,2024-11-11,electrical,Customer reported electrical failure; diagnosis completed.,1079.74,-1079.74,approved,2024-11-28,1027.81,GHS,17,False
1299,27969,11724,10459,1,2025-06-30,transmission,Customer reported transmission failure; diagnosis completed.,735.75,353.50,partially_approved,2025-06-30,331.32,GHS,0,False
1300,16080,23197,9525,15,2024-06-28,body_hardware,Customer reported body hardware failure; diagnosis completed.,3734.43,0.00,denied,2024-07-09,0.00,GHS,11,False
1301,32767,15694,11016,1,2024-08-01,suspension,Customer reported suspension failure; diagnosis completed.,1011.00,1011.00,approved,2024-08-07,942.40,GHS,6,False
1302,24016,16770,13537,1,2025-06-30,body_hardware,Customer reported body hardware failure; diagnosis completed.,1407.38,1407.38,approved,2025-06-30,1320.93,GHS,0,False
1303,31448,3969,2779,1,2024-08-02,electrical,Customer reported electrical failure; diagnosis completed.,847.68,847.68,approved,2024-08-19,806.42,GHS,17,False
1304,36717,23302,3686,10,2025-02-05,body_hardware,Customer reported body hardware failure; diagnosis completed.,3515.87,1757.75,partially_approved,2025-02-22,1611.58,GHS,17,False
1305,7366,6104,7072,3,2024-02-02,engine,Customer reported engine failure; diagnosis completed.,1181.66,1181.66,approved,2024-02-07,1049.71,GHS,5,False
1306,10483,15475,5502,9,2024-11-02,engine,Customer reported engine failure; diagnosis completed.,251.46,251.46,approved,2024-11-07,248.20,GHS,5,True
1307,41798,22615,14555,10,2025-04-04,suspension,Customer reported suspension failure; diagnosis completed.,2727.97,2727.97,approved,2025-04-09,2412.98,GHS,5,False
1308,13508,10480,3202,4,2024-04-20,transmission,Customer reported transmission failure; diagnosis completed.,860.84,0.00,denied,2024-05-16,0.00,GHS,26,False
1309,17948,24823,8091,10,2024-07-04,electrical,Customer reported electrical failure; diagnosis completed.,787.24,787.24,approved,2024-07-27,710.35,GHS,23,True
1310,34007,6800,2017,2,2024-02-26,transmission,Customer reported transmission failure; diagnosis completed.,1131.33,1131.33,approved,2024-03-30,957.61,GHS,33,False
1311,20550,7900,3188,5,2023-07-15,suspension,Customer reported suspension failure; diagnosis completed.,859.90,0.00,denied,2023-07-23,0.00,GHS,8,False
1312,4062,8953,16601,2,2025-06-04,infotainment,Customer reported infotainment failure; diagnosis completed.,1774.40,1774.40,approved,2025-06-21,1556.31,GHS,17,False
1313,7523,24239,3325,15,2025-02-27,electrical,Customer reported electrical failure; diagnosis completed.,916.10,916.10,approved,2025-03-10,840.51,GHS,11,False
1314,46050,21302,7622,3,2024-08-12,battery,Customer reported battery failure; diagnosis completed.,631.54,222.71,partially_approved,2024-09-09,196.56,GHS,28,False
1315,43264,21920,2123,2,2024-07-11,transmission,Customer reported transmission failure; diagnosis completed.,,971.78,approved,2024-08-04,810.93,GHS,24,False
1316,7941,1169,9447,13,2025-06-30,engine,Customer reported engine failure; diagnosis completed.,774.34,774.34,approved,2025-06-30,722.19,GHS,0,False
1317,42090,9478,1941,6,2024-03-31,engine,Customer reported engine failure; diagnosis completed.,1596.11,1596.11,approved,2024-04-05,1446.82,GHS,5,False
1318,32006,19998,3992,4,2025-06-30,suspension,Customer reported suspension failure; diagnosis completed.,,0.00,denied,2025-06-30,0.00,GHS,0,False
1319,33101,22644,1228,3,2023-08-22,suspension,Customer reported suspension failure; diagnosis completed.,2664.29,0.00,denied,2023-09-12,0.00,GHS,21,False
1320,36190,14124,2542,10,2024-01-16,infotainment,Customer reported infotainment failure; diagnosis completed.,403.87,403.87,approved,2024-01-30,362.35,GHS,14,False
1321,37575,11129,12773,15,2024-09-04,engine,Customer reported engine failure; diagnosis completed.,685.90,685.90,approved,2024-09-13,625.19,GHS,9,False
1322,14541,13953,5863,12,2025-06-30,body_hardware,Customer reported body hardware failure; diagnosis completed.,773.87,773.87,approved,2025-06-30,684.26,GHS,0,False
1323,28593,10967,17770,3,2025-04-01,suspension,Customer reported suspension failure; diagnosis completed.,2898.69,1043.78,partially_approved,2025-04-04,893.75,GHS,3,False
1324,33812,15140,12434,3,2024-12-31,electrical,Customer reported electrical failure; diagnosis completed.,10799.01,10799.01,approved,2025-01-07,9821.11,GHS,7,False
1325,42835,3870,5106,1,2025-03-21,body_hardware,Customer reported body hardware failure; diagnosis completed.,1378.66,0.00,denied,2025-04-02,0.00,GHS,12,False
1326,9393,161,2443,3,2023-05-28,transmission,Customer reported transmission failure; diagnosis completed.,631.15,631.15,approved,2023-07-06,539.42,GHS,39,False
1327,25388,22567,16795,11,2025-05-12,battery,Customer reported battery failure; diagnosis completed.,2409.24,2409.24,approved,2025-06-10,2094.50,GHS,29,False
1328,28740,11340,11326,2,2025-06-30,transmission,Customer reported transmission failure; diagnosis completed.,1257.00,0.00,denied,2025-06-30,0.00,GHS,0,False
1329,4989,17995,5766,10,2024-04-12,suspension,Customer reported suspension failure; diagnosis completed.,1776.61,1776.61,approved,2024-04-18,1482.89,GHS,6,False
1330,25296,9994,6725,10,2024-04-18,body_hardware,Customer reported body hardware failure; diagnosis completed.,449.05,449.05,approved,2024-05-05,423.98,GHS,17,False
1331,14753,19487,5480,4,2025-06-30,infotainment,Customer reported infotainment failure; diagnosis completed.,,0.00,denied,2025-06-30,0.00,GHS,0,False
1332,18098,9516,9948,7,2025-06-30,electrical,Customer reported electrical failure; diagnosis completed.,3315.45,3315.45,approved,2025-06-30,3023.08,GHS,0,False
1333,31051,2193,10082,12,2024-08-18,battery,Customer reported battery failure; diagnosis completed.,1336.84,1336.84,approved,2024-09-05,1326.23,GHS,18,False
1334,26088,14391,719,4,2024-09-15,electrical,Customer reported electrical failure; diagnosis completed.,2254.84,2254.84,approved,2024-09-23,2100.10,GHS,8,False
1335,4899,13156,13897,8,2025-02-14,transmission,Customer reported transmission failure; diagnosis completed.,787.29,787.29,approved,2025-03-14,708.23,GHS,28,False
1336,13669,23244,15001,1,2025-05-04,electrical,Customer reported electrical failure; diagnosis completed.,472.08,0.00,denied,2025-05-18,0.00,GHS,14,False
1337,29965,17001,6275,1,2024-04-22,engine,Customer reported engine failure; diagnosis completed.,1302.22,1302.22,approved,2024-04-28,1106.79,GHS,6,False
1338,12927,22488,10579,15,2025-06-30,battery,Customer reported battery failure; diagnosis completed.,674.50,674.50,approved,2025-06-30,654.12,GHS,0,False
1339,23118,19663,10272,6,2024-08-11,battery,Customer reported battery failure; diagnosis completed.,3034.39,3034.39,approved,2024-09-15,2588.11,GHS,35,False
1340,4593,2108,9310,10,2024-08-04,infotainment,Customer reported infotainment failure; diagnosis completed.,1037.64,0.00,denied,2024-08-28,0.00,GHS,24,False
1341,9792,6552,12161,3,2024-10-14,body_hardware,Customer reported body hardware failure; diagnosis completed.,831.85,831.85,approved,2024-10-21,820.74,GHS,7,False
1342,15618,5963,4931,15,2023-10-27,suspension,Customer reported suspension failure; diagnosis completed.,1953.60,1953.60,approved,2023-11-04,1666.54,GHS,8,False
1343,8381,17008,2122,5,2024-05-02,suspension,Customer reported suspension failure; diagnosis completed.,1177.38,-1177.38,approved,2024-05-09,1072.01,GHS,7,False
1344,24659,22411,1317,8,2024-09-24,electrical,Customer reported electrical failure; diagnosis completed.,2385.88,2385.88,approved,2024-10-07,2126.84,GHS,13,False
1345,22491,13230,5170,7,2025-03-01,battery,Customer reported battery failure; diagnosis completed.,1748.69,1748.69,approved,2025-03-28,1548.88,GHS,27,False
1346,19548,23308,6253,15,2024-08-20,electrical,Customer reported electrical failure; diagnosis completed.,792.68,792.68,approved,2024-09-12,766.81,GHS,23,True
1347,1584,17133,9817,12,2024-12-16,electrical,Customer reported electrical failure; diagnosis completed.,957.03,0.00,denied,2025-01-04,0.00,GHS,19,False
1348,21643,12124,1364,15,2024-04-09,battery,Customer reported battery failure; diagnosis completed.,1820.90,1820.90,approved,2024-05-16,1812.96,GHS,37,False
1349,16429,5770,8124,9,2024-04-29,electrical,Customer reported electrical failure; diagnosis completed.,1934.43,1333.47,partially_approved,2024-05-15,1322.96,GHS,16,False
1350,1002,19854,11086,2,2025-06-30,battery,Customer reported battery failure; diagnosis completed.,3158.69,0.00,denied,2025-06-30,0.00,GHS,0,False
1351,21398,2038,19680,15,2025-06-30,electrical,Customer reported electrical failure; diagnosis completed.,360.38,152.20,partially_approved,2025-06-30,144.77,GHS,0,False
1352,10179,19391,8015,1,2025-03-13,body_hardware,Customer reported body hardware failure; diagnosis completed.,4027.01,4027.01,approved,2025-03-24,3764.09,GHS,11,False
1353,27894,14908,9482,1,2024-04-05,battery,Customer reported battery failure; diagnosis completed.,2937.03,2937.03,approved,2024-05-03,2412.64,GHS,28,False
1354,6076,17584,14621,7,2025-06-30,infotainment,Customer reported infotainment failure; diagnosis completed.,896.75,896.75,approved,2025-06-30,862.17,GHS,0,False
1355,3723,5223,9080,14,2025-06-15,electrical,Customer reported electrical failure; diagnosis completed.,745.38,0.00,denied,2025-06-25,0.00,GHS,10,True
1356,37126,20162,15355,11,2025-06-30,electrical,Customer reported electrical failure; diagnosis completed.,906.93,906.93,approved,2025-06-30,827.03,GHS,0,False
1357,1342,23003,6444,6,2024-03-12,electrical,Customer reported electrical failure; diagnosis completed.,936.57,936.57,approved,2024-03-26,864.30,GHS,14,False
1358,16507,19250,2329,11,2023-05-16,engine,Customer reported engine failure; diagnosis completed.,678.30,678.30,approved,2023-05-26,656.12,GHS,10,False
1359,31875,4673,659,11,2025-05-29,electrical,Customer reported electrical failure; diagnosis completed.,2492.25,2492.25,approved,2025-06-13,2126.19,GHS,15,True
1360,5998,20401,913,1,2023-12-19,suspension,Customer reported suspension failure; diagnosis completed.,1182.80,756.10,partially_approved,2024-01-12,720.96,GHS,24,False
1361,22353,2728,10932,8,2024-09-10,transmission,Customer reported transmission failure; diagnosis completed.,1363.49,1363.49,approved,2024-09-28,1234.50,GHS,18,False
1362,47636,8502,1522,5,2024-11-25,electrical,Customer reported electrical failure; diagnosis completed.,2444.86,2444.86,approved,2024-12-18,2145.69,GHS,23,False
1363,39615,3561,9624,6,2024-06-16,engine,Customer reported engine failure; diagnosis completed.,2971.72,2971.72,approved,2024-07-09,2664.12,GHS,23,False
1364,221,12454,14362,11,2025-06-30,electrical,Customer reported electrical failure; diagnosis completed.,1609.74,1609.74,approved,2025-06-30,1560.24,GHS,0,False
1365,8939,3184,4461,3,2024-07-07,battery,Customer reported battery failure; diagnosis completed.,1600.91,1600.91,approved,2024-07-30,1544.01,GHS,23,True
1366,41830,9487,13546,1,2025-06-03,electrical,Customer reported electrical failure; diagnosis completed.,515.62,515.62,approved,2025-06-25,488.47,GHS,22,False
1367,25906,14040,1585,1,2023-11-10,suspension,Customer reported suspension failure; diagnosis completed.,1546.01,1546.01,approved,2023-11-19,1484.03,GHS,9,False
1368,32698,2802,2469,7,2025-06-30,suspension,Customer reported suspension failure; diagnosis completed.,786.75,786.75,approved,2025-06-30,749.40,GHS,0,False
1369,41569,451,5788,7,2024-09-23,transmission,Customer reported transmission failure; diagnosis completed.,1056.95,1056.95,approved,2024-10-25,897.14,GHS,32,False
1370,2198,7613,6879,9,2025-01-18,engine,Customer reported engine failure; diagnosis completed.,997.58,997.58,approved,2025-01-30,844.24,GHS,12,False
1371,41428,14454,5073,2,2023-12-25,infotainment,Customer reported infotainment failure; diagnosis completed.,915.22,0.00,denied,2024-01-16,0.00,GHS,22,False
1372,28940,12623,3913,1,2024-04-27,electrical,Customer reported electrical failure; diagnosis completed.,11366.01,11366.01,approved,2024-05-11,10931.51,GHS,14,False
1373,41849,15177,1869,4,2024-03-08,suspension,Customer reported suspension failure; diagnosis completed.,717.87,717.87,approved,2024-03-15,646.34,GHS,7,False
1374,3293,19337,4204,1,2025-05-12,body_hardware,Customer reported body hardware failure; diagnosis completed.,10151.67,4204.63,partially_approved,2025-06-01,3494.70,GHS,20,False
1375,35584,10936,14876,8,2025-05-05,electrical,Customer reported electrical failure; diagnosis completed.,547.46,547.46,approved,2025-05-11,492.49,GHS,6,True
1376,41976,7238,3716,10,2025-06-30,battery,Customer reported battery failure; diagnosis completed.,4957.69,4957.69,approved,2025-06-30,4824.65,GHS,0,False
1377,89,19625,9848,1,2024-04-21,infotainment,Customer reported infotainment failure; diagnosis completed.,,493.72,approved,2024-05-11,478.58,GHS,20,False
1378,19701,2790,13372,4,2024-11-14,transmission,,716.04,716.04,approved,2024-12-01,699.75,GHS,17,False
1379,292,19998,3992,2,2023-11-16,battery,Customer reported battery failure; diagnosis completed.,3244.56,3244.56,approved,2023-12-26,2852.15,GHS,40,False
1380,10824,10945,13794,1,2025-06-30,engine,Customer reported engine failure; diagnosis completed.,882.00,545.95,partially_approved,2025-06-30,466.38,GHS,0,False
1381,24150,20292,5528,2,2024-06-25,suspension,Customer reported suspension failure; diagnosis completed.,1035.02,375.49,partially_approved,2024-07-10,364.86,GHS,15,False
1382,14475,18473,17982,1,2025-04-11,transmission,Customer reported transmission failure; diagnosis completed.,2032.14,1166.24,partially_approved,2025-05-22,1047.96,GHS,41,False
1383,7950,11805,8697,7,2024-06-01,suspension,Customer reported suspension failure; diagnosis completed.,1775.15,1775.15,approved,2024-06-15,1485.55,GHS,14,False
1384,43777,2717,12845,9,2025-05-26,battery,Customer reported battery failure; diagnosis completed.,2342.54,2342.54,approved,2025-06-30,2225.97,GHS,35,False
1385,8737,5558,11052,9,2024-09-15,engine,Customer reported engine failure; diagnosis completed.,1334.89,1334.89,approved,2024-09-27,1285.61,GHS,12,False
1386,15167,19693,7723,8,2025-06-30,electrical,Customer reported electrical failure; diagnosis completed.,1057.25,1057.25,approved,2025-06-30,888.24,GHS,0,False
1387,34881,6446,13610,10,2025-06-30,engine,Customer reported engine failure; diagnosis completed.,5170.82,5170.82,approved,2025-06-30,4589.45,GHS,0,False
1388,27655,18036,2502,15,2024-12-18,battery,Customer reported battery failure; diagnosis completed.,383.66,0.00,denied,2025-01-22,0.00,GHS,35,False
1389,2766,10669,15400,11,2025-06-30,transmission,Customer reported transmission failure; diagnosis completed.,679.52,462.33,partially_approved,2025-06-30,438.14,GHS,0,False
1390,11435,5618,10494,4,2025-06-30,electrical,Customer reported electrical failure; diagnosis completed.,1821.01,1821.01,approved,2025-06-30,1777.89,GHS,0,False
1391,46707,24812,9446,1,2025-04-30,electrical,Customer reported electrical failure; diagnosis completed.,1805.11,1805.11,approved,2025-05-06,1800.95,GHS,6,False
1392,4845,8033,6292,14,2024-05-12,body_hardware,Customer reported body hardware failure; diagnosis completed.,784.11,784.11,approved,2024-06-03,687.93,GHS,22,False
1393,47768,16597,7791,5,2025-03-31,suspension,Customer reported suspension failure; diagnosis completed.,1538.83,1538.83,approved,2025-04-23,1432.90,GHS,23,False
1394,45622,7723,1445,4,2023-06-20,body_hardware,Customer reported body hardware failure; diagnosis completed.,626.19,626.19,approved,2023-07-12,604.73,GHS,22,False
1395,4695,3348,254,2,2024-09-26,electrical,Customer reported electrical failure; diagnosis completed.,2129.08,1598.59,partially_approved,2024-10-07,1534.65,GHS,11,False
1396,11759,15263,6241,5,2024-07-07,engine,Customer reported engine failure; diagnosis completed.,1724.77,0.00,denied,2024-07-10,0.00,GHS,3,False
1397,6209,21954,6851,13,2023-12-27,infotainment,Customer reported infotainment failure; diagnosis completed.,1243.04,805.65,partially_approved,2024-01-12,759.65,GHS,16,False
1398,12235,23178,7361,6,2024-04-07,transmission,Customer reported transmission failure; diagnosis completed.,20595.65,20595.65,approved,2024-05-14,20357.68,GHS,37,False
1399,37187,2664,7692,2,2025-06-30,body_hardware,Customer reported body hardware failure; diagnosis completed.,1207.28,1207.28,approved,2025-06-30,1021.18,GHS,0,False
1400,8273,9798,9583,5,2024-06-27,electrical,Customer reported electrical failure; diagnosis completed.,792.96,571.53,partially_approved,2024-07-10,501.62,GHS,13,False
1401,36572,3503,13900,8,2025-06-30,electrical,Customer reported electrical failure; diagnosis completed.,915.74,915.74,approved,2025-06-30,845.13,GHS,0,False
1402,37951,5986,7511,1,2024-07-05,electrical,Customer reported electrical failure; diagnosis completed.,791.97,310.04,partially_approved,2024-07-28,259.62,GHS,23,False
1403,22977,12948,734,5,2023-03-07,battery,Customer reported battery failure; diagnosis completed.,1209.11,0.00,denied,2023-04-14,0.00,GHS,38,False
1404,43550,5823,743,2,2024-11-21,infotainment,Customer reported infotainment failure; diagnosis completed.,3351.55,3351.55,approved,2024-11-24,3119.17,GHS,3,False
1405,32076,4822,6566,1,2024-03-23,infotainment,Customer reported infotainment failure; diagnosis completed.,808.33,808.33,approved,2024-03-26,758.69,GHS,3,False
1406,39770,6937,16123,11,2025-06-30,transmission,Customer reported transmission failure; diagnosis completed.,666.76,0.00,denied,2025-06-30,0.00,GHS,0,True
1407,14993,8921,6804,8,2025-06-30,transmission,Customer reported transmission failure; diagnosis completed.,755.11,0.00,denied,2025-06-30,0.00,GHS,0,False
1408,46053,1345,12330,4,2024-08-10,electrical,Customer reported electrical failure; diagnosis completed.,2183.56,2183.56,approved,2024-08-15,2099.15,GHS,5,False
1409,7009,8996,3774,1,2024-10-07,transmission,Customer reported transmission failure; diagnosis completed.,3260.33,3260.33,approved,2024-11-11,2727.35,GHS,35,False
1410,5418,22926,6062,12,2024-04-18,infotainment,Customer reported infotainment failure; diagnosis completed.,688.37,688.37,approved,2024-05-03,666.95,GHS,15,False
1411,9506,2743,9379,8,2025-01-14,transmission,Customer reported transmission failure; diagnosis completed.,639.05,639.05,approved,2025-02-03,578.64,GHS,20,False
1412,4703,11931,5478,1,2025-04-12,infotainment,Customer reported infotainment failure; diagnosis completed.,3300.80,3300.80,approved,2025-05-01,3040.96,GHS,19,False
1413,30929,14039,714,8,2023-11-19,suspension,Customer reported suspension failure; diagnosis completed.,3416.36,3416.36,approved,2023-12-05,3337.23,GHS,16,False
1414,40347,14944,7261,9,2025-06-30,body_hardware,Customer reported body hardware failure; diagnosis completed.,1703.54,1703.54,approved,2025-06-30,1398.42,GHS,0,False
1415,18593,1804,3624,10,2023-09-24,battery,Customer reported battery failure; diagnosis completed.,657.63,0.00,denied,2023-11-02,0.00,GHS,39,False
1416,47185,19117,1867,9,2025-06-30,engine,Customer reported engine failure; diagnosis completed.,364.18,364.18,approved,2025-06-30,354.58,GHS,0,False
1417,34486,4715,2716,5,2024-07-02,engine,Customer reported engine failure; diagnosis completed.,405.77,405.77,approved,2024-07-05,362.12,GHS,3,False
1418,36218,19445,8675,15,2024-02-29,transmission,Customer reported transmission failure; diagnosis completed.,805.08,805.08,approved,2024-03-31,770.49,GHS,31,False
1419,13003,2361,5404,7,2024-10-14,transmission,Customer reported transmission failure; diagnosis completed.,2298.48,1184.04,partially_approved,2024-11-21,1021.27,GHS,38,False
1420,9192,8211,3925,4,2023-10-21,electrical,Customer reported electrical failure; diagnosis completed.,3386.75,3386.75,approved,2023-11-05,2956.11,GHS,15,False
1421,8377,17494,7814,4,2024-02-22,battery,Customer reported battery failure; diagnosis completed.,807.53,807.53,approved,2024-04-02,767.31,GHS,40,False
1422,8023,21228,6311,7,2024-02-29,electrical,Customer reported electrical failure; diagnosis completed.,628.67,628.67,approved,2024-03-11,582.86,GHS,11,False
1423,33356,21659,2141,5,2025-06-30,battery,Customer reported battery failure; diagnosis completed.,1777.68,1777.68,approved,2025-06-30,1720.77,GHS,0,False
1424,14348,10460,13688,1,2025-06-30,battery,Customer reported battery failure; diagnosis completed.,2422.00,1169.87,partially_approved,2025-06-30,1092.56,GHS,0,False
1425,32755,95,721,3,2023-12-02,battery,Customer reported battery failure; diagnosis completed.,1058.73,1058.73,approved,2024-01-06,899.19,GHS,35,False
1426,22098,8012,3456,1,2025-04-30,engine,Customer reported engine failure; diagnosis completed.,1693.24,1693.24,approved,2025-05-16,1504.04,GHS,16,False
1427,12777,6,10911,1,2025-01-11,battery,Customer reported battery failure; diagnosis completed.,1126.03,0.00,denied,2025-02-15,0.00,GHS,35,False
1428,40815,5594,8361,2,2025-01-12,engine,Customer reported engine failure; diagnosis completed.,627.63,627.63,approved,2025-01-15,516.15,GHS,3,False
1429,532,24654,4284,3,2023-09-19,engine,Customer reported engine failure; diagnosis completed.,1400.76,528.93,partially_approved,2023-10-11,528.91,GHS,22,False
1430,7166,22710,9488,14,2025-06-30,electrical,Customer reported electrical failure; diagnosis completed.,5469.79,0.00,denied,2025-06-30,0.00,GHS,0,False
1431,45361,8693,8197,2,2025-02-16,battery,Customer reported battery failure; diagnosis completed.,744.85,744.85,approved,2025-03-27,661.96,GHS,39,False
1432,46990,6097,1201,2,2023-03-29,engine,Customer reported engine failure; diagnosis completed.,957.35,0.00,denied,2023-04-20,0.00,GHS,22,False
1433,19484,14934,4154,4,2024-08-30,battery,Customer reported battery failure; diagnosis completed.,896.03,896.03,approved,2024-09-18,850.25,GHS,19,False
1434,18029,11043,5052,5,2023-11-08,body_hardware,Customer reported body hardware failure; diagnosis completed.,609.18,609.18,approved,2023-11-17,602.21,GHS,9,False
1435,1422,23899,3412,2,2025-01-11,battery,Customer reported battery failure; diagnosis completed.,1828.55,1828.55,approved,2025-02-20,1808.77,GHS,40,False
1436,15151,14002,15616,2,2025-06-30,infotainment,Customer reported infotainment failure; diagnosis completed.,571.71,571.71,approved,2025-06-30,549.45,GHS,0,False
1437,8819,18002,3445,1,2024-04-14,engine,Customer reported engine failure; diagnosis completed.,1897.46,0.00,denied,2024-04-17,0.00,GHS,3,False
1438,15608,11706,16910,15,2025-03-29,infotainment,Customer reported infotainment failure; diagnosis completed.,3838.53,3838.53,approved,2025-04-09,3235.38,GHS,11,False
1439,40951,6984,18234,6,2025-06-30,electrical,Customer reported electrical failure; diagnosis completed.,3957.96,3957.96,approved,2025-06-30,3773.84,GHS,0,False
1440,39256,10377,19035,4,2025-06-30,electrical,Customer reported electrical failure; diagnosis completed.,4082.32,777.77,denied,2025-06-30,0.00,GHS,0,False
1441,9286,16614,12691,2,2024-12-19,electrical,Customer reported electrical failure; diagnosis completed.,4568.81,4568.81,approved,2024-12-29,4318.20,GHS,10,True
1442,25491,21082,6364,9,2025-06-30,electrical,Customer reported electrical failure; diagnosis completed.,1000.60,1000.60,approved,2025-06-30,967.99,GHS,0,False
1443,33928,11129,12773,5,2025-05-08,body_hardware,Customer reported body hardware failure; diagnosis completed.,932.47,932.47,approved,2025-05-17,798.49,GHS,9,False
1444,32243,14613,2609,2,2025-06-30,body_hardware,Customer reported body hardware failure; diagnosis completed.,690.71,1468.48,approved,2025-06-30,611.14,GHS,0,False
1445,26670,19007,6119,13,2024-09-23,transmission,Customer reported transmission failure; diagnosis completed.,634.28,634.28,approved,2024-10-25,555.12,GHS,32,True
1446,12778,2609,881,5,2024-03-24,suspension,Customer reported suspension failure; diagnosis completed.,2457.93,0.00,denied,2024-04-02,0.00,GHS,9,True
1447,33347,9850,3558,7,2025-05-18,electrical,Customer reported electrical failure; diagnosis completed.,611.68,286.50,partially_approved,2025-05-26,255.20,GHS,8,False
1448,18951,7909,1580,12,2023-10-09,body_hardware,Customer reported body hardware failure; diagnosis completed.,731.18,0.00,denied,2023-10-24,0.00,GHS,15,False
1449,46539,4488,16463,7,2025-06-30,transmission,Customer reported transmission failure; diagnosis completed.,3198.22,3198.22,approved,2025-06-30,2716.49,GHS,0,False
1450,23479,13521,13702,12,2025-06-30,infotainment,Customer reported infotainment failure; diagnosis completed.,2942.42,2942.42,approved,2025-06-30,2525.54,GHS,0,False
1451,37008,3809,17101,3,2025-06-30,body_hardware,Customer reported body hardware failure; diagnosis completed.,1188.15,1188.15,approved,2025-06-30,1135.73,GHS,0,False
1452,12848,14648,10245,3,2024-11-09,infotainment,Customer reported infotainment failure; diagnosis completed.,3500.68,0.00,denied,2024-11-25,0.00,GHS,16,False
1453,20606,21895,16233,13,2025-06-30,infotainment,Customer reported infotainment failure; diagnosis completed.,762.01,762.01,approved,2025-06-30,730.20,GHS,0,False
1454,21909,6726,7262,7,2024-10-07,battery,Customer reported battery failure; diagnosis completed.,1503.18,918.26,partially_approved,2024-11-11,908.49,GHS,35,False
1455,14104,16779,906,1,2024-02-12,infotainment,Customer reported infotainment failure; diagnosis completed.,978.52,978.52,approved,2024-02-15,900.23,GHS,3,False
1456,14778,19955,14728,11,2025-02-21,suspension,Customer reported suspension failure; diagnosis completed.,535.16,535.16,approved,2025-03-17,527.61,GHS,24,False
1457,15694,20793,5559,8,2024-07-30,infotainment,Customer reported infotainment failure; diagnosis completed.,2185.50,1369.70,partially_approved,2024-08-08,1277.31,GHS,9,False
1458,14184,1130,1183,5,2024-05-14,body_hardware,Customer reported body hardware failure; diagnosis completed.,2131.42,1323.61,approved,,1123.52,GHS,11,False
1459,46456,6383,3361,3,2025-03-01,engine,Customer reported engine failure; diagnosis completed.,814.59,814.59,approved,2025-03-16,782.43,GHS,15,False
1460,10862,4307,3315,14,2024-01-15,infotainment,Customer reported infotainment failure; diagnosis completed.,2696.39,2696.39,approved,2024-01-27,2305.93,GHS,12,True
1461,39181,23269,12169,5,2024-09-09,body_hardware,Customer reported body hardware failure; diagnosis completed.,593.22,0.00,denied,2024-09-14,0.00,GHS,5,False
1462,13484,14517,2109,6,2025-06-30,electrical,Customer reported electrical failure; diagnosis completed.,2374.75,2374.75,approved,2025-06-30,1993.50,GHS,0,False
1463,40176,9484,12428,2,2025-06-30,electrical,Customer reported electrical failure; diagnosis completed.,627.23,0.00,denied,2025-06-30,0.00,GHS,0,False
1464,22397,9798,9583,5,2025-06-30,engine,Customer reported engine failure; diagnosis completed.,1539.23,1539.23,approved,2025-06-30,1457.33,GHS,0,True
1465,39769,15409,7054,4,2024-02-11,suspension,Customer reported suspension failure; diagnosis completed.,699.93,699.93,approved,2024-02-16,580.15,GHS,5,False
1466,30637,11115,13343,1,2025-03-31,infotainment,Customer reported infotainment failure; diagnosis completed.,1007.15,1007.15,approved,2025-04-24,887.83,GHS,24,False
1467,17664,19213,7208,14,2024-04-01,engine,Customer reported engine failure; diagnosis completed.,1522.51,1522.51,approved,2024-04-23,1518.44,GHS,22,True
1468,20716,14160,801,1,2024-08-09,transmission,Customer reported transmission failure; diagnosis completed.,959.51,959.51,approved,2024-09-15,804.27,GHS,37,False
1469,41980,8672,5200,15,2024-12-26,engine,Customer reported engine failure; diagnosis completed.,1302.16,1302.16,approved,2025-01-17,1288.57,GHS,22,False
1470,16575,10044,13948,13,2025-03-21,transmission,Customer reported transmission failure; diagnosis completed.,2632.45,2632.45,approved,2025-04-10,2602.03,GHS,20,False
1471,9006,7099,5581,7,2024-04-12,electrical,Customer reported electrical failure; diagnosis completed.,676.10,676.10,approved,2024-04-17,601.83,GHS,5,False
1472,44307,22966,9407,15,2024-08-14,electrical,Customer reported electrical failure; diagnosis completed.,738.23,738.23,approved,2024-08-17,735.62,GHS,3,False
1473,24725,13528,9763,7,2025-04-02,suspension,Customer reported suspension failure; diagnosis completed.,1633.96,1633.96,approved,2025-04-22,1545.36,GHS,20,False
1474,2748,24475,20198,4,2025-06-30,infotainment,Customer reported infotainment failure; diagnosis completed.,1162.95,1162.95,approved,2025-06-30,1076.00,GHS,0,False
1475,39249,2310,13153,7,2025-01-12,battery,Customer reported battery failure; diagnosis completed.,2778.16,2778.16,approved,2025-01-29,2570.27,GHS,17,False
1476,1075,21536,12324,15,2025-06-30,engine,Customer reported engine failure; diagnosis completed.,816.95,816.95,approved,2025-06-30,760.38,GHS,0,True
1477,19903,9540,1204,4,2023-07-06,infotainment,Customer reported infotainment failure; diagnosis completed.,763.69,763.69,approved,2023-07-12,698.34,GHS,6,False
1478,29428,23559,15456,5,2025-06-24,infotainment,Customer reported infotainment failure; diagnosis completed.,1981.68,1981.68,approved,2025-06-30,1858.93,GHS,6,False
1479,40902,14973,8688,4,2025-06-30,engine,Customer reported engine failure; diagnosis completed.,1689.58,1689.58,approved,2025-06-30,1652.89,GHS,0,False
1480,41193,8409,1977,3,2024-12-11,transmission,Customer reported transmission failure; diagnosis completed.,1935.40,1935.40,approved,2025-01-22,1903.56,GHS,42,False
1481,38245,24969,5197,1,2023-11-24,engine,Customer reported engine failure; diagnosis completed.,2158.25,0.00,denied,2023-12-07,0.00,GHS,13,False
1482,36635,21007,6240,2,2024-10-05,engine,Customer reported engine failure; diagnosis completed.,477.39,477.39,approved,2024-10-28,471.08,GHS,23,True
1483,37190,10800,15625,4,2025-04-08,infotainment,Customer reported infotainment failure; diagnosis completed.,618.67,0.00,denied,2025-04-17,0.00,GHS,9,False
1484,36253,18194,6903,4,2024-08-02,electrical,Customer reported electrical failure; diagnosis completed.,358.14,-358.14,approved,2024-08-05,340.23,GHS,3,False
1485,38798,7528,2295,12,2024-10-02,engine,Customer reported engine failure; diagnosis completed.,795.07,795.07,approved,2024-10-08,683.39,GHS,6,False
1486,46078,16130,308,15,2023-11-28,engine,Customer reported engine failure; diagnosis completed.,561.61,0.00,denied,2023-12-22,0.00,GHS,24,False
1487,44447,18472,337,2,2024-10-20,engine,Customer reported engine failure; diagnosis completed.,464.12,464.12,approved,2024-11-04,405.27,GHS,15,False
1488,6552,1707,4402,3,2024-03-16,transmission,Customer reported transmission failure; diagnosis completed.,1316.33,1316.33,approved,2024-04-21,1234.11,GHS,36,False
1489,14794,9502,6950,12,2023-12-18,electrical,Customer reported electrical failure; diagnosis completed.,719.43,719.43,approved,2023-12-26,665.60,GHS,8,False
1490,21594,12183,2791,3,2025-04-30,electrical,Customer reported electrical failure; diagnosis completed.,940.99,626.25,partially_approved,2025-05-15,570.92,GHS,15,False
1491,7997,17368,6498,15,2024-08-30,infotainment,Customer reported infotainment failure; diagnosis completed.,1536.21,0.00,denied,2024-09-08,0.00,GHS,9,False
1492,14261,11133,4131,2,2024-04-06,electrical,Customer reported electrical failure; diagnosis completed.,663.85,663.85,approved,2024-04-16,588.67,GHS,10,False
1493,45780,12972,5597,10,2024-03-05,battery,Customer reported battery failure; diagnosis completed.,812.38,812.38,approved,2024-04-03,716.79,GHS,29,False
1494,35654,3524,793,1,2023-05-07,battery,Customer reported battery failure; diagnosis completed.,1021.40,1021.40,approved,2023-06-11,842.44,GHS,35,False
1495,9006,19695,5309,1,2023-10-07,electrical,Customer reported electrical failure; diagnosis completed.,1328.93,1328.93,approved,2023-10-12,1270.44,GHS,5,False
1496,7960,19161,11862,1,2025-06-30,electrical,Customer reported electrical failure; diagnosis completed.,489.87,0.00,denied,2025-06-30,0.00,GHS,0,False
1497,32266,4285,3163,15,2023-10-16,engine,Customer reported engine failure; diagnosis completed.,1055.80,1055.80,approved,2023-10-20,918.95,GHS,4,False
1498,9529,14193,3694,11,2023-10-01,transmission,Customer reported transmission failure; diagnosis completed.,1055.41,1055.41,approved,2023-11-01,968.55,GHS,31,False
1499,2435,15613,9213,5,2024-05-28,electrical,Customer reported electrical failure; diagnosis completed.,2744.20,1839.83,partially_approved,2024-06-18,1640.50,GHS,21,True
1500,15114,18537,15627,4,2025-06-30,engine,Customer reported engine failure; diagnosis completed.,3341.54,3341.54,approved,2025-06-30,2856.76,GHS,0,False
1501,40852,899,5175,13,2025-06-30,electrical,Customer reported electrical failure; diagnosis completed.,831.60,831.60,approved,2025-06-30,807.59,GHS,0,False
1502,22464,15444,10130,6,2024-08-30,suspension,Customer reported suspension failure; diagnosis completed.,4274.41,4274.41,approved,2024-09-09,4238.20,GHS,10,False
1503,46753,2796,19861,5,2025-06-30,electrical,Customer reported electrical failure; diagnosis completed.,1355.53,1355.53,approved,2025-06-30,1261.96,GHS,0,False
1504,40776,10059,18938,15,2025-06-30,suspension,Customer reported suspension failure; diagnosis completed.,10002.77,10002.77,approved,2025-06-30,9226.08,GHS,0,False
1505,8390,13804,4510,8,2023-09-01,infotainment,Customer reported infotainment failure; diagnosis completed.,795.45,795.45,approved,2023-09-11,674.04,GHS,10,False
1506,44765,6524,10992,15,2025-06-30,infotainment,Customer reported infotainment failure; diagnosis completed.,1838.41,1838.41,approved,2025-06-30,1585.66,GHS,0,False
1507,21053,24632,7265,6,2024-01-07,body_hardware,Customer reported body hardware failure; diagnosis completed.,480.74,480.74,approved,2024-01-16,465.92,GHS,9,False
1508,10453,21062,8756,3,2024-03-05,battery,Customer reported battery failure; diagnosis completed.,1016.90,1016.90,approved,2024-04-09,900.49,GHS,35,False
1509,9776,21039,9688,3,2025-06-30,engine,Customer reported engine failure; diagnosis completed.,386.59,386.59,approved,2025-06-30,346.60,GHS,0,False
1510,38235,16218,7858,3,2024-11-02,body_hardware,Customer reported body hardware failure; diagnosis completed.,4091.48,1461.08,partially_approved,2024-11-05,1433.39,GHS,3,False
1511,26367,16671,10349,7,2025-02-21,engine,Customer reported engine failure; diagnosis completed.,595.42,595.42,approved,2025-03-02,581.50,GHS,9,False
1512,13064,23889,2273,15,2024-03-29,electrical,Customer reported electrical failure; diagnosis completed.,3133.75,3133.75,approved,2024-04-14,2974.29,GHS,16,True
1513,45436,12818,6836,2,2025-05-13,engine,Customer reported engine failure; diagnosis completed.,615.83,615.83,approved,2025-05-26,554.82,GHS,13,False
1514,32071,2521,9236,5,2024-07-28,electrical,Customer reported electrical failure; diagnosis completed.,1431.97,1431.97,approved,2024-08-03,1361.54,GHS,6,False
1515,30035,4633,935,2,2023-10-14,transmission,Customer reported transmission failure; diagnosis completed.,917.83,0.00,denied,2023-11-08,0.00,GHS,25,False
1516,41115,12183,2791,2,2023-06-22,electrical,Customer reported electrical failure; diagnosis completed.,6464.11,6464.11,approved,2023-07-01,6427.63,GHS,9,False
1517,18037,24599,7175,6,2024-09-14,transmission,Customer reported transmission failure; diagnosis completed.,1309.01,0.00,denied,2024-10-20,0.00,GHS,36,False
1518,23243,21153,6210,6,2024-12-06,engine,Customer reported engine failure; diagnosis completed.,3990.19,3990.19,approved,2024-12-14,3324.60,GHS,8,False
1519,45741,24771,13842,6,2025-03-15,electrical,Customer reported electrical failure; diagnosis completed.,3985.64,3985.64,approved,2025-03-28,3342.68,GHS,13,False
1520,40596,4302,5015,3,2024-06-29,infotainment,Customer reported infotainment failure; diagnosis completed.,848.86,848.86,approved,2024-07-14,841.61,GHS,15,False
1521,20936,24718,10506,14,2025-06-30,suspension,Customer reported suspension failure; diagnosis completed.,617.36,617.36,approved,2025-06-30,572.79,GHS,0,False
1522,34985,23269,12169,5,2025-06-30,engine,Customer reported engine failure; diagnosis completed.,1649.43,1649.43,approved,2025-06-30,1588.63,GHS,0,False
1523,10992,23452,3471,6,2024-02-07,infotainment,Customer reported infotainment failure; diagnosis completed.,4876.60,2614.91,partially_approved,2024-03-02,2411.45,GHS,24,False
1524,8834,6037,6981,5,2024-06-30,engine,Customer reported engine failure; diagnosis completed.,1784.80,1784.80,approved,2024-07-18,1623.34,GHS,18,False
1525,35193,14324,2087,12,2025-06-30,body_hardware,Customer reported body hardware failure; diagnosis completed.,3152.52,3152.52,approved,2025-06-30,2630.92,GHS,0,False
1526,14272,16388,5659,5,2024-08-07,body_hardware,Customer reported body hardware failure; diagnosis completed.,1278.85,1278.85,approved,2024-08-15,1090.68,GHS,8,False
1527,26872,18714,12948,15,2024-10-27,engine,Customer reported engine failure; diagnosis completed.,1213.87,1213.87,approved,2024-11-07,1201.67,GHS,11,False
1528,38587,16275,1751,9,2023-11-25,infotainment,Customer reported infotainment failure; diagnosis completed.,1686.92,687.67,partially_approved,2023-11-30,632.46,GHS,5,False
1529,31733,22334,1289,6,2025-01-11,engine,Customer reported engine failure; diagnosis completed.,975.53,0.00,denied,2025-01-18,0.00,GHS,7,False
1530,12617,24935,13261,1,2025-05-05,battery,Customer reported battery failure; diagnosis completed.,831.96,831.96,approved,2025-06-09,707.06,GHS,35,False
1531,23911,8734,1475,3,2024-11-13,engine,Customer reported engine failure; diagnosis completed.,859.64,0.00,denied,2024-12-05,0.00,GHS,22,False
1532,45604,1640,1985,1,2025-01-25,electrical,Customer reported electrical failure; diagnosis completed.,1794.91,0.00,denied,2025-02-12,0.00,GHS,18,False
1533,10266,702,4472,9,2024-04-29,engine,Customer reported engine failure; diagnosis completed.,782.90,0.00,denied,2024-05-12,0.00,GHS,13,False
1534,10522,18775,10555,4,2025-06-24,body_hardware,Customer reported body hardware failure; diagnosis completed.,945.44,945.44,approved,2025-06-28,821.24,GHS,4,False
1535,35517,12699,5215,12,2025-02-15,transmission,Customer reported transmission failure; diagnosis completed.,659.45,659.45,approved,2025-03-17,589.21,GHS,30,False
1536,8566,16133,11013,2,2024-06-09,body_hardware,Customer reported body hardware failure; diagnosis completed.,764.78,294.94,partially_approved,2024-06-15,291.26,GHS,6,False
1537,27522,11839,1415,11,2023-06-13,body_hardware,Customer reported body hardware failure; diagnosis completed.,4857.49,4857.49,approved,2023-06-20,4186.37,GHS,7,False
1538,11117,7001,5495,1,2023-10-19,engine,Customer reported engine failure; diagnosis completed.,718.97,718.97,approved,2023-10-29,646.90,GHS,10,False
1539,1925,17475,15234,1,2024-12-15,suspension,Customer reported suspension failure; diagnosis completed.,916.13,916.13,approved,2024-12-31,782.03,GHS,16,False
1540,30451,689,12023,14,2025-01-09,electrical,Customer reported electrical failure; diagnosis completed.,470.97,470.97,approved,2025-01-18,454.17,GHS,9,True
1541,9572,8476,10387,4,2024-06-06,transmission,Customer reported transmission failure; diagnosis completed.,1567.82,915.79,partially_approved,2024-07-06,864.83,GHS,30,False
1542,15991,24073,8921,2,2025-01-25,suspension,Customer reported suspension failure; diagnosis completed.,7310.07,7310.07,approved,2025-02-15,6997.83,GHS,21,False
1543,24399,5486,15161,10,2025-01-14,battery,Customer reported battery failure; diagnosis completed.,2599.53,0.00,denied,2025-02-16,0.00,GHS,33,False
1544,45824,24350,10271,13,2024-05-10,suspension,Customer reported suspension failure; diagnosis completed.,1120.34,1120.34,approved,2024-05-25,1020.06,GHS,15,False
1545,36550,24519,4856,5,2025-06-30,engine,Customer reported engine failure; diagnosis completed.,1419.38,559.10,partially_approved,2025-06-30,500.73,GHS,0,False
1546,43224,4373,16958,5,2025-06-20,engine,Customer reported engine failure; diagnosis completed.,2574.79,2574.79,approved,2025-06-30,2142.95,GHS,10,False
1547,15869,20882,10845,3,2024-10-23,engine,Customer reported engine failure; diagnosis completed.,1094.42,0.00,denied,2024-11-11,0.00,GHS,19,False
1548,22483,22966,9407,3,2024-06-28,electrical,Customer reported electrical failure; diagnosis completed.,654.37,654.37,approved,2024-07-09,559.79,GHS,11,False
1549,13895,19455,10300,15,2024-09-21,transmission,Customer reported transmission failure; diagnosis completed.,5039.41,5039.41,approved,2024-11-01,4185.70,GHS,41,True
1550,45197,19554,9757,11,2025-03-09,transmission,Customer reported transmission failure; diagnosis completed.,1424.59,0.00,denied,2025-04-18,0.00,GHS,40,False
1551,42694,10765,8260,14,2025-06-30,infotainment,Customer reported infotainment failure; diagnosis completed.,4895.41,4895.41,approved,2025-06-30,4338.83,GHS,0,False
1552,10856,20392,3820,5,2024-07-09,battery,Customer reported battery failure; diagnosis completed.,480.73,480.73,approved,2024-08-19,404.28,GHS,41,False
1553,26853,6922,19242,13,2025-06-30,suspension,Customer reported suspension failure; diagnosis completed.,1758.09,1758.09,approved,2025-06-30,1543.63,GHS,0,False
1554,22076,1620,169,2,2025-06-30,transmission,Customer reported transmission failure; diagnosis completed.,957.73,957.73,approved,2025-06-30,938.47,GHS,0,False
1555,23182,7077,3257,1,2024-03-17,suspension,Customer reported suspension failure; diagnosis completed.,1353.81,1353.81,approved,2024-04-09,1186.22,GHS,23,False
1556,28995,4341,3060,3,2025-06-13,battery,Customer reported battery failure; diagnosis completed.,3945.88,3945.88,approved,2025-06-30,3410.06,GHS,17,False
1557,28520,5178,6862,1,2024-09-06,transmission,Customer reported transmission failure; diagnosis completed.,906.92,0.00,denied,2024-10-15,0.00,GHS,39,False
1558,10364,18710,11492,3,2024-10-22,battery,Customer reported battery failure; diagnosis completed.,459.43,459.43,approved,2024-11-26,458.19,GHS,35,False
1559,36633,5799,16975,1,2025-06-30,infotainment,Customer reported infotainment failure; diagnosis completed.,550.72,550.72,approved,2025-06-30,510.22,GHS,0,False
1560,46611,3933,3487,4,2024-04-27,suspension,Customer reported suspension failure; diagnosis completed.,1038.86,1038.86,approved,2024-05-20,1023.21,GHS,23,True
1561,34876,11172,1622,1,2025-03-05,engine,Customer reported engine failure; diagnosis completed.,2684.75,2684.75,approved,2025-03-28,2532.81,GHS,23,False
1562,6838,13434,1082,2,2024-05-06,electrical,Customer reported electrical failure; diagnosis completed.,3284.41,3284.41,approved,2024-05-17,2858.61,GHS,11,False
1563,23073,20179,13140,5,2025-04-29,transmission,Customer reported transmission failure; diagnosis completed.,359.74,231.14,partially_approved,2025-06-16,229.82,GHS,48,False
1564,33176,392,8112,2,2024-08-02,electrical,Customer reported electrical failure; diagnosis completed.,1006.33,0.00,denied,2024-08-17,0.00,GHS,15,False
1565,41885,19731,15705,2,2025-01-05,suspension,Customer reported suspension failure; diagnosis completed.,1273.32,0.00,denied,2025-01-28,0.00,GHS,23,False
1566,13367,20339,4309,8,2023-09-30,engine,Customer reported engine failure; diagnosis completed.,374.88,374.88,approved,2023-10-05,360.20,GHS,5,False
1567,30442,14231,18709,2,2025-06-30,engine,Customer reported engine failure; diagnosis completed.,371.69,371.69,approved,2025-06-30,336.41,GHS,0,False
1568,45963,750,6264,12,2023-12-16,battery,Customer reported battery failure; diagnosis completed.,977.47,977.47,approved,2024-01-05,929.04,GHS,20,False
1569,16157,2091,16525,1,2025-03-30,infotainment,Customer reported infotainment failure; diagnosis completed.,6106.32,0.00,denied,2025-04-20,0.00,GHS,21,False
1570,44958,16825,2824,7,2023-12-24,suspension,Customer reported suspension failure; diagnosis completed.,492.70,336.48,partially_approved,2023-12-28,281.55,GHS,4,False
1571,44971,17738,32,1,2023-03-16,infotainment,Customer reported infotainment failure; diagnosis completed.,1866.75,799.59,partially_approved,2023-03-26,720.51,GHS,10,False
1572,47026,11121,150,6,2024-05-09,body_hardware,Customer reported body hardware failure; diagnosis completed.,1391.29,1391.29,approved,2024-05-29,1285.71,GHS,20,False
1573,173,19445,8675,3,2025-06-30,suspension,Customer reported suspension failure; diagnosis completed.,1919.60,1919.60,approved,2025-06-30,1637.06,GHS,0,False
1574,35538,6518,8637,10,2025-06-30,battery,Customer reported battery failure; diagnosis completed.,392.68,392.68,approved,2025-06-30,356.42,GHS,0,False
1575,32330,3498,7710,10,2024-08-18,engine,Customer reported engine failure; diagnosis completed.,4443.44,4443.44,approved,2024-09-03,3990.29,GHS,16,False
1576,46868,2119,3162,3,2024-03-30,engine,Customer reported engine failure; diagnosis completed.,683.89,683.89,approved,2024-04-22,609.18,GHS,23,False
1577,42462,17421,1901,7,2025-06-30,electrical,Customer reported electrical failure; diagnosis completed.,2689.04,2689.04,approved,2025-06-30,2621.05,GHS,0,False
1578,26237,17599,7914,2,2024-10-09,electrical,Customer reported electrical failure; diagnosis completed.,546.72,0.00,denied,2024-10-27,0.00,GHS,18,False
1579,2768,16310,4057,8,2025-01-26,body_hardware,Customer reported body hardware failure; diagnosis completed.,1710.69,0.00,denied,2025-02-17,0.00,GHS,22,False
1580,46946,827,12265,15,2025-06-30,body_hardware,Customer reported body hardware failure; diagnosis completed.,943.04,943.04,approved,2025-06-30,923.93,GHS,0,False
1581,39480,21691,5623,12,2025-06-30,electrical,Customer reported electrical failure; diagnosis completed.,2396.37,2396.37,approved,2025-06-30,2303.89,GHS,0,False
1582,15367,1479,1467,6,2024-07-10,transmission,Customer reported transmission failure; diagnosis completed.,4017.94,0.00,denied,2024-08-11,0.00,GHS,32,False
1583,11226,14003,19287,2,2025-06-30,engine,Customer reported engine failure; diagnosis completed.,763.27,0.00,denied,2025-06-30,0.00,GHS,0,False
1584,14723,19454,14913,15,2025-06-30,infotainment,Customer reported infotainment failure; diagnosis completed.,476.83,476.83,approved,2025-06-30,414.97,GHS,0,False
1585,45244,16608,16591,4,2025-06-30,electrical,Customer reported electrical failure; diagnosis completed.,389.46,0.00,denied,2025-06-30,0.00,GHS,0,False
1586,3636,8548,17,3,2024-11-09,suspension,Customer reported suspension failure; diagnosis completed.,2752.07,2752.07,approved,2024-11-17,2304.15,GHS,8,True
1587,31107,21541,968,7,2024-11-04,suspension,Customer reported suspension failure; diagnosis completed.,948.76,948.76,approved,2024-11-09,800.56,GHS,5,False
1588,21900,10425,520,3,2025-06-30,engine,Customer reported engine failure; diagnosis completed.,1965.22,0.00,denied,2025-06-30,0.00,GHS,0,False
1589,33455,21622,9686,8,2024-06-27,engine,Customer reported engine failure; diagnosis completed.,1008.75,1008.75,approved,2024-07-13,905.71,GHS,16,False
1590,40348,7464,8121,4,2024-06-20,battery,Customer reported battery failure; diagnosis completed.,785.96,785.96,approved,2024-08-02,704.19,GHS,43,False
1591,9935,9522,5470,7,2023-11-24,infotainment,Customer reported infotainment failure; diagnosis completed.,1402.67,1402.67,approved,2023-12-03,1165.44,GHS,9,False
1592,5831,16825,2824,4,2024-01-24,transmission,Customer reported transmission failure; diagnosis completed.,1261.37,1261.37,approved,2024-02-17,1243.82,GHS,24,False
1593,7639,20498,8232,2,2025-03-08,battery,Customer reported battery failure; diagnosis completed.,812.70,812.70,approved,2025-04-08,785.25,GHS,31,False
1594,45574,8098,2053,7,2025-03-28,electrical,Customer reported electrical failure; diagnosis completed.,674.79,674.79,approved,2025-04-09,608.90,GHS,12,True
1595,10212,15225,14649,4,2025-02-19,battery,Customer reported battery failure; diagnosis completed.,991.97,991.97,approved,2025-03-12,953.76,GHS,21,False
1596,34594,23740,10424,9,2025-06-30,suspension,Customer reported suspension failure; diagnosis completed.,948.48,948.48,approved,2025-06-30,863.64,GHS,0,False
1597,14416,23897,3367,10,2025-01-23,battery,Customer reported battery failure; diagnosis completed.,7438.52,7438.52,approved,2025-02-25,7256.76,GHS,33,False
1598,20980,18915,14176,1,2025-06-30,electrical,Customer reported electrical failure; diagnosis completed.,1139.62,1139.62,approved,2025-06-30,1080.43,GHS,0,False
1599,19146,10566,9518,3,2024-09-15,electrical,Customer reported electrical failure; diagnosis completed.,799.97,799.97,approved,2024-10-02,670.29,GHS,17,True
1600,12271,24970,10811,3,2024-12-25,suspension,Customer reported suspension failure; diagnosis completed.,661.29,661.29,approved,2024-12-28,586.54,GHS,3,False
1601,30343,5589,5616,15,2024-09-05,infotainment,Customer reported infotainment failure; diagnosis completed.,1319.72,1319.72,approved,2024-09-16,1214.16,GHS,11,False
1602,488,5186,4937,13,2024-12-09,battery,Customer reported battery failure; diagnosis completed.,651.35,0.00,denied,2025-01-20,0.00,GHS,42,False
1603,13811,21368,9664,2,2025-03-13,engine,Customer reported engine failure; diagnosis completed.,3709.36,0.00,denied,2025-03-18,0.00,GHS,5,False
1604,34250,15936,528,7,2024-04-10,battery,Customer reported battery failure; diagnosis completed.,1017.96,1017.96,approved,2024-05-19,996.03,GHS,39,False
1605,36362,12603,7126,1,2024-04-23,electrical,Customer reported electrical failure; diagnosis completed.,530.19,530.19,approved,2024-04-26,441.21,GHS,3,False
1606,27805,9109,9670,15,2024-09-05,electrical,Customer reported electrical failure; diagnosis completed.,537.22,537.22,approved,2024-09-17,440.74,GHS,12,False
1607,44556,4693,3649,5,2025-05-16,engine,Customer reported engine failure; diagnosis completed.,1388.83,1388.83,approved,2025-05-27,1214.30,GHS,11,False
1608,17234,9098,12764,15,2025-06-30,suspension,Customer reported suspension failure; diagnosis completed.,748.86,0.00,denied,2025-06-30,0.00,GHS,0,False
1609,13625,17553,10603,15,2025-06-30,suspension,Customer reported suspension failure; diagnosis completed.,2936.57,0.00,denied,2025-06-30,0.00,GHS,0,False
1610,40846,5014,5868,6,2024-12-25,transmission,Customer reported transmission failure; diagnosis completed.,898.34,898.34,approved,2025-02-04,804.48,GHS,41,False
1611,47002,6731,5070,7,2024-01-18,electrical,Customer reported electrical failure; diagnosis completed.,597.52,597.52,approved,2024-02-01,502.60,GHS,14,False
1612,18909,1827,3045,3,2024-02-04,infotainment,Customer reported infotainment failure; diagnosis completed.,4862.62,0.00,denied,2024-02-09,0.00,GHS,5,False
1613,33069,24467,361,6,2025-03-29,body_hardware,Customer reported body hardware failure; diagnosis completed.,1159.24,1159.24,approved,2025-04-15,1047.56,GHS,17,False
1614,322,21691,5623,7,2023-12-05,infotainment,Customer reported infotainment failure; diagnosis completed.,935.02,935.02,approved,2023-12-23,859.73,GHS,18,False
1615,3017,11502,10027,5,2024-11-02,engine,Customer reported engine failure; diagnosis completed.,570.08,570.08,approved,2024-11-06,553.24,GHS,4,False
1616,26476,20247,1926,6,2024-02-04,engine,Customer reported engine failure; diagnosis completed.,639.73,0.00,denied,2024-02-13,0.00,GHS,9,False
1617,11240,21784,2056,6,2023-11-07,electrical,Customer reported electrical failure; diagnosis completed.,1295.78,1295.78,approved,2023-11-24,1080.44,GHS,17,False
1618,17175,4002,13369,2,2024-12-14,electrical,Customer reported electrical failure; diagnosis completed.,1667.50,1667.50,approved,2025-01-01,1430.22,GHS,18,False
1619,18546,23306,1472,7,2025-03-20,engine,Customer reported engine failure; diagnosis completed.,3348.50,3348.50,approved,2025-04-13,2946.26,GHS,24,False
1620,31815,13908,8930,13,2025-06-30,infotainment,Customer reported infotainment failure; diagnosis completed.,298.90,298.90,approved,2025-06-30,263.22,GHS,0,False
1621,45070,22616,72,15,2025-02-08,suspension,Customer reported suspension failure; diagnosis completed.,2373.84,2373.84,approved,2025-02-26,2255.44,GHS,18,True
1622,14055,9333,7379,10,2025-06-30,infotainment,Customer reported infotainment failure; diagnosis completed.,459.93,0.00,denied,2025-06-30,0.00,GHS,0,False
1623,27165,17494,7814,15,2024-08-30,electrical,Customer reported electrical failure; diagnosis completed.,3463.14,3463.14,approved,2024-09-05,2956.56,GHS,6,False
1624,14438,21520,7933,1,2024-04-21,electrical,Customer reported electrical failure; diagnosis completed.,2215.69,2215.69,approved,2024-05-01,2061.50,GHS,10,False
1625,7146,13384,10774,4,2024-11-17,suspension,Customer reported suspension failure; diagnosis completed.,1469.60,0.00,denied,2024-11-28,0.00,GHS,11,False
1626,9045,24419,6690,3,2024-03-02,engine,Customer reported engine failure; diagnosis completed.,1531.10,1531.10,approved,2024-03-07,1307.63,GHS,5,False
1627,38679,6161,6621,1,2025-04-28,transmission,Customer reported transmission failure; diagnosis completed.,6207.84,6207.84,approved,2025-05-27,5912.10,GHS,29,False
1628,27369,1319,6896,4,2023-12-19,engine,Customer reported engine failure; diagnosis completed.,920.30,920.30,approved,2024-01-10,776.68,GHS,22,False
1629,35223,11755,13821,3,2025-06-30,infotainment,Customer reported infotainment failure; diagnosis completed.,2378.30,2378.30,approved,2025-06-30,2004.16,GHS,0,True
1630,1994,887,2943,15,2025-05-25,suspension,Customer reported suspension failure; diagnosis completed.,1837.75,1837.75,approved,2025-06-13,1702.47,GHS,19,True
1631,20556,4532,6434,5,2024-11-09,engine,Customer reported engine failure; diagnosis completed.,4735.96,4735.96,approved,2024-11-16,4066.93,GHS,7,False
1632,18733,5413,17597,2,2025-06-16,body_hardware,Customer reported body hardware failure; diagnosis completed.,1036.23,1036.23,approved,2025-06-30,978.22,GHS,14,False
1633,40098,22371,13373,12,2025-06-30,battery,Customer reported battery failure; diagnosis completed.,451.98,451.98,approved,2025-06-30,448.19,GHS,0,False
1634,44301,15272,12393,5,2025-05-21,transmission,Customer reported transmission failure; diagnosis completed.,951.90,951.90,approved,2025-06-24,858.55,GHS,34,False
1635,9681,10615,16929,2,2025-03-28,battery,Customer reported battery failure; diagnosis completed.,931.37,931.37,approved,2025-04-27,769.25,GHS,30,True
1636,34400,8315,775,4,2024-02-12,engine,Customer reported engine failure; diagnosis completed.,914.37,0.00,denied,2024-02-27,0.00,GHS,15,True
1637,9130,19295,14341,1,2025-06-30,electrical,Customer reported electrical failure; diagnosis completed.,2410.40,2410.40,approved,2025-06-30,2241.36,GHS,0,False
1638,17843,242,4706,6,2023-09-23,infotainment,Customer reported infotainment failure; diagnosis completed.,635.14,635.14,approved,2023-09-30,551.12,GHS,7,False
1639,38146,17820,7363,6,2024-10-13,battery,Customer reported battery failure; diagnosis completed.,2102.50,1100.10,partially_approved,2024-11-14,1048.59,GHS,32,False
1640,3864,13776,5122,8,2025-01-13,engine,Customer reported engine failure; diagnosis completed.,758.52,758.52,approved,2025-01-23,694.06,GHS,10,False
1641,45968,694,6908,10,2024-08-01,engine,Customer reported engine failure; diagnosis completed.,523.69,523.69,approved,2024-08-21,466.24,GHS,20,False
1642,10376,23905,5400,3,2024-07-05,electrical,Customer reported electrical failure; diagnosis completed.,1124.17,1124.17,approved,2024-07-21,1010.19,GHS,16,False
1643,7522,17195,4692,5,2023-10-18,electrical,Customer reported electrical failure; diagnosis completed.,856.53,856.53,approved,2023-10-21,788.23,GHS,3,False
1644,47669,9838,2199,2,2025-01-14,engine,Customer reported engine failure; diagnosis completed.,2153.23,2153.23,approved,2025-01-31,1883.03,GHS,17,False
1645,20883,21027,6938,4,2025-05-08,transmission,Customer reported transmission failure; diagnosis completed.,743.48,0.00,denied,2025-06-17,0.00,GHS,40,False
1646,29254,694,6908,11,2024-01-03,electrical,Customer reported electrical failure; diagnosis completed.,629.63,406.24,partially_approved,2024-01-11,384.48,GHS,8,False
1647,30159,7198,17341,10,2025-06-30,engine,Customer reported engine failure; diagnosis completed.,1184.64,1962.41,approved,2025-06-30,1161.29,GHS,0,False
1648,15605,12042,8094,2,2024-09-12,engine,Customer reported engine failure; diagnosis completed.,612.87,612.87,approved,2024-09-23,593.65,GHS,11,False
1649,2769,2871,14707,3,2025-05-04,body_hardware,Customer reported body hardware failure; diagnosis completed.,6805.35,6805.35,approved,2025-05-26,6454.81,GHS,22,False
1650,17755,18324,1393,6,2024-04-13,suspension,Customer reported suspension failure; diagnosis completed.,489.09,489.09,approved,2024-05-05,404.27,GHS,22,False
1651,17063,10581,9954,2,2024-04-27,suspension,Customer reported suspension failure; diagnosis completed.,638.63,638.63,approved,2024-05-21,625.75,GHS,24,False
1652,6887,21208,3946,1,2025-06-30,transmission,Customer reported transmission failure; diagnosis completed.,1097.73,1097.73,approved,2025-06-30,1000.50,GHS,0,False
1653,829,2916,5969,12,2024-06-14,electrical,Customer reported electrical failure; diagnosis completed.,2224.43,0.00,denied,2024-06-28,0.00,GHS,14,False
1654,27633,9222,12753,11,2024-09-16,infotainment,Customer reported infotainment failure; diagnosis completed.,3227.03,3227.03,approved,2024-09-21,2782.80,GHS,5,False
1655,39998,948,13485,11,2024-10-06,engine,Customer reported engine failure; diagnosis completed.,1463.44,1463.44,approved,2024-10-14,1228.95,GHS,8,False
1656,27236,7133,8577,4,2025-01-17,battery,Customer reported battery failure; diagnosis completed.,1317.50,1317.50,approved,2025-02-19,1238.00,GHS,33,False
1657,12054,21724,583,13,2025-06-30,suspension,Customer reported suspension failure; diagnosis completed.,5765.51,5765.51,approved,2025-06-30,4731.31,GHS,0,False
1658,7711,12601,2959,4,2023-06-18,electrical,Customer reported electrical failure; diagnosis completed.,4509.16,4509.16,approved,2023-06-24,3763.26,GHS,6,False
1659,30453,22805,426,9,2024-12-14,infotainment,Customer reported infotainment failure; diagnosis completed.,1181.83,1181.83,approved,2025-01-04,989.49,GHS,21,False
1660,11817,1154,4375,1,2024-11-03,transmission,Customer reported transmission failure; diagnosis completed.,1207.96,1207.96,approved,2024-12-22,1145.74,GHS,49,False
1661,24390,2729,8471,3,2024-04-28,body_hardware,Customer reported body hardware failure; diagnosis completed.,954.14,712.59,partially_approved,2024-05-09,607.20,GHS,11,True
1662,44913,1535,8033,5,2025-01-27,electrical,Customer reported electrical failure; diagnosis completed.,1352.44,1352.44,approved,2025-02-01,1329.20,GHS,5,False
1663,42877,8377,14801,5,2025-04-20,transmission,Customer reported transmission failure; diagnosis completed.,654.44,0.00,denied,2025-05-18,0.00,GHS,28,False
1664,15433,17202,922,4,2024-07-17,suspension,Customer reported suspension failure; diagnosis completed.,623.63,623.63,approved,2024-07-27,542.94,GHS,10,False
1665,42847,15146,14432,15,2025-06-30,body_hardware,Customer reported body hardware failure; diagnosis completed.,6481.14,6481.14,approved,2025-06-30,6244.85,GHS,0,False
1666,22080,18768,3877,7,2024-02-01,transmission,Customer reported transmission failure; diagnosis completed.,2154.57,906.07,partially_approved,2024-03-12,855.60,GHS,40,False
1667,31611,24918,172,4,2024-11-15,engine,Customer reported engine failure; diagnosis completed.,1614.44,1614.44,approved,2024-12-02,1491.13,GHS,17,False
1668,38758,1072,10456,6,2024-08-24,suspension,Customer reported suspension failure; diagnosis completed.,2524.94,2524.94,approved,2024-09-03,2524.20,GHS,10,False
1669,25092,1375,8316,7,2024-02-16,electrical,Customer reported electrical failure; diagnosis completed.,777.28,0.00,denied,2024-03-04,0.00,GHS,17,False
1670,31548,9947,16629,2,2025-06-30,electrical,Customer reported electrical failure; diagnosis completed.,2846.88,2846.88,approved,2025-06-30,2380.05,GHS,0,False
1671,26736,23193,3872,14,2024-09-23,suspension,Customer reported suspension failure; diagnosis completed.,1098.50,1098.50,approved,2024-10-12,1077.50,GHS,19,True
1672,40239,20393,10720,1,2025-05-28,infotainment,Customer reported infotainment failure; diagnosis completed.,440.49,0.00,denied,2025-06-17,0.00,GHS,20,True
1673,6385,3992,7026,9,2025-01-10,electrical,Customer reported electrical failure; diagnosis completed.,443.35,443.35,approved,2025-01-15,392.94,GHS,5,True
1674,14066,15861,11650,12,2025-04-30,electrical,Customer reported electrical failure; diagnosis completed.,905.12,905.12,approved,2025-05-13,887.52,GHS,13,False
1675,21315,8937,8336,15,2025-01-30,infotainment,Customer reported infotainment failure; diagnosis completed.,1343.91,1343.91,approved,2025-02-05,1285.58,GHS,6,False
1676,20768,13545,1040,12,2023-08-22,infotainment,Customer reported infotainment failure; diagnosis completed.,957.28,434.22,partially_approved,2023-09-02,413.70,GHS,11,False
1677,17646,13464,8643,8,2024-10-06,transmission,Customer reported transmission failure; diagnosis completed.,661.97,436.32,partially_approved,2024-11-16,397.81,GHS,41,False
1678,25152,2409,7062,1,2025-06-30,engine,Customer reported engine failure; diagnosis completed.,2881.10,0.00,denied,2025-06-30,0.00,GHS,0,False
1679,42449,23482,13846,14,2025-06-30,electrical,Customer reported electrical failure; diagnosis completed.,2299.22,0.00,denied,2025-06-30,0.00,GHS,0,False
1680,4388,18742,13331,5,2025-06-30,transmission,Customer reported transmission failure; diagnosis completed.,787.70,787.70,approved,2025-06-30,681.65,GHS,0,False
1681,32155,18123,13095,6,2024-10-25,electrical,Customer reported electrical failure; diagnosis completed.,1339.64,1339.64,approved,2024-10-30,1304.19,GHS,5,False
1682,33498,5286,973,5,2024-06-08,body_hardware,Customer reported body hardware failure; diagnosis completed.,766.26,0.00,denied,2024-06-20,0.00,GHS,12,False
1683,18534,14908,9482,15,2025-04-03,electrical,Customer reported electrical failure; diagnosis completed.,3494.19,3494.19,approved,2025-04-18,3052.03,GHS,15,True
1684,4881,5313,13243,13,2025-06-30,engine,Customer reported engine failure; diagnosis completed.,449.79,449.79,approved,2025-06-30,449.68,GHS,0,False
1685,39121,17144,3345,3,2023-11-03,transmission,Customer reported transmission failure; diagnosis completed.,480.41,0.00,denied,2023-11-30,0.00,GHS,27,False
1686,10472,7086,13002,4,2024-11-18,body_hardware,Customer reported body hardware failure; diagnosis completed.,379.30,237.34,partially_approved,2024-11-21,220.48,GHS,3,False
1687,12798,1752,16580,14,2025-06-30,transmission,Customer reported transmission failure; diagnosis completed.,1602.27,1602.27,approved,2025-06-30,1573.93,GHS,0,False
1688,37631,9070,5205,6,2023-10-03,electrical,Customer reported electrical failure; diagnosis completed.,2276.62,0.00,denied,2023-10-09,0.00,GHS,6,False
1689,34590,8740,3173,9,2024-04-14,transmission,Customer reported transmission failure; diagnosis completed.,682.20,682.20,approved,2024-05-30,604.79,GHS,46,False
1690,26913,13323,16357,1,2025-02-18,battery,Customer reported battery failure; diagnosis completed.,884.62,884.62,approved,2025-03-21,881.13,GHS,31,False
1691,42155,23720,1725,2,2025-06-30,body_hardware,Customer reported body hardware failure; diagnosis completed.,5825.49,5825.49,approved,2025-06-30,5391.35,GHS,0,False
1692,42572,13323,16357,5,2025-06-30,battery,Customer reported battery failure; diagnosis completed.,1393.32,1393.32,approved,2025-06-30,1341.05,GHS,0,False
1693,16968,24822,3395,5,2023-07-06,battery,Customer reported battery failure; diagnosis completed.,2117.98,2117.98,approved,2023-08-12,1865.71,GHS,37,True
1694,29341,15199,6922,1,2024-05-30,body_hardware,Customer reported body hardware failure; diagnosis completed.,2233.61,2233.61,approved,2024-06-08,1995.08,GHS,9,False
1695,4257,22035,12592,15,2025-06-30,body_hardware,Customer reported body hardware failure; diagnosis completed.,9116.58,0.00,denied,2025-06-30,0.00,GHS,0,False
1696,39293,10004,3000,5,2024-12-03,engine,Customer reported engine failure; diagnosis completed.,2726.30,1227.75,partially_approved,2024-12-26,1111.19,GHS,23,False
1697,45681,1394,4320,6,2024-11-28,body_hardware,Customer reported body hardware failure; diagnosis completed.,641.51,641.51,approved,2024-12-10,617.78,GHS,12,False
1698,23856,6523,5010,2,2024-12-06,electrical,Customer reported electrical failure; diagnosis completed.,1807.61,1807.61,approved,2024-12-18,1492.42,GHS,12,False
1699,17545,24757,5236,9,2024-11-01,battery,Customer reported battery failure; diagnosis completed.,1965.78,0.00,denied,2024-12-19,0.00,GHS,48,False
1700,8194,2059,9981,5,2024-06-28,body_hardware,Customer reported body hardware failure; diagnosis completed.,1410.92,1410.92,approved,2024-07-10,1291.10,GHS,12,False
1701,26597,3591,4804,1,2024-09-28,body_hardware,Customer reported body hardware failure; diagnosis completed.,912.85,0.00,denied,2024-10-13,0.00,GHS,15,False
1702,2738,17102,6769,11,2024-02-11,body_hardware,Customer reported body hardware failure; diagnosis completed.,2887.39,0.00,denied,2024-02-23,0.00,GHS,12,False
1703,23889,3752,8910,6,2025-05-04,electrical,Customer reported electrical failure; diagnosis completed.,7490.88,0.00,denied,2025-05-19,0.00,GHS,15,False
1704,25242,12735,1804,1,2024-10-16,electrical,Customer reported electrical failure; diagnosis completed.,530.18,530.18,approved,2024-10-20,444.69,GHS,4,False
1705,14829,2523,8075,4,2025-06-30,battery,Customer reported battery failure; diagnosis completed.,2797.42,2797.42,approved,,2626.11,GHS,0,False
1706,45445,9778,600,4,2023-11-18,electrical,Customer reported electrical failure; diagnosis completed.,4023.38,0.00,denied,2023-12-01,0.00,GHS,13,False
1707,23772,17814,11095,14,2025-06-30,suspension,Customer reported suspension failure; diagnosis completed.,2268.35,0.00,denied,2025-06-30,0.00,GHS,0,False
1708,16195,17625,8434,2,2024-08-10,engine,Customer reported engine failure; diagnosis completed.,2134.16,0.00,denied,2024-09-01,0.00,GHS,22,False
1709,40058,6679,5373,1,2025-06-30,infotainment,Customer reported infotainment failure; diagnosis completed.,8742.82,8742.82,approved,2025-06-30,8673.17,GHS,0,False
1710,41825,7128,1055,9,2025-06-30,infotainment,Customer reported infotainment failure; diagnosis completed.,1446.30,0.00,denied,2025-06-30,0.00,GHS,0,False
1711,22151,3225,328,5,2024-12-01,body_hardware,Customer reported body hardware failure; diagnosis completed.,775.86,775.86,approved,2024-12-17,690.55,GHS,16,False
1712,47325,8033,6292,4,2025-06-30,battery,Customer reported battery failure; diagnosis completed.,2685.28,0.00,denied,2025-06-30,0.00,GHS,0,False
1713,29557,19408,5963,5,2023-11-28,infotainment,Customer reported infotainment failure; diagnosis completed.,1338.46,637.03,partially_approved,2023-12-09,573.34,GHS,11,False
1714,161,17593,9037,8,2025-06-30,electrical,Customer reported electrical failure; diagnosis completed.,2376.84,2376.84,approved,2025-06-30,2315.35,GHS,0,False
1715,21247,12048,14053,15,2025-06-30,body_hardware,Customer reported body hardware failure; diagnosis completed.,426.15,426.15,approved,2025-06-30,398.59,GHS,0,False
1716,26107,6255,4006,6,2024-04-24,suspension,Customer reported suspension failure; diagnosis completed.,1401.46,954.14,partially_approved,2024-05-13,924.46,GHS,19,False
1717,5588,21544,10090,4,2025-06-30,body_hardware,Customer reported body hardware failure; diagnosis completed.,3983.80,2940.05,partially_approved,2025-06-30,2669.82,GHS,0,False
1718,119,20097,3119,10,2024-10-28,battery,Customer reported battery failure; diagnosis completed.,1310.28,1310.28,approved,2024-11-24,1187.55,GHS,27,False
1719,22717,23953,5686,12,2024-09-03,electrical,Customer reported electrical failure; diagnosis completed.,1822.86,1822.86,approved,2024-09-11,1706.47,GHS,8,True
1720,1375,5726,4610,2,2024-06-03,engine,Customer reported engine failure; diagnosis completed.,2608.19,1570.37,partially_approved,2024-06-21,1302.15,GHS,18,False
1721,7649,23752,11790,1,2025-03-02,engine,Customer reported engine failure; diagnosis completed.,958.28,613.96,partially_approved,2025-03-10,577.30,GHS,8,False
1722,19070,18949,4303,13,2024-05-21,infotainment,Customer reported infotainment failure; diagnosis completed.,582.35,582.35,approved,2024-06-08,520.44,GHS,18,False
1723,35231,23610,11175,5,2024-06-21,engine,Customer reported engine failure; diagnosis completed.,745.58,745.58,approved,2024-06-28,738.23,GHS,7,False
1724,23835,5854,10690,5,2024-05-28,battery,Customer reported battery failure; diagnosis completed.,930.45,930.45,approved,2024-07-05,766.90,GHS,38,False
1725,24060,2736,6605,14,2024-07-28,engine,Customer reported engine failure; diagnosis completed.,1008.36,0.00,denied,2024-08-04,0.00,GHS,7,False
1726,10889,9271,2462,1,2025-06-30,body_hardware,Customer reported body hardware failure; diagnosis completed.,5197.42,5197.42,approved,2025-06-30,4687.63,GHS,0,False
1727,44299,4045,13944,13,2025-05-28,battery,Customer reported battery failure; diagnosis completed.,2803.37,2803.37,approved,2025-06-14,2702.82,GHS,17,False
1728,10663,12906,13229,5,2025-06-30,engine,Customer reported engine failure; diagnosis completed.,1693.51,1693.51,approved,2025-06-30,1408.21,GHS,0,False
1729,47298,22113,590,6,2025-06-30,body_hardware,Customer reported body hardware failure; diagnosis completed.,617.09,617.09,approved,2025-06-30,543.91,GHS,0,False
1730,20698,5714,2478,2,2023-08-20,electrical,Customer reported electrical failure; diagnosis completed.,1377.98,1377.98,approved,2023-09-13,1265.15,GHS,24,False
1731,5380,158,7721,1,2024-04-21,electrical,Customer reported electrical failure; diagnosis completed.,1794.93,1794.93,approved,2024-05-02,1721.04,GHS,11,False
1732,38107,13353,17102,2,2025-03-07,electrical,Customer reported electrical failure; diagnosis completed.,1183.95,1183.95,approved,2025-03-31,1150.31,GHS,24,False
1733,8022,7710,3375,10,2024-06-20,suspension,Customer reported suspension failure; diagnosis completed.,1498.31,0.00,denied,2024-06-29,0.00,GHS,9,False
1734,9290,19591,1947,2,2024-08-09,engine,Customer reported engine failure; diagnosis completed.,746.50,746.50,approved,2024-08-22,660.63,GHS,13,False
1735,2375,9814,5506,3,2025-06-30,engine,Customer reported engine failure; diagnosis completed.,1919.39,0.00,denied,2025-06-30,0.00,GHS,0,False
1736,34068,24180,12300,14,2025-06-30,infotainment,Customer reported infotainment failure; diagnosis completed.,1968.83,1968.83,approved,2025-06-30,1917.48,GHS,0,False
1737,28684,18304,7975,11,2024-09-27,electrical,Customer reported electrical failure; diagnosis completed.,4111.40,1453.31,partially_approved,2024-09-30,1329.93,GHS,3,False
1738,26905,13304,16199,7,2025-06-21,body_hardware,Customer reported body hardware failure; diagnosis completed.,2067.16,2067.16,approved,2025-06-29,2008.72,GHS,8,False
1739,37932,14179,16868,8,2025-03-06,battery,Customer reported battery failure; diagnosis completed.,611.42,0.00,denied,2025-04-12,0.00,GHS,37,False
1740,20829,15467,4621,4,2024-07-14,suspension,Customer reported suspension failure; diagnosis completed.,754.61,754.61,approved,2024-08-05,731.98,GHS,22,False
1741,19707,6513,4282,6,2024-02-18,infotainment,Customer reported infotainment failure; diagnosis completed.,699.42,699.42,approved,2024-02-25,653.89,GHS,7,False
1742,8096,3870,5106,9,2023-12-16,suspension,Customer reported suspension failure; diagnosis completed.,689.68,0.00,denied,2023-12-24,0.00,GHS,8,False
1743,3276,21375,1970,12,2024-03-02,battery,Customer reported battery failure; diagnosis completed.,845.48,845.48,approved,2024-04-10,698.98,GHS,39,False
1744,45735,9169,6417,1,2024-12-31,engine,Customer reported engine failure; diagnosis completed.,678.35,416.25,partially_approved,2025-01-16,348.74,GHS,16,False
1745,4866,23523,907,12,2023-07-09,battery,Customer reported battery failure; diagnosis completed.,2987.01,2987.01,approved,2023-08-07,2841.50,GHS,29,False
1746,7340,11071,3507,8,2024-05-22,infotainment,Customer reported infotainment failure; diagnosis completed.,3968.61,0.00,denied,2024-06-14,0.00,GHS,23,False
1747,18505,1427,12744,1,2025-06-30,suspension,Customer reported suspension failure; diagnosis completed.,1830.14,1830.14,approved,2025-06-30,1614.51,GHS,0,False
1748,9372,12412,11792,5,2025-06-30,suspension,Customer reported suspension failure; diagnosis completed.,610.75,610.75,approved,2025-06-30,589.19,GHS,0,False
1749,37896,3983,10328,1,2024-09-24,transmission,Customer reported transmission failure; diagnosis completed.,716.55,716.55,approved,2024-10-17,669.75,GHS,23,False
1750,19888,14260,13122,8,2024-12-09,infotainment,Customer reported infotainment failure; diagnosis completed.,3732.37,0.00,denied,2024-12-14,0.00,GHS,5,True
1751,43195,9240,6195,3,2025-06-30,transmission,Customer reported transmission failure; diagnosis completed.,5669.12,5669.12,approved,2025-06-30,4823.56,GHS,0,False
1752,9006,5699,948,8,2024-06-04,infotainment,Customer reported infotainment failure; diagnosis completed.,446.81,241.45,partially_approved,2024-06-11,214.09,GHS,7,False
1753,45956,7916,1526,4,2025-05-27,electrical,Customer reported electrical failure; diagnosis completed.,1073.74,624.97,partially_approved,2025-06-10,595.21,GHS,14,False
1754,26270,13213,6843,4,2024-08-29,suspension,Customer reported suspension failure; diagnosis completed.,1008.37,0.00,denied,2024-09-06,0.00,GHS,8,False
1755,39858,22301,3841,2,2025-05-09,electrical,Customer reported electrical failure; diagnosis completed.,1029.22,510.17,partially_approved,2025-05-15,454.89,GHS,6,False
1756,21027,24254,6959,2,2023-12-20,infotainment,Customer reported infotainment failure; diagnosis completed.,2886.44,2886.44,approved,2024-01-05,2574.59,GHS,16,False
1757,34037,12914,4196,3,2024-10-26,body_hardware,Customer reported body hardware failure; diagnosis completed.,1066.34,1066.34,approved,2024-11-02,893.27,GHS,7,True
1758,9416,11035,2518,9,2023-08-01,transmission,Customer reported transmission failure; diagnosis completed.,1531.57,1531.57,approved,2023-09-10,1428.59,GHS,40,True
1759,40282,13061,10414,1,2024-09-03,electrical,Customer reported electrical failure; diagnosis completed.,914.19,0.00,denied,2024-09-06,0.00,GHS,3,False
1760,26933,1307,9882,13,2025-05-08,suspension,Customer reported suspension failure; diagnosis completed.,6024.24,6024.24,approved,2025-05-13,5520.78,GHS,5,False
1761,39312,4494,9728,5,2024-12-20,infotainment,Customer reported infotainment failure; diagnosis completed.,810.90,810.90,approved,2025-01-11,665.98,GHS,22,False
1762,33237,19631,8654,11,2024-11-16,electrical,Customer reported electrical failure; diagnosis completed.,3985.97,3985.97,approved,2024-11-27,3567.98,GHS,11,False
1763,32387,24541,14004,15,2024-11-26,infotainment,Customer reported infotainment failure; diagnosis completed.,1394.51,1394.51,approved,2024-12-17,1265.45,GHS,21,False
1764,14635,19169,13856,15,2024-11-02,engine,Customer reported engine failure; diagnosis completed.,3345.27,3345.27,approved,2024-11-19,2939.12,GHS,17,False
1765,4331,23884,10479,8,2025-04-10,suspension,Customer reported suspension failure; diagnosis completed.,828.22,0.00,denied,2025-04-16,0.00,GHS,6,False
1766,18017,21691,5623,4,2024-04-17,body_hardware,Customer reported body hardware failure; diagnosis completed.,2500.00,1451.75,partially_approved,2024-04-23,1197.85,GHS,6,False
1767,29090,1016,1169,15,2024-06-14,body_hardware,Customer reported body hardware failure; diagnosis completed.,1201.80,466.58,partially_approved,2024-06-28,418.47,GHS,14,False
1768,5563,24876,12120,3,2024-11-04,electrical,Customer reported electrical failure; diagnosis completed.,909.25,646.86,partially_approved,2024-11-25,602.26,GHS,21,False
1769,11618,19976,9199,7,2024-05-29,body_hardware,Customer reported body hardware failure; diagnosis completed.,922.40,922.40,approved,2024-06-01,810.16,GHS,3,False
1770,38904,18025,12331,8,2025-06-30,suspension,Customer reported suspension failure; diagnosis completed.,2202.09,2202.09,approved,2025-06-30,1868.60,GHS,0,False
1771,28183,14604,3767,9,2023-08-26,body_hardware,Customer reported body hardware failure; diagnosis completed.,820.97,596.86,partially_approved,2023-09-09,570.05,GHS,14,False
1772,32598,12700,4161,3,2025-06-30,electrical,Customer reported electrical failure; diagnosis completed.,1937.22,1937.22,approved,2025-06-30,1762.70,GHS,0,True
1773,4292,9257,3383,9,2025-01-23,battery,Customer reported battery failure; diagnosis completed.,744.96,744.96,approved,2025-03-02,667.08,GHS,38,False
1774,17585,7656,10427,4,2024-07-31,electrical,Customer reported electrical failure; diagnosis completed.,637.43,637.43,approved,2024-08-19,609.06,GHS,19,False
1775,24744,19161,11862,9,2024-10-16,suspension,Customer reported suspension failure; diagnosis completed.,588.99,588.99,approved,2024-11-08,501.93,GHS,23,False
1776,47483,14175,2788,4,2025-03-28,electrical,Customer reported electrical failure; diagnosis completed.,743.86,-743.86,approved,2025-04-14,653.31,GHS,17,False
1777,25991,21472,12419,6,2025-06-30,electrical,Customer reported electrical failure; diagnosis completed.,857.96,327.78,partially_approved,2025-06-30,322.94,GHS,0,False
1778,10004,13908,8930,2,2025-06-30,transmission,Customer reported transmission failure; diagnosis completed.,1741.46,0.00,denied,2025-06-30,0.00,GHS,0,False
1779,47980,21799,9292,2,2024-07-17,electrical,Customer reported electrical failure; diagnosis completed.,2880.97,1340.46,partially_approved,2024-08-08,1146.36,GHS,22,False
1780,45150,16736,5614,4,2024-12-28,engine,Customer reported engine failure; diagnosis completed.,512.19,512.19,approved,2025-01-20,427.57,GHS,23,False
1781,31775,16211,3741,4,2025-02-08,transmission,Customer reported transmission failure; diagnosis completed.,863.46,863.46,approved,2025-03-07,755.21,GHS,27,False
1782,783,13391,14673,5,2025-03-01,electrical,Customer reported electrical failure; diagnosis completed.,1828.73,1828.73,approved,2025-03-12,1688.85,GHS,11,False
1783,41821,13236,9453,13,2024-08-22,engine,Customer reported engine failure; diagnosis completed.,13256.15,13256.15,approved,2024-08-27,12364.01,GHS,5,False
1784,20113,14515,7433,3,2024-04-12,electrical,Customer reported electrical failure; diagnosis completed.,1311.32,1311.32,approved,2024-04-27,1195.57,GHS,15,True
1785,12211,15901,4305,2,2024-11-09,engine,Customer reported engine failure; diagnosis completed.,566.64,566.64,approved,2024-11-29,478.66,GHS,20,False
1786,18264,17293,11056,2,2024-07-13,electrical,Customer reported electrical failure; diagnosis completed.,2354.05,0.00,denied,2024-08-05,0.00,GHS,23,True
1787,27040,20878,17134,3,2025-05-13,body_hardware,Customer reported body hardware failure; diagnosis completed.,642.18,642.18,approved,2025-05-25,571.52,GHS,12,False
1788,8333,3588,5916,14,2024-12-27,body_hardware,Customer reported body hardware failure; diagnosis completed.,704.98,704.98,approved,2025-01-16,696.32,GHS,20,False
1789,27365,15843,9523,7,2024-12-16,engine,Customer reported engine failure; diagnosis completed.,1275.04,974.62,partially_approved,2025-01-09,938.59,GHS,24,False
1790,28779,23151,14074,15,2025-06-30,transmission,Customer reported transmission failure; diagnosis completed.,1179.01,1179.01,approved,2025-06-30,984.98,GHS,0,False
1791,11446,2473,6898,7,2024-09-15,infotainment,Customer reported infotainment failure; diagnosis completed.,4157.51,0.00,denied,2024-10-08,0.00,GHS,23,False
1792,5916,4528,4544,12,2023-09-02,engine,Customer reported engine failure; diagnosis completed.,914.92,914.92,approved,2023-09-13,831.59,GHS,11,False
1793,15025,3745,10241,1,2024-06-13,engine,Customer reported engine failure; diagnosis completed.,2634.91,2634.91,approved,2024-07-07,2204.51,GHS,24,False
1794,3937,20187,3804,15,2023-07-21,body_hardware,Customer reported body hardware failure; diagnosis completed.,1794.49,0.00,denied,2023-08-03,0.00,GHS,13,False
1795,33074,3029,5685,13,2024-11-18,infotainment,Customer reported infotainment failure; diagnosis completed.,570.79,570.79,approved,2024-11-25,502.91,GHS,7,False
1796,4882,22605,7901,2,2024-01-24,infotainment,Customer reported infotainment failure; diagnosis completed.,801.02,801.02,approved,2024-02-17,703.48,GHS,24,False
1797,20061,225,5872,2,2024-04-21,battery,Customer reported battery failure; diagnosis completed.,429.88,429.88,approved,2024-05-26,372.25,GHS,35,False
1798,21257,18785,4747,2,2024-11-25,transmission,Customer reported transmission failure; diagnosis completed.,2621.23,3399.00,approved,2024-12-24,2198.42,GHS,29,True
1799,7544,14595,7570,5,2025-04-03,infotainment,Customer reported infotainment failure; diagnosis completed.,700.57,700.57,approved,2025-04-19,656.11,GHS,16,False
1800,29050,4333,7560,6,2024-02-24,battery,Customer reported battery failure; diagnosis completed.,1082.58,1082.58,approved,2024-03-18,975.96,GHS,23,False
1801,43564,17435,3971,8,2023-10-12,body_hardware,Customer reported body hardware failure; diagnosis completed.,2540.55,2540.55,approved,2023-10-24,2358.87,GHS,12,False
1802,24789,18151,2442,8,2024-10-05,electrical,Customer reported electrical failure; diagnosis completed.,4734.28,3650.98,partially_approved,2024-10-19,3467.36,GHS,14,False
1803,25909,11984,7617,6,2024-07-20,infotainment,Customer reported infotainment failure; diagnosis completed.,1003.61,0.00,denied,2024-08-12,0.00,GHS,23,False
1804,5043,3965,2489,14,2025-06-30,engine,Customer reported engine failure; diagnosis completed.,900.12,900.12,approved,2025-06-30,748.42,GHS,0,False
1805,13388,20992,4575,2,2023-10-05,transmission,Customer reported transmission failure; diagnosis completed.,1526.94,1526.94,approved,2023-11-14,1325.91,GHS,40,False
1806,12061,6732,3924,2,2023-08-22,engine,Customer reported engine failure; diagnosis completed.,12180.38,12180.38,approved,2023-09-03,11927.41,GHS,12,False
1807,2251,14258,4880,3,2023-12-17,engine,Customer reported engine failure; diagnosis completed.,887.70,0.00,denied,2024-01-05,0.00,GHS,19,False
1808,24731,24514,12348,15,2024-11-18,transmission,Customer reported transmission failure; diagnosis completed.,706.14,706.14,approved,2024-12-25,678.33,GHS,37,False
1809,21743,9303,6046,5,2024-06-29,electrical,Customer reported electrical failure; diagnosis completed.,1055.86,0.00,denied,2024-07-13,0.00,GHS,14,False
1810,39348,8228,10128,14,2025-06-30,electrical,Customer reported electrical failure; diagnosis completed.,4909.15,0.00,denied,2025-06-30,0.00,GHS,0,False
1811,5778,7340,14730,10,2025-05-13,electrical,Customer reported electrical failure; diagnosis completed.,10036.04,7685.82,partially_approved,2025-05-24,6492.63,GHS,11,False
1812,41791,24556,11917,11,2024-10-27,electrical,Customer reported electrical failure; diagnosis completed.,2263.81,2263.81,approved,2024-10-31,1979.45,GHS,4,False
1813,8707,9813,5029,5,2023-11-13,infotainment,Customer reported infotainment failure; diagnosis completed.,883.73,883.73,approved,2023-11-24,797.89,GHS,11,False
1814,8595,24547,4349,13,2024-07-25,suspension,Customer reported suspension failure; diagnosis completed.,856.32,856.32,approved,2024-08-06,726.33,GHS,12,False
1815,7235,20404,6196,5,2024-04-30,infotainment,Customer reported infotainment failure; diagnosis completed.,411.63,0.00,denied,2024-05-21,0.00,GHS,21,False
1816,13398,2700,8995,4,2024-04-16,electrical,Customer reported electrical failure; diagnosis completed.,1133.94,0.00,denied,2024-04-25,0.00,GHS,9,False
1817,1940,20417,2480,13,2025-03-18,electrical,Customer reported electrical failure; diagnosis completed.,1036.30,1036.30,approved,2025-04-06,977.42,GHS,19,True
1818,1540,21849,10559,3,2024-05-30,infotainment,Customer reported infotainment failure; diagnosis completed.,5727.07,5727.07,approved,2024-06-07,5382.94,GHS,8,False
1819,40422,24809,8264,12,2024-06-21,transmission,Customer reported transmission failure; diagnosis completed.,2017.20,2017.20,approved,2024-07-26,1659.42,GHS,35,False
1820,19047,1274,5827,3,2024-03-17,electrical,Customer reported electrical failure; diagnosis completed.,622.65,622.65,approved,2024-03-21,511.78,GHS,4,False
1821,38962,5960,16312,15,2025-06-17,battery,Customer reported battery failure; diagnosis completed.,3011.90,3011.90,approved,2025-06-30,2892.04,GHS,13,False
1822,24218,2922,11276,2,2025-06-07,suspension,Customer reported suspension failure; diagnosis completed.,614.99,614.99,approved,2025-06-20,507.59,GHS,13,False
1823,16206,16906,8580,15,2025-04-30,engine,Customer reported engine failure; diagnosis completed.,830.06,830.06,approved,2025-05-19,687.85,GHS,19,False
1824,46016,11384,14587,6,2025-06-30,electrical,Customer reported electrical failure; diagnosis completed.,2618.34,2618.34,approved,2025-06-30,2563.76,GHS,0,True
1825,35411,12234,8397,2,2025-05-30,infotainment,Customer reported infotainment failure; diagnosis completed.,1040.45,0.00,denied,2025-06-11,0.00,GHS,12,False
1826,30911,1491,5041,1,2023-10-09,battery,Customer reported battery failure; diagnosis completed.,1064.97,489.68,partially_approved,2023-11-04,415.82,GHS,26,False
1827,33310,15077,14511,2,2024-11-17,suspension,Customer reported suspension failure; diagnosis completed.,1122.87,1122.87,approved,2024-11-27,1048.18,GHS,10,False
1828,25992,166,1956,8,2024-09-03,battery,Customer reported battery failure; diagnosis completed.,700.99,700.99,approved,2024-10-08,581.97,GHS,35,False
1829,9283,24649,11716,2,2025-06-30,suspension,Customer reported suspension failure; diagnosis completed.,6355.56,6355.56,approved,2025-06-30,6012.31,GHS,0,False
1830,11970,20187,3804,2,2023-10-13,suspension,Customer reported suspension failure; diagnosis completed.,641.79,641.79,approved,2023-11-02,619.64,GHS,20,False
1831,27432,22605,7901,10,2024-04-19,electrical,Customer reported electrical failure; diagnosis completed.,847.86,847.86,approved,2024-04-29,835.03,GHS,10,False
1832,13749,24767,9391,3,2024-11-02,transmission,Customer reported transmission failure; diagnosis completed.,1370.07,1370.07,approved,2024-12-04,1128.49,GHS,32,False
1833,47954,17728,4827,1,2024-05-09,engine,Customer reported engine failure; diagnosis completed.,962.88,0.00,denied,2024-05-21,0.00,GHS,12,True
1834,27514,5679,4624,4,2024-05-10,body_hardware,Customer reported body hardware failure; diagnosis completed.,1173.11,1173.11,approved,2024-05-26,963.96,GHS,16,True
1835,46468,20700,15675,14,2025-06-30,battery,Customer reported battery failure; diagnosis completed.,2142.18,0.00,denied,2025-06-30,0.00,GHS,0,False
1836,16275,8411,8762,4,2024-09-02,battery,,7713.64,7713.64,approved,2024-10-12,7346.12,GHS,40,False
1837,30032,24650,2602,9,2025-03-15,transmission,Customer reported transmission failure; diagnosis completed.,1390.60,1390.60,approved,2025-04-18,1349.66,GHS,34,False
1838,10361,15888,1474,1,2024-01-02,transmission,Customer reported transmission failure; diagnosis completed.,,438.75,approved,2024-02-05,374.84,GHS,34,True
1839,35879,7398,10213,15,2025-06-30,suspension,Customer reported suspension failure; diagnosis completed.,2244.02,0.00,denied,2025-06-30,0.00,GHS,0,False
1840,31832,20289,49,2,2023-06-22,electrical,Customer reported electrical failure; diagnosis completed.,1168.91,1168.91,approved,2023-07-08,996.38,GHS,16,False
1841,45433,21545,2371,6,2023-11-01,body_hardware,Customer reported body hardware failure; diagnosis completed.,898.71,898.71,approved,2023-11-18,773.32,GHS,17,False
1842,13604,8857,16497,12,2025-04-21,electrical,Customer reported electrical failure; diagnosis completed.,1085.28,1085.28,approved,2025-05-06,1001.34,GHS,15,False
1843,29430,10355,4031,3,2025-06-30,electrical,Customer reported electrical failure; diagnosis completed.,579.31,245.96,partially_approved,2025-06-30,211.98,GHS,0,False
1844,44559,12672,1029,15,2024-05-23,suspension,Customer reported suspension failure; diagnosis completed.,2036.72,2036.72,approved,2024-06-08,1757.96,GHS,16,False
1845,26191,24909,5024,7,2024-05-27,infotainment,Customer reported infotainment failure; diagnosis completed.,10290.37,0.00,denied,2024-06-17,0.00,GHS,21,True
1846,13226,7782,2079,12,2023-07-10,suspension,Customer reported suspension failure; diagnosis completed.,12916.94,0.00,denied,2023-07-20,0.00,GHS,10,False
1847,24908,24081,1044,5,2024-08-21,electrical,Customer reported electrical failure; diagnosis completed.,2668.81,2668.81,approved,2024-09-05,2626.68,GHS,15,False
1848,18315,17435,3971,10,2023-11-05,engine,Customer reported engine failure; diagnosis completed.,778.98,778.98,approved,2023-11-09,752.66,GHS,4,False
1849,43680,13242,11851,12,2024-11-08,battery,Customer reported battery failure; diagnosis completed.,1429.47,1429.47,approved,2024-12-16,1203.53,GHS,38,False
1850,17959,16778,4500,5,2024-01-11,suspension,Customer reported suspension failure; diagnosis completed.,1416.25,1416.25,approved,2024-02-03,1405.60,GHS,23,False
1851,46488,15269,7635,4,2024-01-12,suspension,Customer reported suspension failure; diagnosis completed.,764.88,764.88,approved,2024-01-21,761.97,GHS,9,False
1852,45934,3974,10323,9,2024-07-10,body_hardware,Customer reported body hardware failure; diagnosis completed.,1198.25,1198.25,approved,2024-07-20,989.35,GHS,10,False
1853,21552,21495,742,6,2023-03-31,suspension,Customer reported suspension failure; diagnosis completed.,2307.53,2307.53,approved,2023-04-21,1989.04,GHS,21,False
1854,2174,19384,802,6,2024-10-06,engine,Customer reported engine failure; diagnosis completed.,2120.62,949.33,partially_approved,2024-10-15,824.32,GHS,9,False
1855,5266,21891,3796,13,2024-03-02,battery,Customer reported battery failure; diagnosis completed.,626.52,0.00,denied,2024-03-29,0.00,GHS,27,False
1856,25220,18560,7840,4,2024-02-15,transmission,Customer reported transmission failure; diagnosis completed.,5467.89,5467.89,approved,2024-03-14,5304.03,GHS,28,True
1857,20919,11809,4155,2,2024-01-04,body_hardware,Customer reported body hardware failure; diagnosis completed.,906.74,906.74,approved,2024-01-09,795.03,GHS,5,False
1858,5264,19976,9199,7,2024-03-26,electrical,Customer reported electrical failure; diagnosis completed.,4871.76,4871.76,approved,2024-04-14,4217.80,GHS,19,True
1859,5613,24631,7486,8,2024-06-14,electrical,Customer reported electrical failure; diagnosis completed.,3106.15,0.00,approved,,0.00,GHS,3,False
1860,29773,10367,12033,4,2024-11-02,infotainment,Customer reported infotainment failure; diagnosis completed.,6125.39,6125.39,approved,2024-11-18,5846.32,GHS,16,False
1861,31346,3337,12564,2,2024-08-25,engine,Customer reported engine failure; diagnosis completed.,743.75,743.75,approved,2024-09-11,700.78,GHS,17,False
1862,26203,3791,3393,8,2023-07-11,electrical,Customer reported electrical failure; diagnosis completed.,960.11,0.00,denied,2023-07-19,0.00,GHS,8,True
1863,1954,23306,1472,1,2025-01-09,infotainment,Customer reported infotainment failure; diagnosis completed.,1322.32,742.74,partially_approved,2025-01-26,741.45,GHS,17,False
1864,39589,18060,5817,15,2024-03-26,transmission,Customer reported transmission failure; diagnosis completed.,1651.12,1651.12,approved,2024-04-27,1572.39,GHS,32,False
1865,34237,2827,2690,7,2025-01-28,transmission,Customer reported transmission failure; diagnosis completed.,915.83,915.83,approved,2025-03-10,752.73,GHS,41,False
1866,45759,14609,7189,11,2025-06-30,engine,Customer reported engine failure; diagnosis completed.,662.52,0.00,denied,2025-06-30,0.00,GHS,0,False
1867,296,10480,3202,15,2024-01-14,infotainment,Customer reported infotainment failure; diagnosis completed.,724.62,724.62,approved,2024-01-23,720.84,GHS,9,False
1868,40671,9159,11666,9,2024-10-26,electrical,Customer reported electrical failure; diagnosis completed.,2326.71,2326.71,approved,2024-11-13,2118.07,GHS,18,False
1869,16640,24950,11815,7,2024-07-17,suspension,Customer reported suspension failure; diagnosis completed.,545.60,0.00,denied,2024-07-24,0.00,GHS,7,False
1870,40084,12604,18307,3,2025-06-30,body_hardware,Customer reported body hardware failure; diagnosis completed.,1905.79,1905.79,approved,2025-06-30,1899.93,GHS,0,True
1871,12702,17864,12514,5,2024-09-23,electrical,Customer reported electrical failure; diagnosis completed.,4390.29,4390.29,approved,2024-10-12,4281.02,GHS,19,False
1872,39587,16740,4668,6,2024-08-17,engine,Customer reported engine failure; diagnosis completed.,861.10,861.10,approved,2024-08-31,716.07,GHS,14,True
1873,9476,10572,5610,15,2024-07-31,engine,Customer reported engine failure; diagnosis completed.,6350.98,6350.98,approved,2024-08-21,6091.45,GHS,21,False
1874,40468,23093,702,11,2023-12-15,battery,Customer reported battery failure; diagnosis completed.,543.48,543.48,approved,2024-01-21,506.50,GHS,37,False
1875,36487,8690,2719,1,2023-11-02,transmission,Customer reported transmission failure; diagnosis completed.,915.58,915.58,approved,2023-12-03,768.24,GHS,31,False
1876,8243,5620,2544,2,2023-05-25,infotainment,Customer reported infotainment failure; diagnosis completed.,1819.29,0.00,denied,2023-06-13,0.00,GHS,19,False
1877,36304,21851,6755,1,2024-08-01,engine,Customer reported engine failure; diagnosis completed.,890.88,890.88,approved,2024-08-24,822.77,GHS,23,False
1878,14546,2731,8662,13,2024-04-19,battery,Customer reported battery failure; diagnosis completed.,708.48,708.48,approved,2024-05-03,689.50,GHS,14,False
1879,39699,9061,8386,8,2024-12-31,transmission,Customer reported transmission failure; diagnosis completed.,2066.72,2066.72,approved,2025-02-05,1900.80,GHS,36,False
1880,34842,10875,12244,1,2024-10-02,infotainment,Customer reported infotainment failure; diagnosis completed.,2887.20,2887.20,approved,2024-10-19,2551.61,GHS,17,False
1881,6087,492,7772,11,2025-06-30,transmission,Customer reported transmission failure; diagnosis completed.,2604.49,2604.49,approved,2025-06-30,2195.99,GHS,0,False
1882,26206,24922,6056,13,2023-11-07,battery,Customer reported battery failure; diagnosis completed.,370.28,370.28,approved,2023-12-24,329.37,GHS,47,False
1883,25038,15993,1816,1,2024-11-30,engine,Customer reported engine failure; diagnosis completed.,1457.74,1457.74,approved,2024-12-21,1338.55,GHS,21,False
1884,41535,1166,4495,2,2024-01-27,battery,Customer reported battery failure; diagnosis completed.,1332.66,1332.66,approved,2024-02-22,1130.29,GHS,26,False
1885,26922,15296,2067,6,2023-05-06,electrical,Customer reported electrical failure; diagnosis completed.,336.18,336.18,approved,2023-05-11,289.50,GHS,5,False
1886,30605,1789,3684,4,2024-09-13,body_hardware,Customer reported body hardware failure; diagnosis completed.,799.44,0.00,denied,2024-09-29,0.00,GHS,16,False
1887,11638,12796,7382,7,2024-04-09,engine,Customer reported engine failure; diagnosis completed.,898.62,898.62,approved,2024-04-30,856.42,GHS,21,False
1888,39707,10644,7317,1,2025-04-20,electrical,Customer reported electrical failure; diagnosis completed.,827.68,0.00,denied,2025-05-01,0.00,GHS,11,False
1889,12740,9185,14059,4,2024-11-07,transmission,Customer reported transmission failure; diagnosis completed.,1931.08,1931.08,approved,2024-12-09,1929.42,GHS,32,False
1890,21915,14479,2352,5,2024-07-10,body_hardware,Customer reported body hardware failure; diagnosis completed.,914.63,914.63,approved,2024-07-28,818.89,GHS,18,False
1891,18730,16614,12691,3,2024-12-09,electrical,Customer reported electrical failure; diagnosis completed.,2162.58,941.32,partially_approved,2024-12-24,853.59,GHS,15,False
1892,34956,1545,5679,2,2025-05-09,transmission,Customer reported transmission failure; diagnosis completed.,1399.14,1399.14,approved,2025-06-01,1265.52,GHS,23,False
1893,9253,23826,11891,2,2024-07-24,electrical,Customer reported electrical failure; diagnosis completed.,4915.04,0.00,denied,2024-08-05,0.00,GHS,12,False
1894,21447,47,774,6,2024-06-09,electrical,Customer reported electrical failure; diagnosis completed.,776.48,776.48,approved,2024-06-16,734.72,GHS,7,False
1895,25911,6446,13610,2,2024-11-30,electrical,Customer reported electrical failure; diagnosis completed.,447.10,447.10,approved,2024-12-11,443.10,GHS,11,False
1896,31212,16002,11,10,2024-06-06,transmission,Customer reported transmission failure; diagnosis completed.,7490.09,0.00,denied,2024-07-16,0.00,GHS,40,False
1897,1849,20965,7316,9,2025-04-10,electrical,Customer reported electrical failure; diagnosis completed.,703.79,0.00,denied,2025-04-13,0.00,GHS,3,True
1898,41881,10791,3720,8,2024-08-20,infotainment,Customer reported infotainment failure; diagnosis completed.,1540.01,1540.01,approved,2024-09-07,1336.84,GHS,18,False
1899,36050,4623,8382,1,2025-01-13,engine,Customer reported engine failure; diagnosis completed.,6925.50,0.00,denied,2025-01-31,0.00,GHS,18,False
1900,22288,22036,15922,1,2025-06-30,transmission,Customer reported transmission failure; diagnosis completed.,1797.52,0.00,denied,2025-06-30,0.00,GHS,0,False
1901,9630,11612,6389,7,2024-09-16,battery,Customer reported battery failure; diagnosis completed.,584.26,0.00,denied,2024-11-01,0.00,GHS,46,False
1902,41,18228,6699,2,2025-03-18,battery,Customer reported battery failure; diagnosis completed.,2676.52,2676.52,approved,2025-05-04,2336.06,GHS,47,False
1903,39354,7167,1641,4,2023-06-13,suspension,Customer reported suspension failure; diagnosis completed.,684.75,684.75,approved,2023-06-17,637.67,GHS,4,False
1904,7962,21675,8876,7,2024-11-03,electrical,Customer reported electrical failure; diagnosis completed.,1100.80,1100.80,approved,2024-11-20,936.05,GHS,17,False
1905,8257,13929,12573,5,2025-06-30,electrical,Customer reported electrical failure; diagnosis completed.,2469.48,2469.48,approved,2025-06-30,2442.33,GHS,0,False
1906,28467,23804,9939,8,2024-12-19,electrical,Customer reported electrical failure; diagnosis completed.,1197.88,0.00,denied,2025-01-04,0.00,GHS,16,False
1907,33504,24425,189,5,2023-08-19,electrical,Customer reported electrical failure; diagnosis completed.,2879.07,0.00,denied,2023-09-06,0.00,GHS,18,False
1908,9148,6119,17276,5,2025-06-30,body_hardware,Customer reported body hardware failure; diagnosis completed.,1947.04,1947.04,approved,2025-06-30,1839.44,GHS,0,False
1909,17482,18345,12258,3,2025-05-19,electrical,Customer reported electrical failure; diagnosis completed.,845.35,845.35,approved,2025-05-25,739.61,GHS,6,False
1910,32978,15041,6535,8,2024-08-30,body_hardware,Customer reported body hardware failure; diagnosis completed.,997.33,526.95,partially_approved,2024-09-14,511.91,GHS,15,False
1911,44771,23990,765,15,2024-04-29,transmission,Customer reported transmission failure; diagnosis completed.,472.65,472.65,approved,2024-06-12,470.30,GHS,44,False
1912,13411,11886,11002,1,2024-08-24,electrical,Customer reported electrical failure; diagnosis completed.,553.00,316.63,partially_approved,2024-08-27,294.68,GHS,3,False
1913,43684,18094,2302,3,2023-10-24,battery,Customer reported battery failure; diagnosis completed.,1304.40,0.00,denied,2023-11-23,0.00,GHS,30,False
1914,13884,1601,692,7,2024-11-05,body_hardware,Customer reported body hardware failure; diagnosis completed.,2065.93,0.00,denied,2024-11-29,0.00,GHS,24,False
1915,11578,2821,3061,1,2025-06-30,electrical,Customer reported electrical failure; diagnosis completed.,1152.80,1152.80,approved,2025-06-30,1056.16,GHS,0,False
1916,32773,9146,4522,1,2025-04-27,engine,Customer reported engine failure; diagnosis completed.,4290.55,4290.55,approved,2025-05-15,4141.81,GHS,18,False
1917,46020,15134,3608,3,2024-04-18,body_hardware,Customer reported body hardware failure; diagnosis completed.,437.56,0.00,denied,2024-04-29,0.00,GHS,11,False
1918,40032,16945,9251,14,2024-12-07,electrical,Customer reported electrical failure; diagnosis completed.,908.12,908.12,approved,2024-12-20,767.47,GHS,13,False
1919,36580,15958,1488,10,2023-11-12,battery,Customer reported battery failure; diagnosis completed.,206.09,0.00,denied,2023-12-21,0.00,GHS,39,False
1920,37711,10580,10607,14,2025-06-30,electrical,Customer reported electrical failure; diagnosis completed.,1472.75,0.00,denied,2025-06-30,0.00,GHS,0,False
1921,38654,5569,6728,10,2024-04-29,suspension,Customer reported suspension failure; diagnosis completed.,1734.28,1734.28,approved,2024-05-08,1509.06,GHS,9,False
1922,45116,12276,1698,4,2024-12-01,engine,Customer reported engine failure; diagnosis completed.,1281.43,1281.43,approved,2024-12-07,1081.77,GHS,6,False
1923,24855,16295,15348,8,2025-06-30,battery,Customer reported battery failure; diagnosis completed.,6207.56,6207.56,approved,2025-06-30,6016.81,GHS,0,False
1924,7332,8632,1274,6,2025-06-30,engine,Customer reported engine failure; diagnosis completed.,870.80,870.80,approved,2025-06-30,772.30,GHS,0,False
1925,40051,18274,19048,6,2025-06-30,infotainment,Customer reported infotainment failure; diagnosis completed.,474.84,474.84,approved,2025-06-30,412.54,GHS,0,False
1926,13568,21903,6413,2,2024-04-24,transmission,Customer reported transmission failure; diagnosis completed.,865.86,0.00,denied,2024-05-31,0.00,GHS,37,False
1927,27330,24796,13776,15,2025-02-05,transmission,Customer reported transmission failure; diagnosis completed.,4471.20,4471.20,approved,2025-03-04,3867.62,GHS,27,False
1928,30974,1044,14721,12,2025-06-12,infotainment,Customer reported infotainment failure; diagnosis completed.,874.35,874.35,approved,2025-06-26,771.38,GHS,14,False
1929,14032,4715,2716,2,2023-09-04,electrical,Customer reported electrical failure; diagnosis completed.,13218.40,13218.40,approved,,12344.61,GHS,12,False
1930,8417,21701,1730,12,2025-06-30,body_hardware,Customer reported body hardware failure; diagnosis completed.,600.67,600.67,approved,2025-06-30,492.62,GHS,0,False
1931,36397,23576,1219,15,2025-01-15,transmission,Customer reported transmission failure; diagnosis completed.,762.38,0.00,denied,2025-03-04,0.00,GHS,48,False
1932,45327,20720,5815,10,2024-01-08,electrical,Customer reported electrical failure; diagnosis completed.,6998.97,6998.97,approved,2024-01-11,6479.70,GHS,3,False
1933,36679,21656,959,8,2024-07-05,suspension,Customer reported suspension failure; diagnosis completed.,5058.00,0.00,denied,2024-07-28,0.00,GHS,23,False
1934,5619,5971,18303,7,2025-06-30,body_hardware,Customer reported body hardware failure; diagnosis completed.,928.99,0.00,denied,2025-06-30,0.00,GHS,0,False
1935,2724,11362,95,1,2023-12-20,body_hardware,Customer reported body hardware failure; diagnosis completed.,449.11,0.00,denied,2024-01-07,0.00,GHS,18,False
1936,47057,16367,611,3,2025-02-22,battery,Customer reported battery failure; diagnosis completed.,641.21,641.21,approved,2025-04-01,595.50,GHS,38,False
1937,27111,4537,9181,15,2024-11-01,electrical,Customer reported electrical failure; diagnosis completed.,1663.59,1225.41,partially_approved,2024-11-17,1040.84,GHS,16,False
1938,3616,22599,5825,3,2025-06-30,suspension,Customer reported suspension failure; diagnosis completed.,982.47,982.47,approved,2025-06-30,882.11,GHS,0,False
1939,31907,18256,7557,8,2024-09-19,electrical,Customer reported electrical failure; diagnosis completed.,1624.01,1624.01,approved,2024-09-22,1502.25,GHS,3,False
1940,27801,20404,6196,9,2024-12-17,electrical,Customer reported electrical failure; diagnosis completed.,1009.03,1009.03,approved,2025-01-03,971.86,GHS,17,False
1941,42501,11748,10049,10,2025-06-30,transmission,Customer reported transmission failure; diagnosis completed.,1005.40,0.00,denied,2025-06-30,0.00,GHS,0,False
1942,19511,22812,7408,5,2024-01-15,transmission,Customer reported transmission failure; diagnosis completed.,746.41,0.00,denied,2024-02-26,0.00,GHS,42,False
1943,144,24692,19317,1,2025-05-30,engine,Customer reported engine failure; diagnosis completed.,1619.75,1619.75,approved,2025-06-09,1468.06,GHS,10,False
1944,32032,2730,5804,1,2025-06-30,engine,Customer reported engine failure; diagnosis completed.,2017.19,2017.19,approved,2025-06-30,1963.83,GHS,0,False
1945,21525,18089,7456,8,2024-03-06,engine,Customer reported engine failure; diagnosis completed.,1094.06,1094.06,approved,2024-03-20,1062.12,GHS,14,False
1946,799,19963,5080,15,2025-06-30,transmission,Customer reported transmission failure; diagnosis completed.,1357.10,1357.10,approved,2025-06-30,1128.48,GHS,0,False
1947,27674,13162,5225,9,2024-02-16,transmission,Customer reported transmission failure; diagnosis completed.,826.59,545.15,partially_approved,2024-03-27,449.76,GHS,40,True
1948,18726,13573,9240,5,2025-06-30,battery,Customer reported battery failure; diagnosis completed.,3569.68,0.00,denied,2025-06-30,0.00,GHS,0,False
1949,44262,13309,1591,15,2023-12-12,suspension,Customer reported suspension failure; diagnosis completed.,1912.65,1466.47,partially_approved,2023-12-23,1280.05,GHS,11,False
1950,12765,8300,2343,3,2023-05-13,electrical,Customer reported electrical failure; diagnosis completed.,1459.08,1459.08,approved,2023-05-19,1264.20,GHS,6,False
1951,38497,4994,5871,15,2023-10-30,transmission,Customer reported transmission failure; diagnosis completed.,908.79,0.00,denied,2023-12-14,0.00,GHS,45,False
1952,11108,23451,5269,11,2023-10-27,electrical,Customer reported electrical failure; diagnosis completed.,635.90,-635.90,approved,2023-11-03,621.88,GHS,7,False
1953,28667,8956,17087,10,2025-06-30,transmission,Customer reported transmission failure; diagnosis completed.,,5645.99,approved,2025-06-30,5628.64,GHS,0,False
1954,28983,8692,13767,1,2025-02-11,electrical,Customer reported electrical failure; diagnosis completed.,3698.08,3698.08,approved,2025-02-15,3644.48,GHS,4,False
1955,27191,4699,6570,5,2024-05-03,electrical,Customer reported electrical failure; diagnosis completed.,3475.82,3475.82,approved,2024-05-15,3092.47,GHS,12,False
1956,5706,8048,1077,6,2024-04-21,engine,Customer reported engine failure; diagnosis completed.,1648.62,795.85,partially_approved,2024-05-12,749.84,GHS,21,False
1957,32040,16826,14136,11,2024-11-04,infotainment,Customer reported infotainment failure; diagnosis completed.,341.36,0.00,denied,2024-11-19,0.00,GHS,15,False
1958,24650,23441,7708,15,2024-05-24,electrical,Customer reported electrical failure; diagnosis completed.,921.87,921.87,approved,2024-06-12,885.87,GHS,19,False
1959,27268,15856,9151,2,2025-06-30,infotainment,Customer reported infotainment failure; diagnosis completed.,4120.46,4120.46,approved,2025-06-30,3859.31,GHS,0,False
1960,724,17508,4298,11,2024-04-21,body_hardware,Customer reported body hardware failure; diagnosis completed.,2649.09,2649.09,approved,2024-04-27,2439.53,GHS,6,False
1961,25033,22891,13486,2,2025-04-15,infotainment,Customer reported infotainment failure; diagnosis completed.,596.35,596.35,approved,2025-04-23,589.37,GHS,8,False
1962,15686,3231,4047,5,2025-06-30,engine,Customer reported engine failure; diagnosis completed.,1394.68,1394.68,approved,2025-06-30,1323.76,GHS,0,True
1963,35197,23457,12018,3,2024-10-27,electrical,Customer reported electrical failure; diagnosis completed.,458.85,458.85,approved,2024-10-30,390.18,GHS,3,False
1964,69,6256,1776,1,2025-06-30,infotainment,Customer reported infotainment failure; diagnosis completed.,1198.52,889.68,partially_approved,2025-06-30,740.38,GHS,0,False
1965,8985,12990,8113,9,2024-04-24,engine,Customer reported engine failure; diagnosis completed.,3751.45,3751.45,approved,2024-05-12,3694.80,GHS,18,False
1966,16216,8050,11422,9,2024-08-06,electrical,Customer reported electrical failure; diagnosis completed.,610.15,0.00,denied,2024-08-09,0.00,GHS,3,False
1967,42331,18022,4264,1,2023-09-29,battery,Customer reported battery failure; diagnosis completed.,2048.76,1443.34,partially_approved,2023-11-13,1362.49,GHS,45,False
1968,1992,16904,12372,1,2025-02-04,electrical,Customer reported electrical failure; diagnosis completed.,1362.80,1362.80,approved,2025-02-15,1196.39,GHS,11,False
1969,30054,23616,14370,8,2025-06-30,transmission,Customer reported transmission failure; diagnosis completed.,968.01,968.01,approved,2025-06-30,958.24,GHS,0,False
1970,33427,11832,9519,3,2024-10-31,battery,Customer reported battery failure; diagnosis completed.,2508.65,2508.65,approved,2024-12-13,2061.32,GHS,43,False
1971,47925,948,13485,1,2025-05-03,battery,Customer reported battery failure; diagnosis completed.,678.32,424.64,partially_approved,2025-06-05,373.85,GHS,33,False
1972,7048,16165,2060,5,2023-12-26,transmission,Customer reported transmission failure; diagnosis completed.,340.02,0.00,denied,2024-01-29,0.00,GHS,34,False
1973,44114,23523,907,2,2023-12-25,body_hardware,Customer reported body hardware failure; diagnosis completed.,676.01,0.00,denied,2023-12-31,0.00,GHS,6,False
1974,7952,10772,792,6,2025-03-07,battery,Customer reported battery failure; diagnosis completed.,928.12,928.12,approved,2025-04-20,882.65,GHS,44,False
1975,40637,22301,3841,1,2024-12-28,electrical,Customer reported electrical failure; diagnosis completed.,1289.36,1289.36,approved,2025-01-03,1103.53,GHS,6,False
1976,26851,18700,464,3,2023-07-15,engine,Customer reported engine failure; diagnosis completed.,4630.84,2278.66,partially_approved,2023-07-18,2001.31,GHS,3,False
1977,15303,12077,6635,1,2025-06-30,suspension,Customer reported suspension failure; diagnosis completed.,1378.50,1378.50,approved,2025-06-30,1212.91,GHS,0,False
1978,29138,14432,18710,2,2025-06-30,battery,Customer reported battery failure; diagnosis completed.,4354.57,0.00,denied,2025-06-30,0.00,GHS,0,False
1979,3075,6227,13097,6,2025-03-12,infotainment,Customer reported infotainment failure; diagnosis completed.,1626.07,1626.07,approved,2025-03-25,1389.26,GHS,13,False
1980,11747,14454,5073,8,2024-07-05,electrical,Customer reported electrical failure; diagnosis completed.,300.19,211.77,partially_approved,2024-07-28,203.27,GHS,23,False
1981,44161,8711,257,9,2023-10-23,electrical,Customer reported electrical failure; diagnosis completed.,837.14,837.14,approved,2023-11-02,755.64,GHS,10,False
1982,8580,6517,1017,15,2023-06-27,suspension,Customer reported suspension failure; diagnosis completed.,1180.53,1180.53,approved,2023-07-07,983.28,GHS,10,False
1983,23231,24251,18728,3,2025-06-29,electrical,Customer reported electrical failure; diagnosis completed.,950.31,0.00,denied,2025-06-30,0.00,GHS,1,False
1984,12217,22316,9477,2,2025-03-19,engine,Customer reported engine failure; diagnosis completed.,587.57,0.00,denied,2025-03-22,0.00,GHS,3,False
1985,4757,16219,1886,7,2025-06-30,engine,Customer reported engine failure; diagnosis completed.,1583.28,1583.28,approved,2025-06-30,1426.69,GHS,0,False
1986,39784,17744,2334,5,2023-12-28,electrical,Customer reported electrical failure; diagnosis completed.,2542.86,1832.96,partially_approved,2024-01-01,1643.23,GHS,4,False
1987,897,5530,12863,10,2025-06-02,battery,Customer reported battery failure; diagnosis completed.,846.51,846.51,approved,2025-06-23,731.36,GHS,21,False
1988,41333,1320,12444,8,2025-06-02,electrical,Customer reported electrical failure; diagnosis completed.,2728.21,2728.21,approved,2025-06-07,2668.81,GHS,5,False
1989,22926,14108,239,8,2024-07-27,engine,Customer reported engine failure; diagnosis completed.,2243.19,2243.19,approved,2024-08-10,2014.22,GHS,14,False
1990,27867,15590,8391,10,2024-10-24,transmission,Customer reported transmission failure; diagnosis completed.,1274.03,0.00,denied,2024-11-26,0.00,GHS,33,False
1991,32264,7657,12622,3,2025-01-16,battery,Customer reported battery failure; diagnosis completed.,601.07,350.70,partially_approved,2025-02-25,309.98,GHS,40,False
1992,9082,20516,14563,6,2024-12-31,engine,Customer reported engine failure; diagnosis completed.,889.89,889.89,approved,2025-01-19,847.47,GHS,19,False
1993,3952,18706,8560,15,2024-05-04,transmission,Customer reported transmission failure; diagnosis completed.,982.88,982.88,approved,2024-05-31,931.52,GHS,27,False
1994,11631,14221,7325,3,2025-02-16,electrical,Customer reported electrical failure; diagnosis completed.,3745.68,3745.68,approved,2025-03-12,3167.29,GHS,24,False
1995,5625,19548,2384,3,2023-08-17,engine,Customer reported engine failure; diagnosis completed.,1140.75,777.77,denied,2023-09-04,0.00,GHS,18,False
1996,45320,22055,12756,4,2022-12-15,electrical,Customer reported electrical failure; diagnosis completed.,5276.74,5276.74,approved,2025-03-04,4947.94,GHS,3,False
1997,47582,12443,12556,4,2025-04-07,body_hardware,Customer reported body hardware failure; diagnosis completed.,3327.58,3327.58,approved,2025-04-12,3325.65,GHS,5,False
1998,3307,5441,2426,6,2023-12-25,battery,Customer reported battery failure; diagnosis completed.,1163.45,1163.45,approved,2024-01-15,1122.71,GHS,21,True
1999,47599,3790,3422,9,2025-01-19,infotainment,Customer reported infotainment failure; diagnosis completed.,330.35,330.35,approved,2025-02-03,273.14,GHS,15,False
2000,6190,8536,8600,8,2024-08-09,transmission,Customer reported transmission failure; diagnosis completed.,919.48,919.48,approved,2024-08-29,766.57,GHS,20,False
2001,3656,310,10403,3,2024-10-01,electrical,Customer reported electrical failure; diagnosis completed.,746.29,746.29,approved,2024-10-07,692.29,GHS,6,False
2002,41958,11886,11002,15,2025-06-30,electrical,Customer reported electrical failure; diagnosis completed.,2961.89,0.00,denied,2025-06-30,0.00,GHS,0,True
2003,28292,9046,1516,2,2023-08-06,transmission,Customer reported transmission failure; diagnosis completed.,863.31,863.31,approved,2023-09-01,710.05,GHS,26,False
2004,33842,24308,463,3,2023-05-06,engine,Customer reported engine failure; diagnosis completed.,514.03,514.03,approved,2023-05-14,458.23,GHS,8,False
2005,16148,12290,11183,4,2024-06-20,engine,Customer reported engine failure; diagnosis completed.,896.67,0.00,denied,2024-07-07,0.00,GHS,17,True
2006,25729,20545,2353,3,2024-03-31,infotainment,Customer reported infotainment failure; diagnosis completed.,794.79,794.79,approved,2024-04-11,660.40,GHS,11,False
2007,34373,19932,11887,2,2024-07-22,suspension,Customer reported suspension failure; diagnosis completed.,1823.35,1823.35,approved,2024-07-30,1517.01,GHS,8,False
2008,39345,4474,10490,7,2024-07-05,battery,Customer reported battery failure; diagnosis completed.,2282.20,963.16,partially_approved,2024-08-07,832.60,GHS,33,False
2009,5942,18691,4089,3,2024-04-08,infotainment,Customer reported infotainment failure; diagnosis completed.,1334.44,1334.44,approved,2024-05-01,1116.16,GHS,23,False
2010,27502,23407,5277,2,2024-03-14,body_hardware,Customer reported body hardware failure; diagnosis completed.,959.32,0.00,denied,2024-03-27,0.00,GHS,13,False
2011,38017,5722,14470,10,2024-12-09,electrical,Customer reported electrical failure; diagnosis completed.,2688.08,0.00,denied,2025-01-02,0.00,GHS,24,False
2012,13646,21920,2123,2,2025-05-02,electrical,Customer reported electrical failure; diagnosis completed.,4720.09,4720.09,approved,2025-05-07,3967.63,GHS,5,False
2013,39882,24018,6244,1,2023-12-05,infotainment,Customer reported infotainment failure; diagnosis completed.,1983.50,1983.50,approved,2023-12-27,1815.84,GHS,22,False
2014,10593,3857,10658,6,2024-09-12,electrical,Customer reported electrical failure; diagnosis completed.,642.56,642.56,approved,2024-09-24,600.30,GHS,12,False
2015,2806,14572,7023,2,2023-12-20,transmission,Customer reported transmission failure; diagnosis completed.,1844.11,1844.11,approved,2024-01-21,1528.80,GHS,32,False
2016,7459,2982,6565,1,2024-05-15,suspension,Customer reported suspension failure; diagnosis completed.,1027.30,1027.30,approved,2024-05-19,976.33,GHS,4,False
2017,4199,2264,9298,8,2024-06-08,electrical,Customer reported electrical failure; diagnosis completed.,527.73,527.73,approved,2024-06-24,480.18,GHS,16,False
2018,20202,10903,741,4,2023-10-24,engine,Customer reported engine failure; diagnosis completed.,510.23,510.23,approved,2023-11-12,508.73,GHS,19,False
2019,21921,4307,3315,3,2024-02-06,electrical,Customer reported electrical failure; diagnosis completed.,3538.16,3538.16,approved,2024-02-15,2901.98,GHS,9,True
2020,45522,12467,6157,5,2025-04-27,electrical,Customer reported electrical failure; diagnosis completed.,404.74,245.98,partially_approved,2025-05-05,239.77,GHS,8,False
2021,28298,18363,2392,1,2025-06-30,suspension,Customer reported suspension failure; diagnosis completed.,1202.52,1202.52,approved,2025-06-30,1197.37,GHS,0,False
2022,37531,2911,5380,9,2024-04-21,infotainment,Customer reported infotainment failure; diagnosis completed.,3532.23,3532.23,approved,2024-05-14,3003.47,GHS,23,False
2023,44573,10257,12439,15,2024-11-07,electrical,Customer reported electrical failure; diagnosis completed.,671.92,0.00,denied,2024-11-25,0.00,GHS,18,True
2024,10139,36,2418,15,2024-12-15,electrical,Customer reported electrical failure; diagnosis completed.,720.78,720.78,approved,2024-12-24,659.02,GHS,9,False
2025,24904,4152,2581,4,2024-08-15,engine,Customer reported engine failure; diagnosis completed.,3068.28,0.00,denied,2024-09-04,0.00,GHS,20,False
2026,5883,22894,8638,10,2024-05-02,battery,Customer reported battery failure; diagnosis completed.,955.78,597.75,partially_approved,2024-06-09,507.12,GHS,38,False
2027,6007,7703,14159,10,2025-06-30,battery,Customer reported battery failure; diagnosis completed.,686.99,686.99,approved,2025-06-30,660.41,GHS,0,False
2028,16665,20094,11696,7,2025-06-30,engine,Customer reported engine failure; diagnosis completed.,1002.29,0.00,denied,2025-06-30,0.00,GHS,0,False
2029,24268,11225,10956,13,2024-06-18,suspension,Customer reported suspension failure; diagnosis completed.,991.62,991.62,approved,2024-06-28,830.73,GHS,10,False
2030,5599,17355,13127,11,2024-11-04,infotainment,Customer reported infotainment failure; diagnosis completed.,368.98,368.98,approved,2024-11-28,331.05,GHS,24,False
2031,47663,21523,6067,2,2024-10-07,suspension,Customer reported suspension failure; diagnosis completed.,963.22,963.22,approved,2024-10-23,839.04,GHS,16,False
2032,45777,15967,3615,12,2024-12-27,electrical,Customer reported electrical failure; diagnosis completed.,1449.04,1449.04,approved,2025-01-17,1255.60,GHS,21,False
2033,36894,11180,812,9,2025-03-04,infotainment,Customer reported infotainment failure; diagnosis completed.,1832.90,0.00,denied,2025-03-11,0.00,GHS,7,False
2034,4018,7176,911,1,2024-07-30,electrical,Customer reported electrical failure; diagnosis completed.,1307.15,1307.15,approved,,1088.42,GHS,15,False
2035,43971,20064,12427,13,2025-02-27,battery,Customer reported battery failure; diagnosis completed.,683.05,312.46,partially_approved,2025-04-09,293.71,GHS,41,True
2036,4098,24287,11956,2,2025-06-30,infotainment,Customer reported infotainment failure; diagnosis completed.,1295.60,1295.60,approved,2025-06-30,1261.04,GHS,0,False
2037,8454,12404,265,15,2024-01-24,engine,Customer reported engine failure; diagnosis completed.,935.08,555.11,partially_approved,2024-01-30,502.62,GHS,6,False
2038,16024,19234,3251,4,2023-06-25,battery,Customer reported battery failure; diagnosis completed.,658.50,0.00,denied,2023-08-03,0.00,GHS,39,False
2039,18876,18189,3640,8,2023-09-30,suspension,Customer reported suspension failure; diagnosis completed.,1102.36,581.37,partially_approved,2023-10-24,544.26,GHS,24,False
2040,12004,5056,588,2,2024-08-24,electrical,Customer reported electrical failure; diagnosis completed.,1129.05,1129.05,approved,2024-09-02,937.14,GHS,9,False
2041,10375,5426,6877,6,2025-06-29,infotainment,Customer reported infotainment failure; diagnosis completed.,2560.36,0.00,approved,,0.00,GHS,1,False
2042,25445,11412,1126,1,2024-07-23,electrical,Customer reported electrical failure; diagnosis completed.,9411.23,5743.38,partially_approved,2024-08-08,5277.37,GHS,16,False
2043,1921,82,9571,7,2025-03-24,engine,Customer reported engine failure; diagnosis completed.,2120.23,0.00,denied,2025-04-15,0.00,GHS,22,False
2044,29693,12128,6554,5,2023-12-21,infotainment,Customer reported infotainment failure; diagnosis completed.,1060.16,0.00,denied,2023-12-26,0.00,GHS,5,False
2045,4107,9303,6046,2,2024-12-25,body_hardware,Customer reported body hardware failure; diagnosis completed.,524.26,524.26,approved,2025-01-17,503.88,GHS,23,False
2046,14351,24115,14608,15,2025-06-30,engine,Customer reported engine failure; diagnosis completed.,1156.61,1156.61,approved,2025-06-30,987.41,GHS,0,False
2047,38895,2823,4619,11,2024-10-09,engine,Customer reported engine failure; diagnosis completed.,6002.80,6002.80,approved,2024-10-14,5861.17,GHS,5,False
2048,15039,21335,11941,1,2025-02-20,infotainment,Customer reported infotainment failure; diagnosis completed.,878.33,878.33,approved,2025-03-01,788.10,GHS,9,False
2049,22980,18644,6096,15,2023-11-09,engine,Customer reported engine failure; diagnosis completed.,490.61,490.61,approved,2023-11-27,477.74,GHS,18,False
2050,17695,22555,8215,1,2025-06-30,electrical,Customer reported electrical failure; diagnosis completed.,1001.11,0.00,denied,2025-06-30,0.00,GHS,0,False
2051,25446,3673,14043,14,2025-06-30,suspension,Customer reported suspension failure; diagnosis completed.,1273.21,465.77,partially_approved,2025-06-30,452.47,GHS,0,False
2052,8458,12740,1905,12,2023-07-30,engine,Customer reported engine failure; diagnosis completed.,920.16,920.16,approved,2023-08-21,812.11,GHS,22,False
2053,35437,16603,13605,1,2025-06-19,electrical,Customer reported electrical failure; diagnosis completed.,1387.64,1387.64,approved,2025-06-30,1324.59,GHS,11,False
2054,40538,9578,12155,2,2025-05-30,suspension,Customer reported suspension failure; diagnosis completed.,981.05,981.05,approved,2025-06-10,815.75,GHS,11,False
2055,31319,12914,4196,7,2025-03-12,electrical,Customer reported electrical failure; diagnosis completed.,974.32,974.32,approved,2025-03-31,813.18,GHS,19,False
2056,892,1203,13137,3,2024-11-30,suspension,Customer reported suspension failure; diagnosis completed.,497.66,0.00,denied,2024-12-04,0.00,GHS,4,False
2057,42041,2003,1400,5,2025-03-28,infotainment,Customer reported infotainment failure; diagnosis completed.,609.09,609.09,approved,2025-04-11,512.53,GHS,14,False
2058,37322,23308,6253,2,2023-11-19,battery,Customer reported battery failure; diagnosis completed.,465.28,465.28,approved,2023-12-24,456.75,GHS,35,True
2059,42284,5034,15206,9,2025-06-30,engine,Customer reported engine failure; diagnosis completed.,493.59,493.59,approved,2025-06-30,458.52,GHS,0,False
2060,10330,18138,1262,1,2025-06-30,engine,Customer reported engine failure; diagnosis completed.,4718.57,0.00,denied,2025-06-30,0.00,GHS,0,False
2061,44454,16736,5614,15,2024-05-08,transmission,Customer reported transmission failure; diagnosis completed.,3662.04,0.00,denied,2024-06-17,0.00,GHS,40,False
2062,29360,24962,5110,15,2025-06-30,infotainment,Customer reported infotainment failure; diagnosis completed.,4797.81,4797.81,approved,2025-06-30,4272.48,GHS,0,False
2063,32732,6639,11745,5,2025-06-30,suspension,Customer reported suspension failure; diagnosis completed.,4579.25,4579.25,approved,2025-06-30,3848.50,GHS,0,False
2064,10484,12435,287,14,2025-06-30,engine,Customer reported engine failure; diagnosis completed.,1961.33,1961.33,approved,2025-06-30,1846.31,GHS,0,False
2065,2166,12532,9018,10,2024-06-09,electrical,Customer reported electrical failure; diagnosis completed.,875.87,541.33,partially_approved,2024-06-17,524.18,GHS,8,False
2066,3226,21459,3370,15,2024-03-13,infotainment,Customer reported infotainment failure; diagnosis completed.,430.41,430.41,approved,2024-03-30,402.62,GHS,17,False
2067,20415,12972,5597,6,2024-08-17,battery,Customer reported battery failure; diagnosis completed.,498.02,0.00,denied,2024-09-24,0.00,GHS,38,False
2068,36356,4613,14290,9,2025-02-12,body_hardware,Customer reported body hardware failure; diagnosis completed.,2799.29,2799.29,approved,2025-03-08,2474.00,GHS,24,False
2069,40389,13903,3787,15,2023-12-24,body_hardware,Customer reported body hardware failure; diagnosis completed.,935.43,935.43,approved,2024-01-13,863.49,GHS,20,False
2070,46863,4954,11470,7,2024-11-18,suspension,Customer reported suspension failure; diagnosis completed.,2488.35,0.00,denied,2024-11-28,0.00,GHS,10,False
2071,18943,20309,14224,15,2025-06-30,suspension,Customer reported suspension failure; diagnosis completed.,1082.02,1082.02,approved,2025-06-30,1023.80,GHS,0,False
2072,3959,19840,10589,5,2024-06-02,transmission,Customer reported transmission failure; diagnosis completed.,14380.98,14380.98,approved,2024-07-15,11996.84,GHS,43,False
2073,3950,17662,15457,1,2025-06-30,body_hardware,Customer reported body hardware failure; diagnosis completed.,685.25,685.25,approved,2025-06-30,604.62,GHS,0,False
2074,10567,9474,4210,10,2023-08-29,electrical,Customer reported electrical failure; diagnosis completed.,734.51,0.00,denied,2023-09-13,0.00,GHS,15,False
2075,9970,10902,10237,12,2024-07-29,electrical,Customer reported electrical failure; diagnosis completed.,995.34,995.34,approved,2024-08-20,898.15,GHS,22,False
2076,46727,1275,7559,10,2025-06-30,infotainment,Customer reported infotainment failure; diagnosis completed.,4808.19,4808.19,approved,2025-06-30,4283.50,GHS,0,False
2077,18282,19923,4075,1,2025-02-04,engine,Customer reported engine failure; diagnosis completed.,3924.86,3924.86,approved,2025-02-18,3428.96,GHS,14,False
2078,10264,2810,2108,1,2023-10-11,body_hardware,Customer reported body hardware failure; diagnosis completed.,2682.86,2682.86,approved,2023-10-27,2664.51,GHS,16,False
2079,5532,14243,5895,3,2023-11-20,infotainment,Customer reported infotainment failure; diagnosis completed.,1561.22,1561.22,approved,2023-11-26,1507.54,GHS,6,False
2080,19706,545,14655,2,2024-11-25,electrical,Customer reported electrical failure; diagnosis completed.,2214.45,2214.45,approved,2024-12-16,1979.36,GHS,21,False
2081,32619,21015,7150,3,2025-05-07,suspension,Customer reported suspension failure; diagnosis completed.,992.98,992.98,approved,2025-05-11,886.86,GHS,4,False
2082,35298,3457,14683,9,2024-12-03,electrical,Customer reported electrical failure; diagnosis completed.,2140.12,958.54,partially_approved,2024-12-09,792.80,GHS,6,False
2083,33243,20837,6490,14,2025-06-30,infotainment,Customer reported infotainment failure; diagnosis completed.,539.20,0.00,denied,2025-06-30,0.00,GHS,0,False
2084,42999,7458,6027,3,2024-01-10,engine,Customer reported engine failure; diagnosis completed.,2890.16,1846.12,partially_approved,2024-01-26,1834.99,GHS,16,False
2085,17709,1583,18948,13,2025-06-30,engine,Customer reported engine failure; diagnosis completed.,4343.61,4343.61,approved,2025-06-30,4253.33,GHS,0,False
2086,38274,16485,9028,6,2025-01-03,electrical,Customer reported electrical failure; diagnosis completed.,2487.37,2487.37,approved,2025-01-13,2132.14,GHS,10,False
2087,19984,21375,1970,1,2023-12-21,engine,Customer reported engine failure; diagnosis completed.,1079.67,0.00,denied,2024-01-09,0.00,GHS,19,False
2088,26149,1503,3638,7,2024-09-04,electrical,Customer reported electrical failure; diagnosis completed.,622.39,398.60,partially_approved,2024-09-25,375.82,GHS,21,True
2089,25088,6588,13722,5,2025-05-16,suspension,Customer reported suspension failure; diagnosis completed.,3746.43,3746.43,approved,2025-05-20,3282.91,GHS,4,False
2090,10013,683,2576,1,2024-01-31,suspension,Customer reported suspension failure; diagnosis completed.,4339.90,1829.73,partially_approved,2024-02-12,1700.53,GHS,12,False
2091,38979,1878,2617,2,2024-05-13,suspension,Customer reported suspension failure; diagnosis completed.,1509.79,699.11,partially_approved,2024-05-20,688.87,GHS,7,False
2092,35647,5755,1836,14,2024-07-09,engine,Customer reported engine failure; diagnosis completed.,3891.09,2899.86,partially_approved,2024-07-18,2778.85,GHS,9,False
2093,3413,6221,6878,1,2025-01-21,electrical,Customer reported electrical failure; diagnosis completed.,501.41,-501.41,approved,2025-01-31,461.78,GHS,10,False
2094,30298,3456,10829,4,2024-06-30,electrical,Customer reported electrical failure; diagnosis completed.,1668.79,0.00,denied,2024-07-11,0.00,GHS,11,False
2095,27016,347,633,7,2025-06-30,infotainment,Customer reported infotainment failure; diagnosis completed.,623.00,623.00,approved,2025-06-30,558.27,GHS,0,False
2096,17071,17195,4692,6,2024-09-07,electrical,Customer reported electrical failure; diagnosis completed.,925.68,0.00,denied,2024-09-14,0.00,GHS,7,False
2097,9508,18763,6082,11,2024-12-07,suspension,Customer reported suspension failure; diagnosis completed.,891.95,413.96,partially_approved,2024-12-22,346.53,GHS,15,False
2098,9006,6138,2042,12,2025-01-10,electrical,Customer reported electrical failure; diagnosis completed.,550.34,550.34,approved,2025-01-24,501.63,GHS,14,False
2099,45000,6584,5600,13,2024-01-22,electrical,Customer reported electrical failure; diagnosis completed.,1524.43,1524.43,approved,2024-02-12,1401.80,GHS,21,False
2100,29510,20699,16625,4,2025-02-10,body_hardware,Customer reported body hardware failure; diagnosis completed.,2363.07,2363.07,approved,2025-03-01,2020.93,GHS,19,False
2101,34396,3484,16774,8,2025-06-30,electrical,Customer reported electrical failure; diagnosis completed.,362.20,362.20,approved,2025-06-30,335.72,GHS,0,False
2102,16042,10479,10954,7,2024-12-09,engine,Customer reported engine failure; diagnosis completed.,1783.23,0.00,denied,2024-12-14,0.00,GHS,5,False
2103,31108,7605,8705,7,2024-11-20,electrical,Customer reported electrical failure; diagnosis completed.,1070.23,1070.23,approved,2024-12-08,913.12,GHS,18,False
2104,21755,20264,11945,2,2025-06-30,electrical,Customer reported electrical failure; diagnosis completed.,1907.74,1196.23,partially_approved,2025-06-30,1082.52,GHS,0,False
2105,30602,11323,5358,15,2022-12-15,engine,Customer reported engine failure; diagnosis completed.,542.75,542.75,approved,2023-10-27,465.54,GHS,16,False
2106,31693,23785,641,4,2023-07-20,battery,Customer reported battery failure; diagnosis completed.,839.52,0.00,denied,2023-08-21,0.00,GHS,32,False
2107,14183,8535,3221,7,2025-06-30,battery,Customer reported battery failure; diagnosis completed.,914.54,513.52,partially_approved,2025-06-30,503.55,GHS,0,False
2108,44994,24170,908,13,2024-01-30,engine,Customer reported engine failure; diagnosis completed.,1100.82,1100.82,approved,2024-02-17,934.01,GHS,18,False
2109,23790,3889,3712,10,2025-06-30,transmission,Customer reported transmission failure; diagnosis completed.,5946.92,5946.92,approved,2025-06-30,4947.38,GHS,0,False
2110,38800,15888,1474,9,2023-12-15,transmission,Customer reported transmission failure; diagnosis completed.,7886.43,7886.43,approved,2024-01-11,7544.89,GHS,27,False
2111,6223,7731,113,1,2023-10-26,electrical,Customer reported electrical failure; diagnosis completed.,1626.58,1626.58,approved,2023-11-08,1453.78,GHS,13,False
2112,31304,13408,3326,2,2025-05-09,engine,Customer reported engine failure; diagnosis completed.,2637.46,2637.46,approved,2025-05-16,2487.19,GHS,7,False
2113,21956,7046,9850,6,2025-06-30,electrical,Customer reported electrical failure; diagnosis completed.,1674.61,1003.65,partially_approved,2025-06-30,835.22,GHS,0,False
2114,9408,6059,3316,8,2023-09-02,engine,Customer reported engine failure; diagnosis completed.,942.19,586.50,partially_approved,2023-09-25,553.61,GHS,23,False
2115,25159,18257,4698,14,2025-03-16,electrical,Customer reported electrical failure; diagnosis completed.,1510.33,0.00,denied,2025-04-02,0.00,GHS,17,False
2116,17324,630,16477,8,2025-06-22,electrical,Customer reported electrical failure; diagnosis completed.,849.64,849.64,approved,2025-06-30,778.28,GHS,8,False
2117,4833,20626,11340,10,2025-06-30,suspension,Customer reported suspension failure; diagnosis completed.,1170.42,0.00,denied,2025-06-30,0.00,GHS,0,False
2118,8191,14266,4394,2,2024-06-16,engine,Customer reported engine failure; diagnosis completed.,882.00,564.27,partially_approved,2024-06-25,554.26,GHS,9,False
2119,18041,22020,7966,13,2024-08-07,electrical,Customer reported electrical failure; diagnosis completed.,858.60,0.00,denied,2024-08-24,0.00,GHS,17,False
2120,1455,11414,1745,1,2025-06-30,infotainment,Customer reported infotainment failure; diagnosis completed.,1047.49,725.25,partially_approved,2025-06-30,713.82,GHS,0,False
2121,44210,24854,1322,14,2024-05-22,suspension,Customer reported suspension failure; diagnosis completed.,787.64,787.64,approved,2024-05-25,712.40,GHS,3,False
2122,14728,13602,5162,1,2025-06-30,engine,Customer reported engine failure; diagnosis completed.,1033.67,1033.67,approved,2025-06-30,948.03,GHS,0,False
2123,2120,2036,13080,14,2024-11-22,infotainment,Customer reported infotainment failure; diagnosis completed.,804.32,804.32,approved,2024-12-12,712.69,GHS,20,False
2124,38920,12611,13717,3,2024-10-18,body_hardware,Customer reported body hardware failure; diagnosis completed.,3450.62,3450.62,approved,2024-10-27,3070.58,GHS,9,False
2125,33401,10074,18176,5,2025-06-30,electrical,Customer reported electrical failure; diagnosis completed.,1198.45,0.00,denied,2025-06-30,0.00,GHS,0,False
2126,45525,10685,7415,1,2024-10-21,infotainment,Customer reported infotainment failure; diagnosis completed.,1456.19,1456.19,approved,2024-11-13,1208.20,GHS,23,True
2127,18489,20345,13632,12,2024-10-16,infotainment,Customer reported infotainment failure; diagnosis completed.,522.86,522.86,approved,2024-11-08,458.93,GHS,23,False
2128,7830,21552,13074,1,2025-01-20,suspension,Customer reported suspension failure; diagnosis completed.,733.60,467.92,partially_approved,2025-02-10,446.30,GHS,21,False
2129,37694,12247,16228,5,2025-04-26,electrical,Customer reported electrical failure; diagnosis completed.,1870.41,1870.41,approved,2025-05-15,1735.97,GHS,19,False
2130,44152,3094,5867,1,2023-11-22,body_hardware,Customer reported body hardware failure; diagnosis completed.,1967.38,1376.58,partially_approved,2023-12-05,1333.63,GHS,13,False
2131,4994,6419,9301,1,2025-01-28,engine,Customer reported engine failure; diagnosis completed.,3633.21,3633.21,approved,2025-02-18,3526.64,GHS,21,False
2132,39885,10181,18159,8,2025-06-30,engine,Customer reported engine failure; diagnosis completed.,4430.06,4430.06,approved,2025-06-30,4087.93,GHS,0,False
2133,18440,16280,191,6,2024-06-13,battery,Customer reported battery failure; diagnosis completed.,1061.54,1061.54,approved,2024-07-08,1018.18,GHS,25,False
2134,46930,6402,9698,7,2025-04-25,infotainment,Customer reported infotainment failure; diagnosis completed.,1013.14,1013.14,approved,2025-05-08,853.22,GHS,13,True
2135,332,3579,3297,5,2024-10-17,engine,Customer reported engine failure; diagnosis completed.,2673.82,2673.82,approved,2024-11-05,2393.21,GHS,19,False
2136,34966,16118,7704,4,2025-01-22,electrical,Customer reported electrical failure; diagnosis completed.,312.08,0.00,denied,2025-01-26,0.00,GHS,4,False
2137,34786,15662,6618,2,2024-04-30,electrical,Customer reported electrical failure; diagnosis completed.,10422.62,10422.62,approved,2024-05-03,8782.69,GHS,3,False
2138,34233,5324,14570,11,2025-06-30,transmission,Customer reported transmission failure; diagnosis completed.,3379.17,1674.58,partially_approved,2025-06-30,1621.06,GHS,0,False
2139,37431,15033,18000,11,2025-06-30,transmission,Customer reported transmission failure; diagnosis completed.,2775.46,0.00,denied,2025-06-30,0.00,GHS,0,False
2140,23016,2483,5924,6,2025-06-30,transmission,Customer reported transmission failure; diagnosis completed.,1508.10,885.70,partially_approved,2025-06-30,743.82,GHS,0,False
2141,44343,19539,11066,11,2024-06-13,engine,Customer reported engine failure; diagnosis completed.,648.66,0.00,denied,2024-06-16,0.00,GHS,3,False
2142,15633,16601,13741,10,2025-06-30,infotainment,Customer reported infotainment failure; diagnosis completed.,1636.10,978.65,partially_approved,2025-06-30,892.41,GHS,0,False
2143,24054,19366,2756,5,2023-12-12,infotainment,Customer reported infotainment failure; diagnosis completed.,584.56,0.00,denied,2024-01-01,0.00,GHS,20,False
2144,16599,2930,5415,15,2025-04-29,infotainment,Customer reported infotainment failure; diagnosis completed.,1158.24,1158.24,approved,2025-05-06,975.23,GHS,7,False
2145,25921,9531,9074,3,2024-09-17,engine,Customer reported engine failure; diagnosis completed.,873.18,873.18,approved,2024-10-04,797.33,GHS,17,False
2146,6410,18670,5930,12,2024-02-25,infotainment,Customer reported infotainment failure; diagnosis completed.,2976.86,2976.86,approved,2024-02-28,2803.33,GHS,3,False
2147,45334,17028,2095,8,2024-01-06,electrical,Customer reported electrical failure; diagnosis completed.,922.16,0.00,denied,2024-01-28,0.00,GHS,22,False
2148,32521,21817,12765,6,2024-08-30,engine,Customer reported engine failure; diagnosis completed.,1172.39,1172.39,approved,2024-09-12,1000.36,GHS,13,False
2149,10132,14510,10786,2,2024-12-30,engine,Customer reported engine failure; diagnosis completed.,399.78,0.00,denied,2025-01-22,0.00,GHS,23,False
2150,44247,4968,10324,6,2024-11-02,electrical,Customer reported electrical failure; diagnosis completed.,1349.73,0.00,denied,2024-11-08,0.00,GHS,6,False
2151,20308,15564,149,9,2023-11-15,electrical,Customer reported electrical failure; diagnosis completed.,1826.53,1826.53,approved,2023-12-02,1749.66,GHS,17,False
2152,32297,4786,15363,15,2024-12-24,infotainment,Customer reported infotainment failure; diagnosis completed.,710.47,710.47,approved,2025-01-04,635.59,GHS,11,False
2153,4983,16223,16417,9,2025-06-30,engine,Customer reported engine failure; diagnosis completed.,2801.74,0.00,denied,2025-06-30,0.00,GHS,0,False
2154,18823,6673,2374,4,2024-05-27,engine,Customer reported engine failure; diagnosis completed.,1905.41,1905.41,approved,2024-06-06,1671.86,GHS,10,True
2155,1118,21843,316,7,2025-06-30,suspension,Customer reported suspension failure; diagnosis completed.,2735.43,2735.43,approved,2025-06-30,2401.11,GHS,0,False
2156,26561,6280,8079,5,2024-04-07,electrical,Customer reported electrical failure; diagnosis completed.,864.86,864.86,approved,2024-04-21,759.70,GHS,14,False
2157,12034,19471,3739,1,2025-06-30,electrical,Customer reported electrical failure; diagnosis completed.,759.56,759.56,approved,2025-06-30,723.90,GHS,0,False
2158,40886,6150,8018,4,2022-12-15,infotainment,Customer reported infotainment failure; diagnosis completed.,689.72,299.39,partially_approved,2024-04-10,258.74,GHS,24,False
2159,21241,12112,8328,4,2025-06-30,electrical,Customer reported electrical failure; diagnosis completed.,1918.66,1918.66,approved,2025-06-30,1745.10,GHS,0,False
2160,44992,12397,1809,2,2025-06-30,infotainment,Customer reported infotainment failure; diagnosis completed.,1550.14,1550.14,approved,2025-06-30,1498.58,GHS,0,False
2161,13404,14243,5895,3,2024-03-26,transmission,Customer reported transmission failure; diagnosis completed.,2026.21,2026.21,approved,2024-05-13,1966.04,GHS,48,False
2162,19459,24760,16467,1,2025-02-03,transmission,Customer reported transmission failure; diagnosis completed.,972.06,695.82,partially_approved,2025-03-04,647.64,GHS,29,False
2163,40134,19091,6283,9,2025-06-30,body_hardware,Customer reported body hardware failure; diagnosis completed.,1287.41,1287.41,approved,2025-06-30,1115.05,GHS,0,False
2164,40651,23476,18041,8,2025-06-30,engine,Customer reported engine failure; diagnosis completed.,1276.84,0.00,denied,2025-06-30,0.00,GHS,0,False
2165,10640,18280,10447,1,2024-10-23,engine,Customer reported engine failure; diagnosis completed.,2906.93,2906.93,approved,2024-10-29,2471.89,GHS,6,False
2166,9320,19830,117,5,2024-02-01,electrical,Customer reported electrical failure; diagnosis completed.,2338.13,0.00,denied,2024-02-05,0.00,GHS,4,False
2167,42124,15647,14539,5,2025-06-30,transmission,Customer reported transmission failure; diagnosis completed.,1206.26,1206.26,approved,2025-06-30,1139.07,GHS,0,False
2168,4237,13923,1844,6,2025-06-07,transmission,Customer reported transmission failure; diagnosis completed.,1603.15,1603.15,approved,2025-06-30,1601.51,GHS,23,False
2169,40350,12607,5668,1,2025-03-02,electrical,Customer reported electrical failure; diagnosis completed.,388.96,206.21,partially_approved,2025-03-11,173.55,GHS,9,False
2170,32590,24937,17616,14,2025-06-30,engine,Customer reported engine failure; diagnosis completed.,2055.38,2055.38,approved,2025-06-30,1697.01,GHS,0,False
2171,27815,5192,6572,10,2024-11-30,engine,Customer reported engine failure; diagnosis completed.,1313.47,1313.47,approved,2024-12-17,1129.61,GHS,17,False
2172,31952,24944,285,1,2024-03-28,body_hardware,Customer reported body hardware failure; diagnosis completed.,867.77,0.00,denied,2024-04-19,0.00,GHS,22,False
2173,17528,734,3733,3,2024-06-24,body_hardware,Customer reported body hardware failure; diagnosis completed.,1445.52,1445.52,approved,2024-07-10,1430.82,GHS,16,False
2174,26574,7124,7784,10,2024-04-07,engine,Customer reported engine failure; diagnosis completed.,2585.35,2585.35,approved,2024-04-13,2407.03,GHS,6,False
2175,20053,5497,14097,2,2025-01-07,transmission,Customer reported transmission failure; diagnosis completed.,538.27,538.27,approved,2025-02-10,445.46,GHS,34,False
2176,34568,14278,8209,5,2024-07-17,electrical,Customer reported electrical failure; diagnosis completed.,1588.50,1588.50,approved,2024-08-03,1549.84,GHS,17,False
2177,727,17722,116,4,2024-12-02,engine,Customer reported engine failure; diagnosis completed.,1005.66,1005.66,approved,2024-12-21,982.57,GHS,19,False
2178,44595,20132,6998,10,2024-05-09,transmission,Customer reported transmission failure; diagnosis completed.,676.58,676.58,approved,2024-05-29,555.37,GHS,20,False
2179,26166,7639,148,15,2024-01-01,body_hardware,Customer reported body hardware failure; diagnosis completed.,1817.98,1817.98,approved,2024-01-17,1806.99,GHS,16,False
2180,39745,5773,445,2,2024-09-28,body_hardware,Customer reported body hardware failure; diagnosis completed.,348.77,0.00,denied,2024-10-12,0.00,GHS,14,False
2181,1154,7178,2180,14,2024-03-05,suspension,Customer reported suspension failure; diagnosis completed.,1968.16,1968.16,approved,2024-03-20,1666.19,GHS,15,False
2182,26236,15910,937,13,2025-03-03,body_hardware,Customer reported body hardware failure; diagnosis completed.,2062.03,2062.03,approved,2025-03-23,1939.34,GHS,20,False
2183,43410,20711,15083,10,2025-03-25,infotainment,Customer reported infotainment failure; diagnosis completed.,905.64,905.64,approved,2025-04-01,778.79,GHS,7,False
2184,36113,643,7768,7,2024-04-11,suspension,Customer reported suspension failure; diagnosis completed.,1180.55,1180.55,approved,2024-04-20,1121.12,GHS,9,False
2185,24765,6802,7843,9,2024-09-24,battery,Customer reported battery failure; diagnosis completed.,1728.46,1728.46,approved,2024-10-27,1492.49,GHS,33,False
2186,33753,6171,14096,6,2025-05-13,electrical,Customer reported electrical failure; diagnosis completed.,1594.96,1594.96,approved,2025-05-18,1350.22,GHS,5,False
2187,26027,161,2443,1,2023-05-18,engine,Customer reported engine failure; diagnosis completed.,716.15,716.15,approved,2023-06-06,665.46,GHS,19,False
2188,6720,6151,3975,10,2024-04-16,transmission,Customer reported transmission failure; diagnosis completed.,875.07,875.07,approved,2024-05-14,807.98,GHS,28,False
2189,10218,13171,11464,2,2024-12-10,body_hardware,Customer reported body hardware failure; diagnosis completed.,364.78,179.69,partially_approved,2025-01-01,149.55,GHS,22,False
2190,8524,19952,138,11,2024-08-05,electrical,Customer reported electrical failure; diagnosis completed.,1001.95,656.70,partially_approved,2024-08-15,621.64,GHS,10,False
2191,35887,7879,1598,7,2023-08-06,transmission,Customer reported transmission failure; diagnosis completed.,1111.59,0.00,denied,2023-09-05,0.00,GHS,30,False
2192,30546,18408,2397,5,2023-10-05,electrical,Customer reported electrical failure; diagnosis completed.,2421.33,2421.33,approved,2023-10-09,2012.02,GHS,4,False
2193,47580,15186,5829,4,2023-10-30,electrical,Customer reported electrical failure; diagnosis completed.,822.23,822.23,approved,2023-11-10,759.42,GHS,11,False
2194,46825,2339,13819,13,2024-12-14,electrical,Customer reported electrical failure; diagnosis completed.,1894.44,1894.44,approved,2024-12-26,1605.53,GHS,12,False
2195,27189,3250,9352,15,2025-06-03,transmission,Customer reported transmission failure; diagnosis completed.,511.23,511.23,approved,2025-06-30,484.89,GHS,27,False
2196,29135,10508,18999,1,2025-05-30,electrical,Customer reported electrical failure; diagnosis completed.,6236.68,6236.68,approved,2025-06-20,5801.75,GHS,21,False
2197,40730,3253,6013,2,2024-07-31,battery,Customer reported battery failure; diagnosis completed.,2616.82,2616.82,approved,2024-08-25,2165.87,GHS,25,False
2198,42629,17690,5985,14,2025-05-26,battery,Customer reported battery failure; diagnosis completed.,1309.17,988.47,partially_approved,2025-06-30,945.70,GHS,35,False
2199,43719,12473,10765,10,2025-02-14,suspension,Customer reported suspension failure; diagnosis completed.,863.97,863.97,approved,2025-02-18,817.40,GHS,4,False
2200,29048,9843,13400,2,2025-06-30,transmission,Customer reported transmission failure; diagnosis completed.,1639.55,0.00,denied,2025-06-30,0.00,GHS,0,False
2201,43098,8643,9204,10,2024-09-21,suspension,Customer reported suspension failure; diagnosis completed.,3336.90,3336.90,approved,2024-10-06,3037.11,GHS,15,False
2202,41696,13228,809,7,2025-06-29,suspension,Customer reported suspension failure; diagnosis completed.,791.47,590.38,partially_approved,2025-06-30,548.17,GHS,1,False
2203,46407,4398,12071,4,2024-08-24,transmission,Customer reported transmission failure; diagnosis completed.,843.34,652.53,partially_approved,2024-09-22,601.17,GHS,29,False
2204,33036,12272,4653,1,2025-06-22,body_hardware,Customer reported body hardware failure; diagnosis completed.,4315.82,4315.82,approved,2025-06-30,3771.70,GHS,8,False
2205,37988,1630,11254,3,2024-12-15,body_hardware,Customer reported body hardware failure; diagnosis completed.,718.71,0.00,denied,2024-12-22,0.00,GHS,7,False
2206,9006,18820,2289,2,2023-09-13,battery,Customer reported battery failure; diagnosis completed.,11913.67,0.00,denied,2023-10-14,0.00,GHS,31,False
2207,20376,12257,4929,3,2024-02-14,body_hardware,Customer reported body hardware failure; diagnosis completed.,620.24,292.38,partially_approved,2024-02-19,282.50,GHS,5,False
2208,27718,24395,1766,3,2023-07-03,electrical,Customer reported electrical failure; diagnosis completed.,5417.62,5417.62,approved,2023-07-27,5175.79,GHS,24,False
2209,41908,10389,2075,1,2025-06-30,infotainment,Customer reported infotainment failure; diagnosis completed.,7935.29,7935.29,approved,2025-06-30,7345.89,GHS,0,False
2210,19159,11826,14774,14,2025-06-30,electrical,Customer reported electrical failure; diagnosis completed.,490.60,490.60,approved,2025-06-30,462.57,GHS,0,False
2211,22812,19910,15583,4,2025-02-03,engine,Customer reported engine failure; diagnosis completed.,1846.16,1846.16,approved,2025-02-14,1793.28,GHS,11,False
2212,37400,6493,12986,9,2025-06-30,transmission,Customer reported transmission failure; diagnosis completed.,9315.66,9315.66,approved,2025-06-30,8906.31,GHS,0,False
2213,35903,11179,17849,10,2025-06-30,transmission,Customer reported transmission failure; diagnosis completed.,1317.27,753.84,partially_approved,2025-06-30,647.41,GHS,0,False
2214,30496,4994,5871,4,2023-12-19,electrical,Customer reported electrical failure; diagnosis completed.,2783.12,2783.12,approved,2023-12-26,2600.78,GHS,7,False
2215,9621,6054,13879,13,2024-10-25,electrical,Customer reported electrical failure; diagnosis completed.,1822.53,1822.53,approved,2024-11-02,1554.53,GHS,8,False
2216,12413,13559,8037,2,2024-08-23,transmission,Customer reported transmission failure; diagnosis completed.,1490.05,1490.05,approved,2024-09-13,1319.41,GHS,21,False
2217,13973,16934,7233,7,2024-04-22,battery,Customer reported battery failure; diagnosis completed.,723.77,723.77,approved,2024-05-18,699.35,GHS,26,False
2218,17672,17001,6275,3,2024-07-06,engine,Customer reported engine failure; diagnosis completed.,943.23,0.00,denied,2024-07-26,0.00,GHS,20,False
2219,32077,3437,8443,2,2024-07-02,battery,Customer reported battery failure; diagnosis completed.,1766.42,1766.42,approved,2024-08-06,1733.37,GHS,35,False
2220,24746,2827,2690,4,2023-06-04,infotainment,Customer reported infotainment failure; diagnosis completed.,7603.22,7603.22,approved,2023-06-07,6404.10,GHS,3,False
2221,14017,4998,10211,6,2025-06-02,battery,Customer reported battery failure; diagnosis completed.,1421.41,0.00,denied,2025-06-30,0.00,GHS,28,False
2222,35635,18022,4264,8,2023-10-01,transmission,Customer reported transmission failure; diagnosis completed.,1908.06,1908.06,approved,2023-10-27,1692.29,GHS,26,False
2223,46997,18873,3021,2,2024-08-18,engine,Customer reported engine failure; diagnosis completed.,1777.50,1777.50,approved,2024-08-25,1465.56,GHS,7,False
2224,7795,16531,7529,1,2024-08-17,electrical,Customer reported electrical failure; diagnosis completed.,750.65,0.00,denied,2024-08-27,0.00,GHS,10,False
2225,40749,6953,17190,6,2025-05-25,body_hardware,Customer reported body hardware failure; diagnosis completed.,1935.24,1935.24,approved,2025-06-13,1751.75,GHS,19,False
2226,37188,19535,14047,15,2025-04-13,transmission,Customer reported transmission failure; diagnosis completed.,631.67,631.67,approved,2025-05-12,582.32,GHS,29,False
2227,39811,13706,14138,2,2025-05-20,electrical,Customer reported electrical failure; diagnosis completed.,1737.83,1737.83,approved,2025-05-26,1693.45,GHS,6,False
2228,24602,5757,7311,1,2024-01-04,engine,Customer reported engine failure; diagnosis completed.,3349.15,2595.91,partially_approved,2024-01-12,2164.38,GHS,8,False
2229,930,24925,16443,5,2025-06-30,suspension,Customer reported suspension failure; diagnosis completed.,4988.02,4988.02,approved,2025-06-30,4672.78,GHS,0,False
2230,17702,11850,919,15,2024-05-03,engine,Customer reported engine failure; diagnosis completed.,1770.04,1770.04,approved,2024-05-21,1499.50,GHS,18,False
2231,20097,1273,15560,4,2025-06-05,engine,Customer reported engine failure; diagnosis completed.,1529.60,1529.60,approved,2025-06-10,1419.88,GHS,5,False
2232,45649,10772,792,5,2024-05-07,transmission,Customer reported transmission failure; diagnosis completed.,281.99,281.99,approved,2024-06-07,256.06,GHS,31,False
2233,46035,24478,18296,4,2025-06-30,suspension,Customer reported suspension failure; diagnosis completed.,2911.02,2911.02,approved,2025-06-30,2517.15,GHS,0,False
2234,22560,9516,9948,1,2025-03-09,battery,Customer reported battery failure; diagnosis completed.,754.56,754.56,approved,2025-04-22,708.58,GHS,44,False
2235,18713,19460,12193,11,2024-08-29,body_hardware,Customer reported body hardware failure; diagnosis completed.,2539.82,2539.82,approved,2024-09-22,2203.70,GHS,24,False
2236,10051,18975,2770,4,2025-06-30,electrical,Customer reported electrical failure; diagnosis completed.,8075.57,8075.57,approved,2025-06-30,6628.83,GHS,0,False
2237,11577,16382,7216,2,2024-01-23,engine,Customer reported engine failure; diagnosis completed.,3176.44,2423.93,partially_approved,2024-02-04,2247.42,GHS,12,False
2238,26949,9892,11684,7,2024-11-03,transmission,Customer reported transmission failure; diagnosis completed.,1500.76,1500.76,approved,2024-12-01,1418.79,GHS,28,False
2239,6118,182,2997,4,2023-07-04,suspension,Customer reported suspension failure; diagnosis completed.,2963.83,2963.83,approved,2023-07-11,2927.97,GHS,7,False
2240,16950,3933,3487,1,2023-10-08,electrical,Customer reported electrical failure; diagnosis completed.,1327.28,0.00,denied,2023-10-28,0.00,GHS,20,False
2241,46461,477,17105,5,2025-05-02,suspension,Customer reported suspension failure; diagnosis completed.,3047.12,0.00,denied,2025-05-18,0.00,GHS,16,False
2242,28594,11975,2258,1,2023-06-14,suspension,Customer reported suspension failure; diagnosis completed.,1598.73,1598.73,approved,2023-07-07,1558.44,GHS,23,False
2243,17197,1857,4077,1,2023-10-16,battery,Customer reported battery failure; diagnosis completed.,629.21,0.00,denied,2023-11-11,0.00,GHS,26,False
2244,27802,8577,3203,15,2025-06-30,infotainment,Customer reported infotainment failure; diagnosis completed.,884.48,884.48,approved,2025-06-30,848.29,GHS,0,True
2245,28306,3855,80,2,2025-06-30,suspension,Customer reported suspension failure; diagnosis completed.,1230.02,1230.02,approved,2025-06-30,1010.54,GHS,0,False
2246,30915,2381,1039,2,2024-05-08,electrical,Customer reported electrical failure; diagnosis completed.,820.51,0.00,denied,2024-05-25,0.00,GHS,17,False
2247,16785,3390,2157,3,2024-01-08,infotainment,Customer reported infotainment failure; diagnosis completed.,1928.42,1928.42,approved,2024-01-17,1794.38,GHS,9,False
2248,44787,24166,13212,15,2025-06-30,transmission,Customer reported transmission failure; diagnosis completed.,735.72,735.72,approved,2025-06-30,610.28,GHS,0,True
2249,30529,8070,4314,10,2024-11-17,engine,Customer reported engine failure; diagnosis completed.,1233.00,1233.00,approved,2024-11-26,1102.98,GHS,9,False
2250,35986,16698,825,5,2025-01-26,suspension,Customer reported suspension failure; diagnosis completed.,1141.01,1141.01,approved,2025-02-12,1049.80,GHS,17,False
2251,611,10719,4144,2,2024-03-22,transmission,Customer reported transmission failure; diagnosis completed.,839.11,839.11,approved,2024-05-08,711.85,GHS,47,True
2252,27727,10739,6010,8,2023-11-17,engine,Customer reported engine failure; diagnosis completed.,917.49,917.49,approved,2023-11-20,783.82,GHS,3,False
2253,34585,2216,7260,6,2025-06-30,infotainment,Customer reported infotainment failure; diagnosis completed.,972.59,972.59,approved,2025-06-30,895.57,GHS,0,False
2254,25936,10059,18938,2,2025-06-30,suspension,Customer reported suspension failure; diagnosis completed.,3129.72,3129.72,approved,2025-06-30,3109.38,GHS,0,False
2255,11530,20526,8373,5,2024-02-13,infotainment,Customer reported infotainment failure; diagnosis completed.,969.50,969.50,approved,2024-03-01,968.18,GHS,17,False
2256,20369,19830,117,9,2023-09-22,body_hardware,Customer reported body hardware failure; diagnosis completed.,761.89,761.89,approved,2023-10-05,653.42,GHS,13,False
2257,37290,8383,17170,3,2025-06-30,electrical,Customer reported electrical failure; diagnosis completed.,382.87,382.87,approved,2025-06-30,369.17,GHS,0,False
2258,32954,16093,5713,1,2024-11-21,engine,Customer reported engine failure; diagnosis completed.,3027.59,3027.59,approved,2024-11-28,2842.63,GHS,7,False
2259,15861,1804,3624,3,2025-02-19,body_hardware,Customer reported body hardware failure; diagnosis completed.,1949.08,0.00,denied,2025-03-13,0.00,GHS,22,False
2260,1216,9662,5578,9,2023-12-18,transmission,Customer reported transmission failure; diagnosis completed.,832.79,832.79,approved,2024-01-24,753.65,GHS,37,True
2261,39288,21551,7783,1,2025-06-30,electrical,Customer reported electrical failure; diagnosis completed.,1487.02,1487.02,approved,2025-06-30,1379.13,GHS,0,False
2262,20209,15854,10715,6,2024-12-08,engine,Customer reported engine failure; diagnosis completed.,835.48,835.48,approved,2024-12-19,835.34,GHS,11,False
2263,44324,12042,8094,1,2024-08-05,body_hardware,Customer reported body hardware failure; diagnosis completed.,1039.21,1039.21,approved,2024-08-27,944.68,GHS,22,False
2264,351,3665,11444,3,2025-03-03,suspension,Customer reported suspension failure; diagnosis completed.,278.20,278.20,approved,2025-03-19,253.98,GHS,16,False
2265,29621,12089,1824,1,2025-06-30,electrical,Customer reported electrical failure; diagnosis completed.,1574.11,1574.11,approved,2025-06-30,1302.23,GHS,0,False
2266,26382,16082,5456,10,2023-11-17,electrical,Customer reported electrical failure; diagnosis completed.,2391.87,2391.87,approved,2023-11-30,1961.60,GHS,13,True
2267,42984,3768,15312,1,2025-06-30,electrical,Customer reported electrical failure; diagnosis completed.,3626.27,3626.27,approved,2025-06-30,3573.87,GHS,0,False
2268,8216,3972,850,8,2023-08-17,battery,Customer reported battery failure; diagnosis completed.,10396.92,10396.92,approved,2023-09-03,8778.18,GHS,17,False
2269,8788,863,1440,1,2023-06-30,body_hardware,Customer reported body hardware failure; diagnosis completed.,950.60,950.60,approved,2023-07-23,926.07,GHS,23,False
2270,300,21609,10308,10,2024-10-17,body_hardware,Customer reported body hardware failure; diagnosis completed.,2343.05,2343.05,approved,2024-10-29,2007.90,GHS,12,False
2271,15086,2752,17707,15,2025-06-30,suspension,Customer reported suspension failure; diagnosis completed.,1103.00,1103.00,approved,2025-06-30,1018.00,GHS,0,False
2272,26211,17203,6135,3,2024-02-11,electrical,Customer reported electrical failure; diagnosis completed.,1575.32,0.00,denied,2024-02-21,0.00,GHS,10,False
2273,2088,7409,4032,2,2023-12-01,suspension,,2104.24,2104.24,approved,2023-12-17,1760.71,GHS,16,False
2274,22083,17621,8964,6,2025-06-30,suspension,Customer reported suspension failure; diagnosis completed.,913.74,913.74,approved,2025-06-30,764.93,GHS,0,False
2275,4850,7841,9667,7,2025-05-15,infotainment,Customer reported infotainment failure; diagnosis completed.,951.11,951.11,approved,2025-06-06,935.80,GHS,22,False
2276,11325,13020,13692,1,2025-01-07,body_hardware,Customer reported body hardware failure; diagnosis completed.,453.84,0.00,denied,2025-01-30,0.00,GHS,23,False
2277,38923,13076,5839,1,2024-05-24,engine,Customer reported engine failure; diagnosis completed.,1857.38,1857.38,approved,2024-06-14,1684.63,GHS,21,False
2278,27751,22947,15908,3,2025-01-08,battery,Customer reported battery failure; diagnosis completed.,1029.72,0.00,denied,2025-02-11,0.00,GHS,34,False
2279,34916,18903,839,6,2024-08-12,electrical,Customer reported electrical failure; diagnosis completed.,2696.99,0.00,denied,2024-08-17,0.00,GHS,5,False
2280,40848,22600,17603,8,2025-06-30,electrical,Customer reported electrical failure; diagnosis completed.,1143.94,1143.94,approved,2025-06-30,1111.70,GHS,0,False
2281,19914,22573,11168,14,2024-12-08,engine,Customer reported engine failure; diagnosis completed.,3248.09,3248.09,approved,2024-12-16,2988.99,GHS,8,True
2282,33809,21550,4671,3,2023-10-04,body_hardware,Customer reported body hardware failure; diagnosis completed.,7761.74,0.00,denied,2023-10-22,0.00,GHS,18,True
2283,19582,9367,12812,6,2025-02-09,body_hardware,Customer reported body hardware failure; diagnosis completed.,1664.90,0.00,denied,2025-02-28,0.00,GHS,19,False
2284,34431,710,13999,15,2025-06-30,battery,Customer reported battery failure; diagnosis completed.,564.76,564.76,approved,2025-06-30,542.47,GHS,0,False
2285,35859,17076,720,2,2024-08-02,transmission,Customer reported transmission failure; diagnosis completed.,493.92,493.92,approved,2024-08-28,470.46,GHS,26,False
2286,20465,12410,9646,3,2024-12-27,electrical,Customer reported electrical failure; diagnosis completed.,481.29,481.29,approved,2025-01-01,466.64,GHS,5,False
2287,41490,3056,10001,8,2025-06-30,transmission,Customer reported transmission failure; diagnosis completed.,2250.54,1563.31,partially_approved,2025-06-30,1453.35,GHS,0,False
2288,18480,24928,1696,3,2025-04-21,engine,Customer reported engine failure; diagnosis completed.,256.15,256.15,approved,2025-05-02,234.55,GHS,11,False
2289,5153,21544,10090,12,2024-06-01,body_hardware,Customer reported body hardware failure; diagnosis completed.,590.92,386.15,partially_approved,2024-06-15,319.85,GHS,14,False
2290,6343,11211,16342,11,2025-06-30,electrical,Customer reported electrical failure; diagnosis completed.,692.34,0.00,denied,2025-06-30,0.00,GHS,0,False
2291,19558,3711,13323,15,2025-02-08,electrical,Customer reported electrical failure; diagnosis completed.,3780.01,0.00,denied,2025-03-03,0.00,GHS,23,False
2292,30432,17998,9510,13,2024-08-06,body_hardware,Customer reported body hardware failure; diagnosis completed.,365.09,0.00,denied,2024-08-28,0.00,GHS,22,False
2293,16454,13516,7715,8,2024-08-04,battery,Customer reported battery failure; diagnosis completed.,1664.36,1664.36,approved,2024-09-12,1603.22,GHS,39,False
2294,29980,13654,6171,5,2025-02-26,transmission,Customer reported transmission failure; diagnosis completed.,819.56,819.56,approved,,741.80,GHS,40,False
2295,1098,24311,8463,1,2025-06-30,transmission,Customer reported transmission failure; diagnosis completed.,702.09,702.09,approved,2025-06-30,659.85,GHS,0,False
2296,10526,22034,13244,12,2025-06-30,engine,Customer reported engine failure; diagnosis completed.,1777.10,1777.10,approved,2025-06-30,1507.19,GHS,0,False
2297,38448,19275,1951,7,2023-11-22,infotainment,Customer reported infotainment failure; diagnosis completed.,496.12,201.93,partially_approved,2023-12-04,188.69,GHS,12,False
2298,47916,23962,16936,3,2025-04-07,electrical,Customer reported electrical failure; diagnosis completed.,1722.03,1722.03,approved,2025-05-01,1717.32,GHS,24,False
2299,30589,5475,916,15,2025-06-30,electrical,Customer reported electrical failure; diagnosis completed.,639.07,639.07,approved,2025-06-30,568.66,GHS,0,False
2300,29179,5695,632,1,2025-06-30,transmission,Customer reported transmission failure; diagnosis completed.,8035.83,8035.83,approved,2025-06-30,6597.62,GHS,0,False
2301,443,20222,13721,2,2025-01-14,transmission,Customer reported transmission failure; diagnosis completed.,1285.43,1285.43,approved,2025-02-24,1159.82,GHS,41,False
2302,8702,12305,10338,6,2025-06-30,body_hardware,Customer reported body hardware failure; diagnosis completed.,1861.62,1861.62,approved,2025-06-30,1544.13,GHS,0,False
2303,33551,252,10806,15,2024-08-14,battery,Customer reported battery failure; diagnosis completed.,1200.95,429.99,partially_approved,2024-09-04,416.19,GHS,21,False
2304,27256,9371,5746,1,2023-12-13,battery,Customer reported battery failure; diagnosis completed.,1399.41,1399.41,approved,2024-01-29,1360.73,GHS,47,True
2305,32892,15304,1645,13,2024-01-07,electrical,Customer reported electrical failure; diagnosis completed.,507.03,250.03,partially_approved,2024-01-12,221.33,GHS,5,False
2306,5598,304,4097,3,2024-04-07,body_hardware,Customer reported body hardware failure; diagnosis completed.,758.58,758.58,approved,2024-04-27,740.14,GHS,20,False
2307,28501,9070,5205,8,2024-07-24,transmission,Customer reported transmission failure; diagnosis completed.,4579.16,4579.16,approved,2024-09-05,4304.20,GHS,43,False
2308,2943,24570,380,5,2024-12-07,electrical,Customer reported electrical failure; diagnosis completed.,1107.76,1107.76,approved,2024-12-10,1029.60,GHS,3,False
2309,31249,18185,16156,5,2025-06-30,suspension,Customer reported suspension failure; diagnosis completed.,2962.14,2962.14,approved,2025-06-30,2921.88,GHS,0,False
2310,45504,4492,8788,1,2025-02-15,battery,Customer reported battery failure; diagnosis completed.,4050.74,4050.74,approved,2025-03-11,4017.07,GHS,24,True
2311,39557,17461,9900,6,2025-01-08,electrical,Customer reported electrical failure; diagnosis completed.,4074.88,4074.88,approved,2025-01-21,3906.23,GHS,13,True
2312,20349,23321,7674,11,2024-10-07,electrical,Customer reported electrical failure; diagnosis completed.,392.31,0.00,denied,2024-10-31,0.00,GHS,24,False
2313,6258,527,10511,9,2025-02-02,infotainment,Customer reported infotainment failure; diagnosis completed.,994.07,994.07,approved,2025-02-08,904.16,GHS,6,True
2314,30057,18995,2685,3,2024-06-14,engine,Customer reported engine failure; diagnosis completed.,699.82,0.00,denied,2024-06-25,0.00,GHS,11,True
2315,30980,1273,15560,4,2025-06-30,suspension,Customer reported suspension failure; diagnosis completed.,4454.95,2529.19,partially_approved,2025-06-30,2347.26,GHS,0,False
2316,46449,15357,12894,3,2024-11-08,engine,Customer reported engine failure; diagnosis completed.,754.70,0.00,denied,2024-11-30,0.00,GHS,22,False
2317,21781,10489,16253,9,2025-01-24,electrical,Customer reported electrical failure; diagnosis completed.,1022.98,547.13,partially_approved,2025-02-06,516.58,GHS,13,False
2318,34555,1535,8033,12,2024-06-09,suspension,Customer reported suspension failure; diagnosis completed.,1143.31,0.00,denied,2024-06-29,0.00,GHS,20,False
2319,42630,12153,3496,5,2025-06-30,suspension,Customer reported suspension failure; diagnosis completed.,1507.76,985.05,partially_approved,2025-06-30,851.94,GHS,0,False
2320,5106,4557,9520,3,2024-06-22,transmission,Customer reported transmission failure; diagnosis completed.,3182.49,3182.49,approved,2024-07-16,2741.32,GHS,24,False
2321,34750,16864,5305,5,2024-03-09,electrical,Customer reported electrical failure; diagnosis completed.,1280.64,1280.64,approved,2024-04-02,1108.88,GHS,24,False
2322,1077,19311,16994,13,2025-06-30,transmission,Customer reported transmission failure; diagnosis completed.,818.17,0.00,denied,2025-06-30,0.00,GHS,0,False
2323,164,24488,83,4,2023-03-24,infotainment,Customer reported infotainment failure; diagnosis completed.,1713.82,1713.82,approved,2023-04-01,1508.44,GHS,8,False
2324,1489,22376,6404,7,2025-06-30,suspension,Customer reported suspension failure; diagnosis completed.,2089.99,937.45,partially_approved,2025-06-30,833.58,GHS,0,False
2325,46573,14908,9482,15,2025-06-30,engine,Customer reported engine failure; diagnosis completed.,1445.60,1445.60,approved,2025-06-30,1440.29,GHS,0,False
2326,14331,20720,5815,7,2024-08-14,infotainment,Customer reported infotainment failure; diagnosis completed.,1649.76,1649.76,approved,2024-09-03,1643.08,GHS,20,False
2327,22669,2650,17508,13,2025-05-17,infotainment,Customer reported infotainment failure; diagnosis completed.,1237.44,1237.44,approved,2025-06-05,1186.64,GHS,19,True
2328,10156,4101,7698,4,2024-02-02,engine,Customer reported engine failure; diagnosis completed.,629.29,629.29,approved,2024-02-13,582.41,GHS,11,False
2329,24996,11912,15995,8,2025-06-30,engine,Customer reported engine failure; diagnosis completed.,3922.83,3922.83,approved,2025-06-30,3494.60,GHS,0,False
2330,7965,6952,1729,15,2023-10-31,engine,Customer reported engine failure; diagnosis completed.,1506.45,1011.97,partially_approved,2023-11-04,840.87,GHS,4,False
2331,45632,7639,148,15,2023-07-14,transmission,Customer reported transmission failure; diagnosis completed.,618.70,295.16,partially_approved,2023-08-14,250.60,GHS,31,False
2332,23832,10698,2822,2,2023-08-06,battery,Customer reported battery failure; diagnosis completed.,507.92,507.92,approved,2023-09-20,462.20,GHS,45,False
2333,9764,15640,6181,15,2023-11-20,infotainment,Customer reported infotainment failure; diagnosis completed.,860.73,860.73,approved,2023-12-04,765.28,GHS,14,False
2334,17385,2568,11909,12,2025-06-30,electrical,Customer reported electrical failure; diagnosis completed.,1125.05,0.00,denied,2025-06-30,0.00,GHS,0,False
2335,22428,8603,3506,15,2024-03-15,suspension,Customer reported suspension failure; diagnosis completed.,1692.62,628.83,partially_approved,2024-03-31,527.58,GHS,16,False
2336,27607,23761,5813,9,2024-05-02,infotainment,Customer reported infotainment failure; diagnosis completed.,482.02,0.00,denied,2024-05-09,0.00,GHS,7,False
2337,2204,24544,13603,5,2025-01-30,electrical,Customer reported electrical failure; diagnosis completed.,402.92,402.92,approved,2025-02-06,334.61,GHS,7,False
2338,17846,12505,15647,7,2025-02-08,transmission,Customer reported transmission failure; diagnosis completed.,1316.53,1316.53,approved,2025-03-12,1124.86,GHS,32,False
2339,11948,17275,4631,1,2024-02-29,transmission,Customer reported transmission failure; diagnosis completed.,984.38,984.38,approved,2024-04-04,981.12,GHS,35,False
2340,17961,10929,9793,2,2024-12-13,battery,Customer reported battery failure; diagnosis completed.,1975.82,1975.82,approved,2025-01-09,1850.67,GHS,27,False
2341,6411,4523,9005,14,2024-10-24,engine,Customer reported engine failure; diagnosis completed.,1533.63,1533.63,approved,2024-11-03,1524.38,GHS,10,False
2342,4616,21471,11771,4,2024-12-12,battery,Customer reported battery failure; diagnosis completed.,1295.70,1295.70,approved,2025-01-05,1080.19,GHS,24,False
2343,27076,8054,16792,7,2025-03-15,engine,Customer reported engine failure; diagnosis completed.,648.97,648.97,approved,2025-03-31,571.00,GHS,16,False
2344,25397,10338,11750,2,2024-07-18,engine,Customer reported engine failure; diagnosis completed.,796.84,796.84,approved,2024-07-25,765.14,GHS,7,False
2345,4857,5469,1054,9,2025-05-25,battery,Customer reported battery failure; diagnosis completed.,246.07,246.07,approved,2025-06-29,206.32,GHS,35,False
2346,30716,4375,10892,4,2024-07-16,battery,Customer reported battery failure; diagnosis completed.,1767.58,698.85,partially_approved,2024-08-24,588.78,GHS,39,False
2347,27217,19374,14141,1,2024-11-23,electrical,Customer reported electrical failure; diagnosis completed.,436.23,0.00,denied,2024-12-14,0.00,GHS,21,True
2348,25586,17586,5383,5,2024-10-18,engine,Customer reported engine failure; diagnosis completed.,619.31,619.31,approved,2024-11-07,562.43,GHS,20,False
2349,14493,19492,4673,4,2024-07-05,infotainment,Customer reported infotainment failure; diagnosis completed.,993.89,993.89,approved,2024-07-17,826.32,GHS,12,False
2350,9599,18373,16289,12,2025-01-26,transmission,Customer reported transmission failure; diagnosis completed.,2512.09,2512.09,approved,2025-02-24,2288.34,GHS,29,False
2351,19683,22900,1287,6,2024-10-10,electrical,Customer reported electrical failure; diagnosis completed.,5260.68,0.00,denied,2024-10-23,0.00,GHS,13,False
2352,13441,15994,4084,2,2025-04-16,electrical,Customer reported electrical failure; diagnosis completed.,3375.98,3375.98,approved,2025-05-02,3086.87,GHS,16,False
2353,22261,14419,8024,10,2024-03-04,infotainment,Customer reported infotainment failure; diagnosis completed.,1080.39,1080.39,approved,2024-03-28,1046.52,GHS,24,False
2354,9141,20210,5641,1,2025-06-14,suspension,Customer reported suspension failure; diagnosis completed.,5217.74,0.00,denied,2025-06-29,0.00,GHS,15,False
2355,20453,3616,2916,13,2024-10-09,transmission,Customer reported transmission failure; diagnosis completed.,1143.99,1143.99,approved,2024-11-17,1113.57,GHS,39,False
2356,21542,2437,8506,7,2024-05-13,electrical,Customer reported electrical failure; diagnosis completed.,665.61,665.61,approved,2024-05-26,638.10,GHS,13,False
2357,45700,2556,6213,2,2024-11-21,transmission,Customer reported transmission failure; diagnosis completed.,2141.15,2141.15,approved,2024-12-27,1838.29,GHS,36,False
2358,1133,9459,3303,11,2024-09-19,body_hardware,Customer reported body hardware failure; diagnosis completed.,1463.90,1034.78,partially_approved,2024-09-28,911.99,GHS,9,True
2359,37253,15857,14499,10,2025-06-30,suspension,Customer reported suspension failure; diagnosis completed.,1520.72,0.00,denied,2025-06-30,0.00,GHS,0,False
2360,507,13067,8953,3,2024-07-08,infotainment,Customer reported infotainment failure; diagnosis completed.,2354.83,0.00,denied,2024-07-12,0.00,GHS,4,False
2361,2059,8071,5865,6,2024-02-02,transmission,Customer reported transmission failure; diagnosis completed.,498.15,498.15,approved,2024-03-21,465.13,GHS,48,True
2362,23277,22457,11208,10,2025-06-30,electrical,Customer reported electrical failure; diagnosis completed.,1003.28,0.00,denied,2025-06-30,0.00,GHS,0,False
2363,35997,19724,1059,13,2024-11-20,body_hardware,Customer reported body hardware failure; diagnosis completed.,769.24,0.00,denied,2024-12-01,0.00,GHS,11,False
2364,47206,23754,5816,10,2024-11-03,body_hardware,Customer reported body hardware failure; diagnosis completed.,825.46,825.46,approved,2024-11-08,757.36,GHS,5,False
2365,1209,9293,7138,4,2024-03-21,electrical,Customer reported electrical failure; diagnosis completed.,431.54,431.54,approved,2024-03-29,405.47,GHS,8,False
2366,39555,3102,6270,12,2023-11-17,electrical,Customer reported electrical failure; diagnosis completed.,391.61,0.00,denied,2023-11-25,0.00,GHS,8,False
2367,44117,13228,809,2,2023-12-02,battery,Customer reported battery failure; diagnosis completed.,1738.06,1738.06,approved,2024-01-09,1647.79,GHS,38,False
2368,18075,23523,907,9,2023-07-25,suspension,Customer reported suspension failure; diagnosis completed.,769.72,769.72,approved,2023-08-18,683.92,GHS,24,False
2369,10846,21489,3512,3,2025-05-27,electrical,Customer reported electrical failure; diagnosis completed.,460.07,0.00,denied,2025-06-03,0.00,GHS,7,False
2370,18220,19668,1443,7,2024-08-11,electrical,Customer reported electrical failure; diagnosis completed.,648.42,648.42,approved,2024-08-19,561.37,GHS,8,False
2371,24231,19454,14913,4,2025-06-30,battery,Customer reported battery failure; diagnosis completed.,3624.51,3624.51,approved,2025-06-30,3121.79,GHS,0,False
2372,4734,5567,14799,2,2025-06-30,body_hardware,Customer reported body hardware failure; diagnosis completed.,2387.78,2387.78,approved,2025-06-30,2307.96,GHS,0,False
2373,19753,13788,8334,4,2024-09-29,infotainment,Customer reported infotainment failure; diagnosis completed.,597.21,597.21,approved,2024-10-15,590.37,GHS,16,False
2374,6524,107,2514,1,2024-07-09,electrical,,5834.03,0.00,denied,2024-08-01,0.00,GHS,23,False
2375,37629,9315,4408,9,2024-06-21,engine,Customer reported engine failure; diagnosis completed.,1933.75,1933.75,approved,2024-07-12,1648.75,GHS,21,False
2376,3872,10241,2454,3,2024-06-16,infotainment,Customer reported infotainment failure; diagnosis completed.,1355.03,0.00,denied,2024-07-05,0.00,GHS,19,False
2377,31263,16217,1113,10,2025-06-30,infotainment,Customer reported infotainment failure; diagnosis completed.,603.19,603.19,approved,2025-06-30,542.17,GHS,0,False
2378,42353,21718,4275,2,2024-03-26,transmission,Customer reported transmission failure; diagnosis completed.,2421.33,0.00,denied,2024-05-06,0.00,GHS,41,False
2379,29203,18344,2113,1,2023-11-27,electrical,Customer reported electrical failure; diagnosis completed.,2029.95,0.00,denied,2023-12-16,0.00,GHS,19,False
2380,22066,18861,6538,2,2024-11-09,electrical,Customer reported electrical failure; diagnosis completed.,2471.60,0.00,denied,2024-12-03,0.00,GHS,24,False
2381,15556,24631,7486,12,2024-06-03,engine,Customer reported engine failure; diagnosis completed.,13297.19,13297.19,approved,2024-06-14,10956.04,GHS,11,False
2382,25866,22408,733,2,2023-03-27,engine,Customer reported engine failure; diagnosis completed.,1122.12,1122.12,approved,2023-04-18,1040.36,GHS,22,False
2383,16097,8001,3742,3,2023-11-28,engine,Customer reported engine failure; diagnosis completed.,646.04,646.04,approved,2023-12-21,559.36,GHS,23,False
2384,41581,22503,12680,1,2025-04-25,suspension,Customer reported suspension failure; diagnosis completed.,2103.46,2103.46,approved,2025-05-02,2063.41,GHS,7,False
2385,37298,16229,15662,1,2025-01-18,electrical,Customer reported electrical failure; diagnosis completed.,576.60,576.60,approved,2025-02-05,560.64,GHS,18,False
2386,35349,8942,6123,11,2023-12-17,electrical,Customer reported electrical failure; diagnosis completed.,1158.41,1158.41,approved,2023-12-25,968.02,GHS,8,False
2387,4860,16217,1113,15,2024-02-10,suspension,Customer reported suspension failure; diagnosis completed.,1396.22,809.44,partially_approved,2024-03-03,673.93,GHS,22,False
2388,11320,17351,7572,1,2022-12-15,engine,Customer reported engine failure; diagnosis completed.,511.04,0.00,denied,2024-05-14,0.00,GHS,20,False
2389,17217,10776,9808,1,2025-02-18,engine,Customer reported engine failure; diagnosis completed.,1221.66,790.11,partially_approved,2025-03-11,739.59,GHS,21,False
2390,23765,11396,16571,2,2025-06-19,battery,Customer reported battery failure; diagnosis completed.,1883.21,1883.21,approved,2025-06-30,1614.14,GHS,11,True
2391,20411,2934,5076,9,2025-06-30,transmission,Customer reported transmission failure; diagnosis completed.,1486.12,802.74,partially_approved,2025-06-30,670.14,GHS,0,False
2392,10789,15951,11531,6,2024-07-06,electrical,Customer reported electrical failure; diagnosis completed.,4007.30,4007.30,approved,2024-07-16,3604.87,GHS,10,False
2393,27990,22975,3154,4,2024-04-02,engine,Customer reported engine failure; diagnosis completed.,423.51,230.12,partially_approved,2024-04-24,204.58,GHS,22,False
2394,27824,23953,5686,3,2024-11-26,electrical,Customer reported electrical failure; diagnosis completed.,793.49,793.49,approved,2024-12-12,698.70,GHS,16,False
2395,10303,16201,16798,10,2025-06-30,engine,Customer reported engine failure; diagnosis completed.,1167.60,1167.60,approved,2025-06-30,987.99,GHS,0,False
2396,41293,12073,17444,15,2025-06-30,infotainment,Customer reported infotainment failure; diagnosis completed.,1092.37,0.00,denied,2025-06-30,0.00,GHS,0,False
2397,31350,2406,8039,5,2024-10-26,infotainment,Customer reported infotainment failure; diagnosis completed.,3285.49,1615.79,partially_approved,2024-11-17,1555.39,GHS,22,False
2398,16307,16550,7289,6,2024-02-09,battery,Customer reported battery failure; diagnosis completed.,1087.05,1087.05,approved,2024-02-27,967.95,GHS,18,False
2399,16060,24836,8413,8,2024-02-20,suspension,Customer reported suspension failure; diagnosis completed.,1506.46,1506.46,approved,2024-03-15,1358.67,GHS,24,False
2400,46927,5597,2439,6,2024-11-13,engine,Customer reported engine failure; diagnosis completed.,962.68,0.00,denied,2024-11-17,0.00,GHS,4,False
2401,33775,18574,8712,1,2024-07-27,suspension,Customer reported suspension failure; diagnosis completed.,1474.46,1474.46,approved,2024-08-10,1444.69,GHS,14,False
2402,11952,18581,2331,11,2024-03-14,engine,Customer reported engine failure; diagnosis completed.,7021.03,7021.03,approved,2024-04-04,6381.39,GHS,21,False
2403,10642,15263,6241,5,2024-04-26,infotainment,Customer reported infotainment failure; diagnosis completed.,420.35,420.35,approved,2024-05-06,413.93,GHS,10,False
2404,8425,7335,5064,2,2025-06-30,transmission,Customer reported transmission failure; diagnosis completed.,803.89,322.70,partially_approved,2025-06-30,269.40,GHS,0,False
2405,13108,4379,16329,4,2025-06-30,engine,Customer reported engine failure; diagnosis completed.,379.10,379.10,approved,2025-06-30,371.73,GHS,0,False
2406,1707,20681,10004,4,2025-06-30,electrical,Customer reported electrical failure; diagnosis completed.,3169.33,3169.33,approved,2025-06-30,3027.30,GHS,0,False
2407,47567,21575,10670,10,2025-03-20,electrical,Customer reported electrical failure; diagnosis completed.,1385.95,0.00,denied,2025-04-12,0.00,GHS,23,False
2408,7788,3465,2635,8,2025-03-07,suspension,Customer reported suspension failure; diagnosis completed.,2019.04,2019.04,approved,2025-03-24,1707.40,GHS,17,False
2409,10641,23687,9988,11,2024-11-11,electrical,Customer reported electrical failure; diagnosis completed.,1298.11,1298.11,approved,2024-11-14,1141.71,GHS,3,False
2410,36837,7208,10747,13,2025-04-01,engine,Customer reported engine failure; diagnosis completed.,953.65,686.70,partially_approved,2025-04-10,583.21,GHS,9,False
2411,28604,5780,7603,7,2024-06-03,battery,Customer reported battery failure; diagnosis completed.,515.64,515.64,approved,2024-07-13,504.42,GHS,40,False
2412,10142,20566,2908,11,2024-01-19,transmission,Customer reported transmission failure; diagnosis completed.,551.60,551.60,approved,2024-02-18,495.28,GHS,30,False
2413,6732,22436,7263,9,2025-06-30,transmission,Customer reported transmission failure; diagnosis completed.,571.96,0.00,denied,2025-06-30,0.00,GHS,0,False
2414,43437,11584,7566,4,2024-09-12,transmission,Customer reported transmission failure; diagnosis completed.,1162.31,1162.31,approved,2024-10-08,1100.56,GHS,26,False
2415,38230,1866,166,9,2024-11-13,body_hardware,Customer reported body hardware failure; diagnosis completed.,742.76,742.76,approved,2024-11-22,661.46,GHS,9,False
2416,30332,7288,10092,11,2024-09-28,electrical,Customer reported electrical failure; diagnosis completed.,6092.08,6092.08,approved,2024-10-21,5518.07,GHS,23,False
2417,11428,13784,3736,15,2025-03-25,electrical,Customer reported electrical failure; diagnosis completed.,668.55,0.00,denied,2025-04-14,0.00,GHS,20,True
2418,45499,1146,5489,8,2025-06-30,suspension,Customer reported suspension failure; diagnosis completed.,614.08,614.08,approved,2025-06-30,583.97,GHS,0,False
2419,11126,21654,12803,15,2024-11-26,body_hardware,Customer reported body hardware failure; diagnosis completed.,1054.15,1054.15,approved,2024-11-30,1041.27,GHS,4,False
2420,20416,9000,12245,13,2025-03-17,infotainment,Customer reported infotainment failure; diagnosis completed.,1093.76,0.00,denied,2025-03-25,0.00,GHS,8,False
2421,15821,4063,12368,10,2024-10-01,electrical,Customer reported electrical failure; diagnosis completed.,8842.21,8842.21,approved,2024-10-05,7526.74,GHS,4,False
2422,13363,16654,15315,1,2025-02-26,engine,Customer reported engine failure; diagnosis completed.,5080.30,3421.39,partially_approved,2025-03-09,3327.26,GHS,11,False
2423,6060,8442,4466,9,2022-12-15,engine,Customer reported engine failure; diagnosis completed.,1951.17,1951.17,approved,2025-06-30,1699.61,GHS,0,True
2424,44934,20757,4091,12,2025-04-09,infotainment,Customer reported infotainment failure; diagnosis completed.,2799.20,2799.20,approved,2025-04-19,2382.95,GHS,10,False
2425,25744,19986,15482,15,2025-01-25,body_hardware,Customer reported body hardware failure; diagnosis completed.,808.20,808.20,approved,2025-02-14,699.11,GHS,20,False
2426,25318,12212,4271,7,2023-10-28,suspension,Customer reported suspension failure; diagnosis completed.,1247.40,1247.40,approved,2023-11-04,1124.64,GHS,7,False
2427,2272,22428,10344,2,2024-07-12,engine,Customer reported engine failure; diagnosis completed.,1159.84,1159.84,approved,2024-07-29,1058.58,GHS,17,False
2428,32710,10220,2946,5,2023-06-14,suspension,Customer reported suspension failure; diagnosis completed.,436.61,436.61,approved,2023-06-19,376.44,GHS,5,False
2429,1924,17657,3889,4,2024-02-28,transmission,Customer reported transmission failure; diagnosis completed.,1090.07,793.44,partially_approved,2024-03-30,763.47,GHS,31,False
2430,29970,12058,8092,5,2024-11-25,battery,Customer reported battery failure; diagnosis completed.,578.58,578.58,approved,2024-12-23,504.04,GHS,28,False
2431,45596,24467,361,5,2024-01-21,engine,Customer reported engine failure; diagnosis completed.,5436.84,5436.84,approved,2024-01-25,5308.28,GHS,4,False
2432,36249,1854,3679,4,2024-01-03,suspension,Customer reported suspension failure; diagnosis completed.,1254.34,0.00,denied,2024-01-23,0.00,GHS,20,False
2433,11113,12144,16160,1,2025-05-17,electrical,Customer reported electrical failure; diagnosis completed.,1750.15,1750.15,approved,2025-06-10,1716.59,GHS,24,False
2434,14354,16037,12447,2,2022-12-15,electrical,Customer reported electrical failure; diagnosis completed.,1229.43,1229.43,approved,2025-05-15,1186.37,GHS,22,False
2435,10337,7674,5098,3,2024-02-12,body_hardware,Customer reported body hardware failure; diagnosis completed.,836.43,836.43,approved,2024-03-04,688.60,GHS,21,False
2436,2322,10924,6768,11,2024-07-07,infotainment,Customer reported infotainment failure; diagnosis completed.,607.10,0.00,denied,2024-07-16,0.00,GHS,9,False
2437,6230,4593,17699,15,2025-03-31,body_hardware,Customer reported body hardware failure; diagnosis completed.,834.16,834.16,approved,2025-04-22,727.40,GHS,22,False
2438,30565,11418,2306,14,2024-02-22,engine,Customer reported engine failure; diagnosis completed.,299.78,118.58,partially_approved,2024-03-03,104.98,GHS,10,False
2439,45300,1139,2806,3,2024-01-30,engine,Customer reported engine failure; diagnosis completed.,3243.61,3243.61,approved,2024-02-21,3016.86,GHS,22,False
2440,3049,7194,954,2,2024-06-22,battery,Customer reported battery failure; diagnosis completed.,2105.44,0.00,denied,2024-07-24,0.00,GHS,32,False
2441,37196,16627,8993,12,2024-11-28,suspension,Customer reported suspension failure; diagnosis completed.,734.01,455.57,partially_approved,2024-12-13,426.02,GHS,15,False
2442,39530,8187,5063,1,2024-09-07,engine,Customer reported engine failure; diagnosis completed.,7996.63,0.00,denied,2024-09-28,0.00,GHS,21,False
2443,9657,23279,3288,2,2024-10-01,transmission,Customer reported transmission failure; diagnosis completed.,430.96,430.96,approved,2024-10-27,365.70,GHS,26,True
2444,15159,13125,10965,5,2025-06-30,engine,Customer reported engine failure; diagnosis completed.,1239.92,1239.92,approved,2025-06-30,1156.08,GHS,0,False
2445,13963,13340,9692,6,2024-04-24,electrical,Customer reported electrical failure; diagnosis completed.,969.98,969.98,approved,2024-05-12,966.31,GHS,18,False
2446,25385,863,1440,11,2023-10-12,transmission,Customer reported transmission failure; diagnosis completed.,1302.15,1302.15,approved,2023-11-22,1294.13,GHS,41,False
2447,21368,4569,9273,9,2024-07-06,body_hardware,Customer reported body hardware failure; diagnosis completed.,1527.77,1527.77,approved,2024-07-22,1463.46,GHS,16,False
2448,16598,5029,6032,2,2023-12-22,engine,Customer reported engine failure; diagnosis completed.,577.79,399.74,partially_approved,2024-01-08,360.84,GHS,17,False
2449,3483,14199,2907,3,2025-06-30,suspension,Customer reported suspension failure; diagnosis completed.,1391.66,1391.66,approved,2025-06-30,1285.99,GHS,0,False
2450,31566,11429,13700,5,2025-06-30,infotainment,Customer reported infotainment failure; diagnosis completed.,231.97,231.97,approved,2025-06-30,215.99,GHS,0,False
2451,29400,7324,17647,7,2025-03-28,infotainment,Customer reported infotainment failure; diagnosis completed.,2402.31,1242.41,partially_approved,2025-04-10,1192.01,GHS,13,False
2452,28993,6111,9721,14,2024-05-11,engine,Customer reported engine failure; diagnosis completed.,395.37,179.04,partially_approved,2024-05-20,154.27,GHS,9,False
2453,16421,4479,12301,5,2024-10-04,infotainment,Customer reported infotainment failure; diagnosis completed.,902.63,902.63,approved,2024-10-26,777.01,GHS,22,False
2454,37356,24258,5103,12,2024-06-17,electrical,Customer reported electrical failure; diagnosis completed.,639.09,0.00,denied,2024-06-24,0.00,GHS,7,False
2455,11648,18581,2331,3,2024-06-08,engine,Customer reported engine failure; diagnosis completed.,3025.65,3025.65,approved,2024-06-27,2740.31,GHS,19,False
2456,13633,18714,12948,2,2025-05-23,engine,Customer reported engine failure; diagnosis completed.,1733.21,1733.21,approved,2025-05-30,1532.47,GHS,7,False
2457,31084,24399,7811,10,2025-05-19,electrical,Customer reported electrical failure; diagnosis completed.,789.37,789.37,approved,2025-06-08,750.89,GHS,20,False
2458,15149,8229,13919,7,2025-06-30,suspension,Customer reported suspension failure; diagnosis completed.,1661.21,1030.97,partially_approved,2025-06-30,942.20,GHS,0,False
2459,7654,16501,767,14,2025-06-30,engine,Customer reported engine failure; diagnosis completed.,1458.70,0.00,denied,2025-06-30,0.00,GHS,0,False
2460,45056,1092,3493,10,2024-08-19,electrical,Customer reported electrical failure; diagnosis completed.,1721.05,1721.05,approved,2024-08-30,1643.42,GHS,11,False
2461,13027,18880,934,4,2023-04-19,electrical,Customer reported electrical failure; diagnosis completed.,857.11,857.11,approved,2023-05-05,798.20,GHS,16,False
2462,406,14076,17150,2,2025-04-26,electrical,Customer reported electrical failure; diagnosis completed.,1016.06,1016.06,approved,2025-05-12,1009.42,GHS,16,False
2463,38620,24776,213,13,2023-07-02,electrical,Customer reported electrical failure; diagnosis completed.,10535.34,10535.34,approved,2023-07-12,8809.70,GHS,10,False
2464,41249,14376,6762,13,2024-02-22,battery,Customer reported battery failure; diagnosis completed.,1670.25,740.16,partially_approved,2024-04-02,687.85,GHS,40,False
2465,12519,1708,12844,6,2024-09-07,body_hardware,Customer reported body hardware failure; diagnosis completed.,606.71,606.71,approved,2024-09-23,520.89,GHS,16,False
2466,34611,9037,7068,9,2025-06-30,infotainment,Customer reported infotainment failure; diagnosis completed.,1485.31,1066.89,partially_approved,2025-06-30,1028.79,GHS,0,False
2467,20659,22407,15688,15,2025-03-05,suspension,Customer reported suspension failure; diagnosis completed.,2052.78,0.00,denied,2025-03-14,0.00,GHS,9,False
2468,46768,14401,4573,6,2025-06-30,infotainment,Customer reported infotainment failure; diagnosis completed.,1427.53,1427.53,approved,2025-06-30,1230.75,GHS,0,False
2469,46786,19167,631,3,2024-09-04,transmission,Customer reported transmission failure; diagnosis completed.,1126.71,1126.71,approved,2024-09-27,1091.76,GHS,23,False
2470,20487,19997,12929,11,2025-06-30,engine,Customer reported engine failure; diagnosis completed.,874.83,874.83,approved,2025-06-30,761.18,GHS,0,False
2471,2155,1890,155,8,2023-09-04,infotainment,Customer reported infotainment failure; diagnosis completed.,2243.14,0.00,denied,2023-09-19,0.00,GHS,15,False
2472,5137,1458,7103,14,2025-05-27,transmission,Customer reported transmission failure; diagnosis completed.,2235.48,0.00,denied,2025-06-24,0.00,GHS,28,False
2473,31727,9822,3755,7,2023-11-16,suspension,Customer reported suspension failure; diagnosis completed.,3187.80,1605.42,partially_approved,2023-12-06,1596.42,GHS,20,True
2474,20803,23761,5813,11,2024-03-18,engine,Customer reported engine failure; diagnosis completed.,495.78,495.78,approved,2024-03-28,463.34,GHS,10,True
2475,17348,6673,2374,12,2023-07-08,body_hardware,Customer reported body hardware failure; diagnosis completed.,1004.17,1004.17,approved,2023-07-27,986.86,GHS,19,False
2476,41608,3882,1994,13,2023-09-23,transmission,Customer reported transmission failure; diagnosis completed.,2226.51,0.00,denied,2023-11-01,0.00,GHS,39,False
2477,14624,12493,1517,11,2024-04-28,electrical,Customer reported electrical failure; diagnosis completed.,2583.75,0.00,denied,2024-05-02,0.00,GHS,4,False
2478,80,12901,14065,3,2024-10-27,electrical,Customer reported electrical failure; diagnosis completed.,757.17,757.17,approved,2024-11-14,710.80,GHS,18,False
2479,9074,20146,7749,1,2024-11-03,engine,Customer reported engine failure; diagnosis completed.,2549.59,1074.22,partially_approved,2024-11-14,951.46,GHS,11,False
2480,41123,16341,4239,13,2025-01-31,suspension,Customer reported suspension failure; diagnosis completed.,476.42,476.42,approved,2025-02-24,472.40,GHS,24,False
2481,41884,762,2155,2,2023-11-16,infotainment,Customer reported infotainment failure; diagnosis completed.,1148.22,1148.22,approved,2023-12-03,1059.77,GHS,17,False
2482,36758,22302,13901,12,2024-12-12,electrical,Customer reported electrical failure; diagnosis completed.,2210.34,2210.34,approved,2024-12-25,1914.49,GHS,13,False
2483,46090,16165,2060,12,2024-05-05,electrical,Customer reported electrical failure; diagnosis completed.,1143.07,0.00,denied,2024-05-21,0.00,GHS,16,False
2484,23130,13576,827,12,2023-09-25,electrical,Customer reported electrical failure; diagnosis completed.,757.20,456.97,partially_approved,2023-10-19,453.35,GHS,24,False
2485,37805,22563,7466,11,2024-01-10,infotainment,Customer reported infotainment failure; diagnosis completed.,2254.65,2254.65,approved,2024-01-27,2186.33,GHS,17,False
2486,2963,3589,18718,11,2025-06-30,transmission,Customer reported transmission failure; diagnosis completed.,676.08,676.08,approved,2025-06-30,627.02,GHS,0,False
2487,25266,8011,4169,3,2024-04-15,electrical,Customer reported electrical failure; diagnosis completed.,791.67,791.67,approved,2024-04-24,732.95,GHS,9,False
2488,43937,7278,1541,11,2023-09-21,body_hardware,Customer reported body hardware failure; diagnosis completed.,628.66,272.99,partially_approved,2023-10-09,272.77,GHS,18,False
2489,28234,18340,6757,7,2024-07-22,electrical,Customer reported electrical failure; diagnosis completed.,484.93,0.00,denied,2024-07-27,0.00,GHS,5,False
2490,16907,18693,7305,1,2024-03-02,transmission,Customer reported transmission failure; diagnosis completed.,548.70,548.70,approved,2024-04-09,544.58,GHS,38,False
2491,42452,11723,9010,2,2025-06-30,battery,Customer reported battery failure; diagnosis completed.,6286.91,6286.91,approved,2025-06-30,5928.91,GHS,0,False
2492,22487,12930,2680,8,2023-10-23,suspension,Customer reported suspension failure; diagnosis completed.,801.46,296.90,partially_approved,2023-11-10,293.58,GHS,18,False
2493,21326,15647,14539,4,2025-03-05,electrical,Customer reported electrical failure; diagnosis completed.,1146.18,0.00,denied,2025-03-14,0.00,GHS,9,False
2494,1242,7208,10747,2,2025-03-31,electrical,Customer reported electrical failure; diagnosis completed.,1700.33,0.00,denied,2025-04-21,0.00,GHS,21,False
2495,35195,14798,843,7,2023-04-04,suspension,Customer reported suspension failure; diagnosis completed.,525.24,0.00,denied,2023-04-25,0.00,GHS,21,False
2496,8780,18968,14340,13,2025-06-30,suspension,Customer reported suspension failure; diagnosis completed.,816.69,816.69,approved,2025-06-30,679.16,GHS,0,False
2497,30233,23660,4276,6,2023-09-07,body_hardware,Customer reported body hardware failure; diagnosis completed.,2901.77,2901.77,approved,2023-09-24,2564.93,GHS,17,False
2498,21942,24360,4981,1,2023-09-28,electrical,Customer reported electrical failure; diagnosis completed.,1907.62,1907.62,approved,2023-10-08,1675.23,GHS,10,False
2499,9042,17438,13301,10,2025-03-05,infotainment,Customer reported infotainment failure; diagnosis completed.,652.98,652.98,approved,2025-03-08,583.05,GHS,3,False
2500,8712,10850,18043,8,2025-06-30,engine,Customer reported engine failure; diagnosis completed.,4510.79,4510.79,approved,2025-06-30,4252.51,GHS,0,False
2501,20856,10408,14440,10,2025-06-30,transmission,Customer reported transmission failure; diagnosis completed.,7789.85,3197.35,partially_approved,2025-06-30,3164.13,GHS,0,False
2502,14399,20821,7165,15,2024-03-04,battery,Customer reported battery failure; diagnosis completed.,2204.46,0.00,denied,2024-04-17,0.00,GHS,44,False
2503,9105,21446,16646,3,2025-06-30,engine,Customer reported engine failure; diagnosis completed.,432.79,432.79,approved,2025-06-30,390.23,GHS,0,True
2504,13478,4197,10440,1,2024-10-02,body_hardware,Customer reported body hardware failure; diagnosis completed.,426.23,426.23,approved,2024-10-21,385.38,GHS,19,True
2505,19170,7541,4112,6,2024-09-04,transmission,Customer reported transmission failure; diagnosis completed.,365.84,365.84,approved,2024-10-14,333.29,GHS,40,False
2506,16264,15759,3433,11,2023-12-07,battery,Customer reported battery failure; diagnosis completed.,907.49,907.49,approved,2024-01-03,774.78,GHS,27,False
2507,37091,24323,2398,6,2024-11-17,electrical,Customer reported electrical failure; diagnosis completed.,4977.72,3438.48,partially_approved,2024-12-08,2875.79,GHS,21,False
2508,45405,18194,6903,12,2024-06-03,body_hardware,Customer reported body hardware failure; diagnosis completed.,1203.02,1203.02,approved,2024-06-15,1156.51,GHS,12,False
2509,41796,23188,5283,5,2024-02-22,infotainment,Customer reported infotainment failure; diagnosis completed.,3278.79,2218.34,partially_approved,2024-03-02,1876.48,GHS,9,True
2510,44317,13710,5492,11,2025-06-30,engine,Customer reported engine failure; diagnosis completed.,1706.15,1706.15,approved,2025-06-30,1516.58,GHS,0,False
2511,26884,1344,1948,6,2025-05-16,transmission,Customer reported transmission failure; diagnosis completed.,918.61,605.67,partially_approved,2025-06-29,600.02,GHS,44,False
2512,32135,19479,6529,2,2024-11-30,body_hardware,Customer reported body hardware failure; diagnosis completed.,1093.70,1093.70,approved,2024-12-19,946.69,GHS,19,False
2513,8443,13935,9087,6,2024-04-28,suspension,Customer reported suspension failure; diagnosis completed.,725.13,725.13,approved,2024-05-09,708.40,GHS,11,False
2514,45333,21056,63,15,2025-06-30,electrical,Customer reported electrical failure; diagnosis completed.,13030.49,13030.49,approved,2025-06-30,12717.73,GHS,0,False
2515,37519,10165,14412,3,2025-06-30,battery,Customer reported battery failure; diagnosis completed.,1468.63,1468.63,approved,2025-06-30,1315.91,GHS,0,False
2516,21668,16614,12691,8,2025-01-29,electrical,Customer reported electrical failure; diagnosis completed.,3027.47,3027.47,approved,2025-02-22,2888.54,GHS,24,False
2517,26727,24996,5202,8,2024-02-27,engine,Customer reported engine failure; diagnosis completed.,4231.64,2327.18,partially_approved,2024-03-10,2168.67,GHS,12,False
2518,22460,20339,4309,8,2023-12-12,transmission,Customer reported transmission failure; diagnosis completed.,694.39,694.39,approved,2024-01-26,591.89,GHS,45,False
2519,18653,24376,6295,3,2023-12-12,infotainment,Customer reported infotainment failure; diagnosis completed.,887.31,887.31,approved,2023-12-30,823.04,GHS,18,False
2520,43201,8708,5643,1,2024-07-06,battery,Customer reported battery failure; diagnosis completed.,767.84,767.84,approved,2024-08-10,698.21,GHS,35,False
2521,27781,20860,7845,8,2024-06-16,transmission,Customer reported transmission failure; diagnosis completed.,4224.40,2116.91,partially_approved,2024-07-18,2058.79,GHS,32,False
2522,11537,6581,3337,3,2025-06-30,electrical,Customer reported electrical failure; diagnosis completed.,1701.53,1701.53,approved,2025-06-30,1481.96,GHS,0,True
2523,27334,18545,10874,11,2025-06-30,engine,Customer reported engine failure; diagnosis completed.,830.73,830.73,approved,2025-06-30,808.37,GHS,0,False
2524,46440,20554,7173,11,2024-10-13,electrical,Customer reported electrical failure; diagnosis completed.,1214.44,1214.44,approved,2024-10-19,1027.50,GHS,6,False
2525,35136,4005,3043,7,2023-07-03,electrical,Customer reported electrical failure; diagnosis completed.,523.29,523.29,approved,2023-07-13,457.46,GHS,10,False
2526,32897,10177,11424,2,2025-06-30,electrical,Customer reported electrical failure; diagnosis completed.,2361.76,2361.76,approved,2025-06-30,2021.18,GHS,0,False
2527,10500,13544,3068,11,2023-12-11,suspension,Customer reported suspension failure; diagnosis completed.,5429.57,5429.57,approved,2023-12-23,5173.61,GHS,12,False
2528,43044,22683,5490,3,2025-06-30,engine,Customer reported engine failure; diagnosis completed.,2932.62,0.00,denied,2025-06-30,0.00,GHS,0,False
2529,35652,23761,5813,3,2024-01-26,battery,Customer reported battery failure; diagnosis completed.,966.75,966.75,approved,2024-03-10,910.40,GHS,44,False
2530,9006,24437,13462,1,2024-12-17,battery,Customer reported battery failure; diagnosis completed.,7959.99,7959.99,approved,2025-01-04,6926.72,GHS,18,False
2531,43963,16969,12976,4,2025-06-30,engine,Customer reported engine failure; diagnosis completed.,2211.56,2211.56,approved,2025-06-30,1818.14,GHS,0,True
2532,16596,6568,10608,7,2025-06-30,engine,Customer reported engine failure; diagnosis completed.,1716.79,0.00,denied,2025-06-30,0.00,GHS,0,False
2533,43164,18344,2113,7,2024-08-25,electrical,Customer reported electrical failure; diagnosis completed.,1169.18,0.00,denied,2024-09-12,0.00,GHS,18,False
2534,46464,21746,2168,2,2023-08-10,suspension,Customer reported suspension failure; diagnosis completed.,553.66,553.66,approved,2023-08-29,473.21,GHS,19,False
2535,1378,19843,2600,5,2024-11-12,infotainment,Customer reported infotainment failure; diagnosis completed.,1818.52,0.00,denied,2024-11-20,0.00,GHS,8,False
2536,41388,10500,2375,1,2024-01-18,infotainment,Customer reported infotainment failure; diagnosis completed.,627.80,627.80,approved,2024-02-09,531.97,GHS,22,False
2537,32883,19117,1867,2,2025-06-30,suspension,Customer reported suspension failure; diagnosis completed.,608.69,608.69,approved,2025-06-30,530.65,GHS,0,False
2538,38372,769,2522,2,2023-11-28,body_hardware,Customer reported body hardware failure; diagnosis completed.,1628.50,0.00,denied,2023-12-19,0.00,GHS,21,False
2539,16423,18803,2748,2,2023-12-03,electrical,Customer reported electrical failure; diagnosis completed.,328.58,328.58,approved,2023-12-21,280.47,GHS,18,False
2540,42013,19823,15798,9,2025-01-17,battery,Customer reported battery failure; diagnosis completed.,1577.48,1577.48,approved,2025-02-16,1375.18,GHS,30,False
2541,41225,17085,2698,5,2024-09-29,transmission,Customer reported transmission failure; diagnosis completed.,2783.06,2783.06,approved,2024-11-05,2467.94,GHS,37,False
2542,5900,870,10189,3,2024-06-26,battery,Customer reported battery failure; diagnosis completed.,,927.99,approved,2024-07-20,911.10,GHS,24,False
2543,14296,7333,4838,1,2024-10-24,engine,Customer reported engine failure; diagnosis completed.,619.01,619.01,approved,2024-11-15,528.76,GHS,22,False
2544,42679,17875,15577,3,2025-02-08,electrical,Customer reported electrical failure; diagnosis completed.,944.38,944.38,approved,2025-02-11,848.50,GHS,3,False
2545,12629,20267,204,2,2023-05-01,electrical,Customer reported electrical failure; diagnosis completed.,692.24,0.00,denied,2023-05-13,0.00,GHS,12,False
2546,3780,24210,3786,12,2025-06-30,transmission,Customer reported transmission failure; diagnosis completed.,608.26,608.26,approved,2025-06-30,583.17,GHS,0,False
2547,24720,3421,3256,2,2024-10-28,engine,Customer reported engine failure; diagnosis completed.,478.80,478.80,approved,2024-11-10,394.65,GHS,13,False
2548,26177,12580,3596,4,2023-07-22,body_hardware,Customer reported body hardware failure; diagnosis completed.,2436.16,2436.16,approved,2023-08-13,2225.46,GHS,22,False
2549,20975,15728,17533,4,2025-03-25,electrical,Customer reported electrical failure; diagnosis completed.,899.90,0.00,denied,2025-04-15,0.00,GHS,21,False
2550,12478,10655,15690,7,2025-06-30,electrical,Customer reported electrical failure; diagnosis completed.,2223.07,2223.07,approved,2025-06-30,2059.77,GHS,0,False
2551,47134,16945,9251,11,2025-05-25,body_hardware,Customer reported body hardware failure; diagnosis completed.,1628.85,0.00,denied,2025-06-16,0.00,GHS,22,False
2552,42909,6225,1625,4,2023-06-19,electrical,Customer reported electrical failure; diagnosis completed.,578.52,578.52,approved,2023-07-10,518.90,GHS,21,False
2553,45048,6158,1744,11,2024-07-27,infotainment,Customer reported infotainment failure; diagnosis completed.,1281.03,0.00,denied,2024-08-16,0.00,GHS,20,False
2554,2687,6951,9315,1,2025-06-30,body_hardware,Customer reported body hardware failure; diagnosis completed.,1910.38,1910.38,approved,2025-06-30,1674.40,GHS,0,False
2555,42221,15958,1488,2,2024-11-28,electrical,Customer reported electrical failure; diagnosis completed.,9684.44,9684.44,approved,2024-12-19,8796.46,GHS,21,False
2556,40631,24377,1559,10,2025-01-27,electrical,Customer reported electrical failure; diagnosis completed.,462.32,183.58,partially_approved,2025-02-01,164.50,GHS,5,False
2557,8076,7158,19862,8,2025-06-30,engine,Customer reported engine failure; diagnosis completed.,500.44,318.14,partially_approved,2025-06-30,261.59,GHS,0,False
2558,9797,3870,5106,9,2024-05-18,electrical,Customer reported electrical failure; diagnosis completed.,1181.75,1181.75,approved,2024-06-09,978.91,GHS,22,False
2559,9912,8572,18739,4,2025-06-30,body_hardware,Customer reported body hardware failure; diagnosis completed.,4074.55,4074.55,approved,2025-06-30,3794.41,GHS,0,False
2560,13283,314,15320,4,2025-04-25,battery,Customer reported battery failure; diagnosis completed.,961.09,961.09,approved,2025-05-29,850.99,GHS,34,False
2561,33906,2658,7070,14,2023-12-26,engine,Customer reported engine failure; diagnosis completed.,1403.02,1403.02,approved,2024-01-14,1395.79,GHS,19,False
2562,27052,24940,3447,2,2025-03-17,engine,Customer reported engine failure; diagnosis completed.,796.82,796.82,approved,2025-04-09,692.41,GHS,23,False
2563,24110,3354,13580,15,2025-03-28,electrical,Customer reported electrical failure; diagnosis completed.,737.35,737.35,approved,2025-04-09,701.68,GHS,12,False
2564,5172,23350,12136,1,2025-01-08,engine,Customer reported engine failure; diagnosis completed.,528.94,528.94,approved,2025-01-27,501.18,GHS,19,False
2565,46240,12034,17189,2,2025-03-11,electrical,Customer reported electrical failure; diagnosis completed.,831.42,831.42,approved,2025-04-01,732.59,GHS,21,False
2566,23113,14490,17949,1,2025-06-30,battery,Customer reported battery failure; diagnosis completed.,1075.25,1075.25,approved,2025-06-30,1028.70,GHS,0,False
2567,14892,17996,1388,3,2023-11-23,electrical,Customer reported electrical failure; diagnosis completed.,1253.30,635.29,partially_approved,2023-12-02,626.39,GHS,9,False
2568,32376,17850,8432,3,2024-11-15,infotainment,Customer reported infotainment failure; diagnosis completed.,574.28,574.28,approved,2024-11-22,508.96,GHS,7,False
2569,35518,9980,14281,10,2024-12-26,body_hardware,Customer reported body hardware failure; diagnosis completed.,716.83,716.83,approved,2025-01-05,639.27,GHS,10,False
2570,3824,19758,4012,5,2024-11-05,engine,Customer reported engine failure; diagnosis completed.,514.19,514.19,approved,2024-11-13,435.13,GHS,8,False
2571,47255,19042,275,3,2023-04-27,battery,Customer reported battery failure; diagnosis completed.,4312.78,4312.78,approved,2023-05-24,3763.28,GHS,27,False
2572,35586,16846,3816,4,2023-11-21,body_hardware,Customer reported body hardware failure; diagnosis completed.,1265.66,0.00,denied,2023-12-11,0.00,GHS,20,False
2573,309,1076,1027,11,2024-03-10,body_hardware,Customer reported body hardware failure; diagnosis completed.,5688.89,0.00,denied,2024-03-26,0.00,GHS,16,False
2574,29763,11245,3983,13,2024-07-19,engine,Customer reported engine failure; diagnosis completed.,980.40,980.40,approved,2024-08-12,900.23,GHS,24,False
2575,4263,20386,8878,1,2025-06-30,suspension,Customer reported suspension failure; diagnosis completed.,1349.99,1349.99,approved,2025-06-30,1249.86,GHS,0,False
2576,8128,6651,12214,8,2025-01-16,suspension,Customer reported suspension failure; diagnosis completed.,2455.55,2455.55,approved,2025-02-02,2039.31,GHS,17,False
2577,40825,16617,4760,3,2024-08-19,suspension,Customer reported suspension failure; diagnosis completed.,1357.16,1357.16,approved,2024-08-28,1214.88,GHS,9,False
2578,22772,19433,2196,3,2023-07-18,infotainment,Customer reported infotainment failure; diagnosis completed.,2449.16,2449.16,approved,2023-08-03,2292.21,GHS,16,False
2579,33934,18559,10664,15,2024-09-17,engine,Customer reported engine failure; diagnosis completed.,2389.67,0.00,denied,2024-10-05,0.00,GHS,18,False
2580,29694,5529,2793,2,2024-07-23,engine,Customer reported engine failure; diagnosis completed.,1176.22,1176.22,approved,2024-07-27,992.37,GHS,4,True
2581,26179,20434,450,7,2024-03-14,engine,Customer reported engine failure; diagnosis completed.,1374.84,790.36,partially_approved,2024-03-30,747.46,GHS,16,False
2582,9246,20207,925,15,2024-01-02,electrical,Customer reported electrical failure; diagnosis completed.,1655.85,0.00,denied,2024-01-09,0.00,GHS,7,False
2583,8520,5046,11057,9,2024-12-09,transmission,Customer reported transmission failure; diagnosis completed.,717.74,717.74,approved,2025-01-17,701.78,GHS,39,False
2584,42735,8595,7602,4,2025-06-30,infotainment,Customer reported infotainment failure; diagnosis completed.,805.00,805.00,approved,2025-06-30,672.20,GHS,0,False
2585,24321,7784,10580,12,2024-08-21,body_hardware,Customer reported body hardware failure; diagnosis completed.,359.80,0.00,denied,2024-08-30,0.00,GHS,9,False
2586,39861,9821,17112,8,2025-06-30,electrical,Customer reported electrical failure; diagnosis completed.,2311.10,0.00,denied,2025-06-30,0.00,GHS,0,False
2587,7020,11396,16571,9,2025-06-30,infotainment,Customer reported infotainment failure; diagnosis completed.,382.36,382.36,approved,2025-06-30,347.61,GHS,0,False
2588,9012,1003,10724,8,2024-05-27,electrical,Customer reported electrical failure; diagnosis completed.,689.14,689.14,approved,2024-06-06,641.76,GHS,10,False
2589,20466,20063,13027,5,2025-06-30,infotainment,Customer reported infotainment failure; diagnosis completed.,1082.94,1082.94,approved,2025-06-30,1064.30,GHS,0,False
2590,3520,10515,12675,15,2025-06-30,electrical,Customer reported electrical failure; diagnosis completed.,1943.10,0.00,denied,2025-06-30,0.00,GHS,0,False
2591,40122,20070,4723,6,2025-06-30,transmission,Customer reported transmission failure; diagnosis completed.,1236.84,0.00,denied,2025-06-30,0.00,GHS,0,False
2592,18487,139,2052,7,2023-09-23,battery,Customer reported battery failure; diagnosis completed.,2439.60,2439.60,approved,2023-10-14,2329.22,GHS,21,False
2593,30047,18746,5508,8,2024-04-02,infotainment,Customer reported infotainment failure; diagnosis completed.,729.95,729.95,approved,2024-04-15,606.66,GHS,13,False
2594,29751,17141,11263,6,2025-06-30,engine,Customer reported engine failure; diagnosis completed.,2911.52,2911.52,approved,2025-06-30,2675.28,GHS,0,False
2595,43623,20482,1458,3,2024-08-03,electrical,Customer reported electrical failure; diagnosis completed.,1142.90,1436.03,partially_approved,2024-08-16,570.39,GHS,13,False
2596,37687,16986,12569,10,2025-06-30,electrical,Customer reported electrical failure; diagnosis completed.,757.15,757.15,approved,2025-06-30,667.64,GHS,0,False
2597,22911,4282,11805,3,2024-12-19,electrical,Customer reported electrical failure; diagnosis completed.,787.56,787.56,approved,2024-12-29,736.95,GHS,10,False
2598,12582,6074,15072,1,2025-02-06,body_hardware,Customer reported body hardware failure; diagnosis completed.,236.30,0.00,denied,2025-03-01,0.00,GHS,23,False
2599,20679,9487,13546,2,2025-06-30,battery,Customer reported battery failure; diagnosis completed.,561.16,561.16,approved,2025-06-30,551.85,GHS,0,False
2600,39928,3087,6,14,2025-06-30,body_hardware,Customer reported body hardware failure; diagnosis completed.,872.69,872.69,approved,2025-06-30,719.95,GHS,0,False
2601,10541,22380,14288,4,2024-11-07,engine,Customer reported engine failure; diagnosis completed.,2126.69,1377.09,partially_approved,2024-11-14,1311.57,GHS,7,False
2602,46905,6130,7484,3,2024-11-30,electrical,Customer reported electrical failure; diagnosis completed.,1876.16,1080.63,partially_approved,2024-12-14,1074.46,GHS,14,False
2603,6074,10175,4710,14,2024-03-24,electrical,Customer reported electrical failure; diagnosis completed.,1085.94,1085.94,approved,2024-04-11,964.68,GHS,18,False
2604,7564,9781,11262,10,2024-10-24,infotainment,Customer reported infotainment failure; diagnosis completed.,2660.23,1881.05,partially_approved,2024-11-07,1777.32,GHS,14,False
2605,6624,20438,6933,4,2024-05-03,suspension,Customer reported suspension failure; diagnosis completed.,390.51,169.39,partially_approved,2024-05-25,161.28,GHS,22,False
2606,39761,11300,9572,2,2025-06-21,electrical,Customer reported electrical failure; diagnosis completed.,1224.07,654.12,partially_approved,2025-06-30,540.91,GHS,9,False
2607,39898,17495,7340,9,2025-04-09,infotainment,Customer reported infotainment failure; diagnosis completed.,434.86,202.73,partially_approved,2025-04-16,171.80,GHS,7,False
2608,15196,571,15250,11,2025-06-21,engine,Customer reported engine failure; diagnosis completed.,1232.19,0.00,denied,2025-06-30,0.00,GHS,9,False
2609,27138,16778,4500,14,2023-09-18,body_hardware,Customer reported body hardware failure; diagnosis completed.,986.41,986.41,approved,2023-10-01,854.76,GHS,13,False
2610,17736,17160,11325,13,2024-09-20,electrical,Customer reported electrical failure; diagnosis completed.,1727.23,1727.23,approved,2024-10-01,1424.92,GHS,11,False
2611,15707,11592,274,5,2023-12-29,suspension,Customer reported suspension failure; diagnosis completed.,549.27,549.27,approved,2024-01-08,532.67,GHS,10,False
2612,27394,14243,5895,12,2024-03-30,transmission,Customer reported transmission failure; diagnosis completed.,2091.26,0.00,denied,2024-04-27,0.00,GHS,28,True
2613,20888,313,3800,10,2022-12-15,suspension,Customer reported suspension failure; diagnosis completed.,1928.18,1928.18,approved,2025-01-11,1743.65,GHS,11,False
2614,885,21992,1842,6,2023-10-16,battery,Customer reported battery failure; diagnosis completed.,2033.66,2033.66,approved,2023-11-19,1756.62,GHS,34,False
2615,26716,11827,9722,7,2025-06-30,body_hardware,Customer reported body hardware failure; diagnosis completed.,724.88,0.00,denied,2025-06-30,0.00,GHS,0,False
2616,41951,7751,6543,4,2024-06-08,electrical,Customer reported electrical failure; diagnosis completed.,964.03,619.22,partially_approved,2024-07-01,613.57,GHS,23,False
2617,12865,13579,858,4,2024-09-02,electrical,Customer reported electrical failure; diagnosis completed.,906.92,461.24,partially_approved,2024-09-23,453.10,GHS,21,False
2618,31787,13300,9595,6,2025-04-12,battery,Customer reported battery failure; diagnosis completed.,765.82,765.82,approved,2025-05-22,717.58,GHS,40,False
2619,12501,5755,1836,2,2025-06-04,suspension,Customer reported suspension failure; diagnosis completed.,4226.22,4226.22,approved,2025-06-11,3716.05,GHS,7,False
2620,3046,14812,11332,12,2025-02-13,electrical,Customer reported electrical failure; diagnosis completed.,10845.14,10845.14,approved,2025-03-08,8928.99,GHS,23,False
2621,26036,5592,3242,4,2025-06-30,engine,Customer reported engine failure; diagnosis completed.,6795.49,6795.49,approved,2025-06-30,6383.70,GHS,0,False
2622,680,5271,12242,2,2024-11-03,battery,Customer reported battery failure; diagnosis completed.,5201.10,5201.10,approved,2024-12-13,5084.07,GHS,40,False
2623,43134,21882,1963,4,2024-05-17,battery,Customer reported battery failure; diagnosis completed.,1285.97,1285.97,approved,2024-07-01,1157.11,GHS,45,False
2624,21353,21622,9686,1,2025-01-18,battery,Customer reported battery failure; diagnosis completed.,2243.72,2243.72,approved,2025-02-10,2012.25,GHS,23,False
2625,15129,13474,12273,9,2024-09-12,transmission,Customer reported transmission failure; diagnosis completed.,826.38,0.00,denied,2024-10-03,0.00,GHS,21,False
2626,11708,3827,6483,4,2024-01-16,infotainment,Customer reported infotainment failure; diagnosis completed.,3765.72,3765.72,approved,2024-01-29,3207.24,GHS,13,False
2627,28518,15929,5179,14,2025-06-30,electrical,Customer reported electrical failure; diagnosis completed.,3065.60,2071.96,partially_approved,2025-06-30,2060.95,GHS,0,False
2628,5363,5757,7311,7,2024-02-24,engine,Customer reported engine failure; diagnosis completed.,466.85,0.00,denied,2024-03-05,0.00,GHS,10,False
2629,37776,15008,19443,9,2025-06-30,transmission,Customer reported transmission failure; diagnosis completed.,4585.62,4585.62,approved,2025-06-30,4033.26,GHS,0,False
2630,28192,21625,12047,13,2024-10-22,electrical,Customer reported electrical failure; diagnosis completed.,4118.57,4118.57,approved,2024-11-14,3524.14,GHS,23,False
2631,5792,10675,3750,4,2024-03-25,suspension,Customer reported suspension failure; diagnosis completed.,663.59,663.59,approved,2024-03-28,634.22,GHS,3,False
2632,15402,15120,16450,1,2025-06-30,electrical,Customer reported electrical failure; diagnosis completed.,428.09,428.09,approved,2025-06-30,358.03,GHS,0,False
2633,42671,12062,3748,10,2023-08-31,electrical,Customer reported electrical failure; diagnosis completed.,1026.45,1026.45,approved,2023-09-14,902.13,GHS,14,False
2634,5719,8648,2085,6,2025-06-30,engine,Customer reported engine failure; diagnosis completed.,887.62,468.81,partially_approved,2025-06-30,442.19,GHS,0,False
2635,14894,8225,2829,1,2023-06-08,body_hardware,Customer reported body hardware failure; diagnosis completed.,3727.34,3727.34,approved,2023-06-20,3194.95,GHS,12,False
2636,2093,1665,12240,3,2024-10-16,body_hardware,Customer reported body hardware failure; diagnosis completed.,1198.25,1198.25,approved,2024-10-19,1174.50,GHS,3,False
2637,33135,9782,15028,6,2025-03-13,infotainment,Customer reported infotainment failure; diagnosis completed.,1609.19,894.08,partially_approved,2025-03-19,740.09,GHS,6,False
2638,36896,12000,8284,11,2025-06-30,electrical,Customer reported electrical failure; diagnosis completed.,3328.50,3328.50,approved,2025-06-30,2872.80,GHS,0,False
2639,32531,12914,4196,6,2025-06-30,infotainment,Customer reported infotainment failure; diagnosis completed.,763.79,590.96,partially_approved,2025-06-30,484.62,GHS,0,False
2640,20060,15391,1061,3,2025-01-02,infotainment,Customer reported infotainment failure; diagnosis completed.,1231.93,0.00,denied,2025-01-22,0.00,GHS,20,False
2641,465,4567,6905,6,2024-11-14,electrical,Customer reported electrical failure; diagnosis completed.,1641.47,1641.47,approved,2024-12-02,1541.45,GHS,18,False
2642,27228,22130,4514,4,2023-10-20,electrical,Customer reported electrical failure; diagnosis completed.,494.04,0.00,denied,2023-11-04,0.00,GHS,15,False
2643,19303,12412,11792,1,2025-04-07,electrical,Customer reported electrical failure; diagnosis completed.,3050.34,3050.34,approved,2025-04-24,2825.84,GHS,17,False
2644,21467,1189,10384,12,2024-11-19,electrical,Customer reported electrical failure; diagnosis completed.,,1027.41,partially_approved,2024-12-01,869.08,GHS,12,False
2645,2991,11003,17541,3,2025-04-19,battery,Customer reported battery failure; diagnosis completed.,1480.66,1480.66,approved,2025-05-12,1471.24,GHS,23,False
2646,217,23451,5269,15,2024-07-18,suspension,Customer reported suspension failure; diagnosis completed.,963.13,963.13,approved,2024-08-03,918.19,GHS,16,False
2647,17743,23066,2136,5,2024-03-23,engine,Customer reported engine failure; diagnosis completed.,603.49,0.00,denied,2024-03-28,0.00,GHS,5,True
2648,14928,16826,14136,1,2025-05-03,engine,Customer reported engine failure; diagnosis completed.,2158.24,1630.73,partially_approved,2025-05-17,1514.15,GHS,14,False
2649,20219,23845,16146,3,2025-02-18,suspension,Customer reported suspension failure; diagnosis completed.,,3523.26,approved,2025-02-27,3288.53,GHS,9,False
2650,14945,21650,6120,12,2023-12-08,suspension,Customer reported suspension failure; diagnosis completed.,799.02,799.02,approved,2023-12-15,693.54,GHS,7,True
2651,27636,7496,4160,1,2025-03-25,engine,Customer reported engine failure; diagnosis completed.,629.55,305.54,partially_approved,2025-04-16,278.69,GHS,22,False
2652,17608,16601,13741,9,2025-06-30,electrical,Customer reported electrical failure; diagnosis completed.,676.91,676.91,approved,2025-06-30,625.85,GHS,0,False
2653,22158,10480,3202,8,2024-02-14,battery,Customer reported battery failure; diagnosis completed.,746.66,746.66,approved,2024-03-27,728.95,GHS,42,False
2654,7543,1226,6390,14,2025-06-30,suspension,Customer reported suspension failure; diagnosis completed.,733.37,733.37,approved,2025-06-30,622.37,GHS,0,False
2655,15479,17832,3575,12,2023-07-11,electrical,Customer reported electrical failure; diagnosis completed.,474.10,291.73,partially_approved,2023-07-15,271.77,GHS,4,False
2656,25572,4285,3163,4,2023-10-08,battery,Customer reported battery failure; diagnosis completed.,471.00,0.00,denied,2023-11-24,0.00,GHS,47,False
2657,17592,1680,11191,1,2025-03-04,engine,Customer reported engine failure; diagnosis completed.,1628.37,1628.37,approved,2025-03-11,1374.33,GHS,7,False
2658,40133,1864,9684,4,2025-06-30,infotainment,Customer reported infotainment failure; diagnosis completed.,1297.14,0.00,denied,2025-06-30,0.00,GHS,0,False
2659,29312,5620,2544,9,2024-09-03,infotainment,Customer reported infotainment failure; diagnosis completed.,957.88,479.09,partially_approved,2024-09-13,439.87,GHS,10,False
2660,26190,17195,4692,5,2024-02-12,engine,Customer reported engine failure; diagnosis completed.,670.01,670.01,approved,2024-03-07,583.74,GHS,24,False
2661,36106,13729,10052,15,2024-07-25,suspension,Customer reported suspension failure; diagnosis completed.,1062.42,740.14,partially_approved,2024-07-31,737.74,GHS,6,False
2662,29379,21757,12095,1,2025-06-30,transmission,Customer reported transmission failure; diagnosis completed.,435.33,234.82,partially_approved,2025-06-30,220.82,GHS,0,True
2663,4197,19763,1120,5,2024-05-29,electrical,Customer reported electrical failure; diagnosis completed.,2790.98,0.00,denied,2024-06-12,0.00,GHS,14,False
2664,10034,1920,11478,5,2024-06-30,infotainment,Customer reported infotainment failure; diagnosis completed.,697.34,697.34,approved,2024-07-24,617.34,GHS,24,False
2665,37753,20267,204,6,2023-06-09,engine,Customer reported engine failure; diagnosis completed.,1494.44,1494.44,approved,2023-06-14,1470.84,GHS,5,False
2666,37346,1175,7086,13,2025-02-26,suspension,Customer reported suspension failure; diagnosis completed.,2893.00,2893.00,approved,2025-03-03,2806.15,GHS,5,False
2667,10536,20982,10663,6,2024-12-11,transmission,Customer reported transmission failure; diagnosis completed.,1243.62,0.00,denied,2025-01-15,0.00,GHS,35,False
2668,14628,6221,6878,6,2025-05-07,transmission,Customer reported transmission failure; diagnosis completed.,706.40,706.40,approved,2025-06-09,656.02,GHS,33,False
2669,31152,23801,8034,5,2024-06-09,electrical,Customer reported electrical failure; diagnosis completed.,9187.64,9187.64,approved,2024-06-30,7991.56,GHS,21,False
2670,6514,17117,8707,5,2024-04-01,body_hardware,Customer reported body hardware failure; diagnosis completed.,460.30,178.09,partially_approved,2024-04-09,170.79,GHS,8,False
2671,5145,3677,7752,4,2025-05-16,engine,Customer reported engine failure; diagnosis completed.,1818.43,1818.43,approved,2025-05-19,1681.88,GHS,3,False
2672,2550,20712,2061,7,2025-06-30,engine,Customer reported engine failure; diagnosis completed.,1001.17,0.00,denied,2025-06-30,0.00,GHS,0,False
2673,20998,19320,3905,2,2024-06-24,electrical,Customer reported electrical failure; diagnosis completed.,884.33,884.33,approved,2024-06-29,848.65,GHS,5,False
2674,41330,1129,12906,2,2025-06-30,infotainment,Customer reported infotainment failure; diagnosis completed.,534.09,534.09,approved,2025-06-30,489.07,GHS,0,False
2675,46087,2088,2871,2,2025-01-27,infotainment,Customer reported infotainment failure; diagnosis completed.,1275.70,972.17,partially_approved,2025-02-06,876.37,GHS,10,False
2676,37716,20622,928,3,2024-12-23,infotainment,Customer reported infotainment failure; diagnosis completed.,868.09,868.09,approved,2025-01-02,749.97,GHS,10,False
2677,13100,8289,18320,7,2025-04-24,electrical,Customer reported electrical failure; diagnosis completed.,1015.40,0.00,denied,2025-05-05,0.00,GHS,11,False
2678,30147,24467,361,1,2023-05-26,battery,Customer reported battery failure; diagnosis completed.,549.79,549.79,approved,2023-06-27,450.89,GHS,32,False
2679,13004,4946,4900,8,2023-09-18,engine,Customer reported engine failure; diagnosis completed.,3324.51,2067.73,partially_approved,2023-10-05,1736.62,GHS,17,True
2680,5269,5963,4931,8,2024-02-18,transmission,Customer reported transmission failure; diagnosis completed.,5164.93,5164.93,approved,2024-03-21,4853.13,GHS,32,False
2681,6792,15983,9680,1,2025-06-30,infotainment,Customer reported infotainment failure; diagnosis completed.,2813.28,2813.28,approved,2025-06-30,2665.76,GHS,0,False
2682,37724,4967,13622,4,2025-04-06,body_hardware,Customer reported body hardware failure; diagnosis completed.,774.37,774.37,approved,2025-04-17,738.43,GHS,11,False
2683,44482,20775,2904,2,2024-06-15,suspension,Customer reported suspension failure; diagnosis completed.,786.40,786.40,approved,2024-06-30,783.89,GHS,15,False
2684,11207,20195,12873,5,2024-11-18,electrical,Customer reported electrical failure; diagnosis completed.,354.48,354.48,approved,2024-11-29,294.83,GHS,11,False
2685,19765,2173,7369,3,2024-02-24,electrical,Customer reported electrical failure; diagnosis completed.,5273.67,5273.67,approved,2024-03-15,4757.48,GHS,20,True
2686,1732,17763,2870,15,2025-06-30,electrical,Customer reported electrical failure; diagnosis completed.,15330.46,0.00,denied,2025-06-30,0.00,GHS,0,False
2687,16053,1154,4375,15,2024-01-27,transmission,Customer reported transmission failure; diagnosis completed.,4025.76,4025.76,approved,2024-03-05,3655.35,GHS,38,False
2688,9934,4166,9033,4,2025-06-30,engine,Customer reported engine failure; diagnosis completed.,1425.27,2203.04,approved,2025-06-30,1213.77,GHS,0,False
2689,29405,10064,12834,11,2024-11-02,body_hardware,Customer reported body hardware failure; diagnosis completed.,852.89,852.89,approved,2024-11-25,704.75,GHS,23,False
2690,31431,351,5909,15,2025-06-30,transmission,Customer reported transmission failure; diagnosis completed.,1858.81,1112.60,partially_approved,2025-06-30,1008.59,GHS,0,False
2691,27342,4493,4469,2,2023-10-19,infotainment,Customer reported infotainment failure; diagnosis completed.,1889.20,1889.20,approved,2023-11-04,1770.76,GHS,16,False
2692,33967,5670,9618,5,2025-06-19,electrical,Customer reported electrical failure; diagnosis completed.,587.49,587.49,approved,2025-06-30,487.60,GHS,11,True
2693,18735,13170,15304,5,2025-06-30,electrical,Customer reported electrical failure; diagnosis completed.,3309.30,3309.30,approved,2025-06-30,3053.25,GHS,0,False
2694,12689,3056,10001,10,2025-04-18,transmission,Customer reported transmission failure; diagnosis completed.,2112.15,0.00,denied,2025-05-30,0.00,GHS,42,False
2695,25851,14535,6081,3,2024-06-24,suspension,Customer reported suspension failure; diagnosis completed.,1583.18,1583.18,approved,2024-07-15,1570.50,GHS,21,False
2696,45760,16952,684,14,2024-11-26,engine,Customer reported engine failure; diagnosis completed.,891.85,359.00,partially_approved,2024-12-17,295.53,GHS,21,False
2697,4694,10615,16929,15,2025-06-30,engine,Customer reported engine failure; diagnosis completed.,781.85,0.00,denied,2025-06-30,0.00,GHS,0,False
2698,26580,12233,17617,2,2025-06-30,electrical,Customer reported electrical failure; diagnosis completed.,2407.97,2407.97,approved,2025-06-30,2149.12,GHS,0,False
2699,232,7639,148,7,2023-11-21,suspension,Customer reported suspension failure; diagnosis completed.,1332.33,1332.33,approved,2023-12-04,1252.66,GHS,13,False
2700,30045,10225,13,1,2023-09-23,body_hardware,Customer reported body hardware failure; diagnosis completed.,1606.90,1606.90,approved,2023-10-04,1467.32,GHS,11,False
2701,14409,11242,14525,15,2025-01-27,suspension,Customer reported suspension failure; diagnosis completed.,906.67,906.67,approved,2025-02-01,802.92,GHS,5,False
2702,5568,24232,2103,8,2025-06-30,engine,Customer reported engine failure; diagnosis completed.,935.08,935.08,approved,2025-06-30,788.92,GHS,0,False
2703,5272,273,1298,4,2024-06-12,battery,Customer reported battery failure; diagnosis completed.,1291.00,1291.00,approved,2024-07-28,1252.93,GHS,46,False
2704,18894,9290,4934,1,2025-06-30,battery,Customer reported battery failure; diagnosis completed.,3367.47,3367.47,approved,2025-06-30,3101.10,GHS,0,False
2705,24591,370,16386,2,2025-06-30,engine,Customer reported engine failure; diagnosis completed.,543.72,543.72,approved,2025-06-30,482.17,GHS,0,False
2706,34278,24424,644,2,2025-05-29,infotainment,Customer reported infotainment failure; diagnosis completed.,844.67,844.67,approved,2025-06-05,835.17,GHS,7,False
2707,36105,8890,10859,6,2024-09-28,electrical,Customer reported electrical failure; diagnosis completed.,483.15,483.15,approved,2024-10-17,408.12,GHS,19,False
2708,18974,16146,16524,7,2025-06-30,battery,Customer reported battery failure; diagnosis completed.,1241.20,0.00,denied,2025-06-30,0.00,GHS,0,False
2709,6855,8200,7548,1,2025-05-02,battery,Customer reported battery failure; diagnosis completed.,2538.27,1724.72,partially_approved,2025-06-09,1610.06,GHS,38,False
2710,26731,12716,2661,15,2023-10-27,suspension,Customer reported suspension failure; diagnosis completed.,733.56,733.56,approved,2023-11-06,613.75,GHS,10,False
2711,18171,3253,6013,3,2024-07-31,transmission,Customer reported transmission failure; diagnosis completed.,517.94,517.94,approved,2024-08-28,484.25,GHS,28,True
2712,7415,20971,1416,13,2024-01-09,engine,Customer reported engine failure; diagnosis completed.,959.53,959.53,approved,2024-01-26,937.27,GHS,17,False
2713,36991,3006,17683,1,2025-06-30,infotainment,Customer reported infotainment failure; diagnosis completed.,1960.43,1960.43,approved,2025-06-30,1646.17,GHS,0,False
2714,14882,5412,10522,1,2025-06-30,body_hardware,Customer reported body hardware failure; diagnosis completed.,1783.02,1783.02,approved,2025-06-30,1572.39,GHS,0,True
2715,29529,8556,551,11,2024-10-21,electrical,Customer reported electrical failure; diagnosis completed.,22554.44,22554.44,approved,2024-10-27,20940.98,GHS,6,False
2716,21307,7425,8220,15,2024-08-27,engine,Customer reported engine failure; diagnosis completed.,831.87,335.32,partially_approved,2024-09-08,330.58,GHS,12,False
2717,13140,720,12880,3,2025-06-30,battery,Customer reported battery failure; diagnosis completed.,286.55,159.59,partially_approved,2025-06-30,131.56,GHS,0,False
2718,1425,6709,3253,1,2024-08-06,electrical,Customer reported electrical failure; diagnosis completed.,1330.85,1330.85,approved,2024-08-18,1293.11,GHS,12,False
2719,41859,14091,6653,9,2025-02-16,electrical,Customer reported electrical failure; diagnosis completed.,638.68,638.68,approved,2025-03-08,566.39,GHS,20,False
2720,11188,9011,10637,9,2025-05-25,infotainment,Customer reported infotainment failure; diagnosis completed.,440.75,440.75,approved,2025-06-12,438.79,GHS,18,False
2721,33129,10056,2794,5,2025-06-30,battery,Customer reported battery failure; diagnosis completed.,1351.30,0.00,denied,2025-06-30,0.00,GHS,0,False
2722,11503,24977,8248,1,2024-02-17,electrical,Customer reported electrical failure; diagnosis completed.,5400.48,5400.48,approved,2024-03-06,5360.72,GHS,18,False
2723,30017,6202,1105,4,2024-04-14,suspension,Customer reported suspension failure; diagnosis completed.,4645.86,2578.54,partially_approved,2024-04-28,2203.60,GHS,14,False
2724,32791,18450,12255,5,2024-12-29,transmission,Customer reported transmission failure; diagnosis completed.,504.50,0.00,denied,2025-01-24,0.00,GHS,26,False
2725,14504,15719,7278,12,2025-06-30,battery,Customer reported battery failure; diagnosis completed.,1034.64,1034.64,approved,2025-06-30,958.35,GHS,0,True
2726,24665,24171,13648,8,2024-12-08,body_hardware,Customer reported body hardware failure; diagnosis completed.,673.43,673.43,approved,2024-12-14,624.86,GHS,6,False
2727,33281,23826,11891,1,2025-04-10,electrical,Customer reported electrical failure; diagnosis completed.,2248.67,1539.92,partially_approved,2025-04-14,1481.94,GHS,4,False
2728,47852,3058,10777,11,2025-06-30,engine,Customer reported engine failure; diagnosis completed.,2095.24,2095.24,approved,2025-06-30,1821.82,GHS,0,False
2729,36520,5942,1827,5,2023-11-01,electrical,Customer reported electrical failure; diagnosis completed.,556.22,556.22,approved,2023-11-22,456.24,GHS,21,False
2730,13088,24003,15862,5,2025-05-11,electrical,Customer reported electrical failure; diagnosis completed.,2536.03,2536.03,approved,2025-05-26,2085.60,GHS,15,False
2731,7084,9799,3396,3,2024-10-09,body_hardware,Customer reported body hardware failure; diagnosis completed.,1949.56,1949.56,approved,2024-10-15,1682.65,GHS,6,False
2732,3877,23920,12835,1,2024-12-26,battery,Customer reported battery failure; diagnosis completed.,,340.27,partially_approved,2025-01-29,315.71,GHS,34,True
2733,18944,14756,2978,15,2023-09-05,infotainment,Customer reported infotainment failure; diagnosis completed.,1187.52,1187.52,approved,2023-09-18,1030.02,GHS,13,False
2734,29441,4820,2888,13,2023-06-11,battery,Customer reported battery failure; diagnosis completed.,1064.86,1842.63,approved,2023-06-29,915.33,GHS,18,True
2735,46899,23539,9198,10,2024-05-16,engine,Customer reported engine failure; diagnosis completed.,952.50,952.50,approved,2024-05-28,880.46,GHS,12,False
2736,7370,12275,4451,3,2025-04-27,engine,Customer reported engine failure; diagnosis completed.,299.88,299.88,approved,2025-05-10,296.48,GHS,13,False
2737,25298,16255,2663,5,2023-07-19,infotainment,Customer reported infotainment failure; diagnosis completed.,2953.09,1122.66,partially_approved,2023-07-27,1085.50,GHS,8,False
2738,29481,22989,5831,3,2023-10-31,engine,Customer reported engine failure; diagnosis completed.,1328.62,1328.62,approved,2023-11-19,1265.56,GHS,19,False
2739,17655,20992,4575,1,2024-05-05,infotainment,Customer reported infotainment failure; diagnosis completed.,629.26,629.26,approved,2024-05-19,529.90,GHS,14,False
2740,9004,955,6361,4,2025-06-30,battery,Customer reported battery failure; diagnosis completed.,1027.81,1027.81,approved,2025-06-30,878.37,GHS,0,False
2741,16670,9009,16698,7,2025-06-30,engine,Customer reported engine failure; diagnosis completed.,871.63,558.76,partially_approved,2025-06-30,554.37,GHS,0,False
2742,45394,9339,11498,15,2025-06-30,transmission,Customer reported transmission failure; diagnosis completed.,650.98,650.98,approved,2025-06-30,568.47,GHS,0,False
2743,16453,8058,2142,6,2025-03-15,battery,Customer reported battery failure; diagnosis completed.,882.30,882.30,approved,2025-04-14,804.01,GHS,30,False
2744,34171,12629,7680,7,2024-07-01,engine,Customer reported engine failure; diagnosis completed.,3660.54,3660.54,approved,2024-07-09,3016.54,GHS,8,False
2745,13406,21489,3512,3,2025-06-19,engine,Customer reported engine failure; diagnosis completed.,1277.83,1277.83,approved,2025-06-23,1101.71,GHS,4,False
2746,25867,10235,7355,3,2024-04-10,electrical,Customer reported electrical failure; diagnosis completed.,556.04,556.04,approved,2024-04-22,543.59,GHS,12,False
2747,23838,24868,1607,2,2025-03-11,suspension,Customer reported suspension failure; diagnosis completed.,906.02,906.02,approved,2025-03-21,905.79,GHS,10,False
2748,11731,8772,6796,3,2024-02-27,transmission,Customer reported transmission failure; diagnosis completed.,598.82,598.82,approved,2024-03-20,543.93,GHS,22,False
2749,26543,13998,1230,3,2025-06-30,transmission,Customer reported transmission failure; diagnosis completed.,306.76,183.68,partially_approved,2025-06-30,169.04,GHS,0,False
2750,41114,5045,14628,1,2025-05-23,electrical,Customer reported electrical failure; diagnosis completed.,3159.90,2198.05,partially_approved,2025-06-01,1823.19,GHS,9,False
2751,47213,14199,2907,3,2025-03-29,engine,Customer reported engine failure; diagnosis completed.,350.68,350.68,approved,2025-04-17,319.26,GHS,19,False
2752,43548,6150,8018,2,2024-02-27,suspension,Customer reported suspension failure; diagnosis completed.,709.50,709.50,approved,2024-03-05,701.89,GHS,7,True
2753,14142,8249,3460,10,2023-12-19,engine,Customer reported engine failure; diagnosis completed.,637.20,637.20,approved,2024-01-11,569.68,GHS,23,False
2754,39893,2281,10053,3,2025-05-20,electrical,Customer reported electrical failure; diagnosis completed.,1738.81,1738.81,approved,2025-05-25,1455.15,GHS,5,False
2755,42399,15826,3986,1,2023-10-19,transmission,Customer reported transmission failure; diagnosis completed.,3631.01,3631.01,approved,2023-12-07,3066.08,GHS,49,False
2756,802,18408,2397,10,2025-01-25,battery,Customer reported battery failure; diagnosis completed.,4799.05,4799.05,approved,2025-02-20,4311.85,GHS,26,False
2757,40465,12884,1114,3,2025-02-28,infotainment,Customer reported infotainment failure; diagnosis completed.,5783.92,5783.92,approved,2025-03-23,5196.85,GHS,23,False
2758,41057,23229,5153,5,2023-10-21,body_hardware,Customer reported body hardware failure; diagnosis completed.,516.48,0.00,denied,2023-11-14,0.00,GHS,24,False
2759,23304,2961,5208,3,2024-04-30,suspension,Customer reported suspension failure; diagnosis completed.,811.21,811.21,approved,2024-05-07,691.59,GHS,7,False
2760,29106,4048,4990,4,2024-01-07,transmission,Customer reported transmission failure; diagnosis completed.,380.39,380.39,approved,2024-01-21,370.02,GHS,14,False
2761,872,1622,1305,2,2025-06-30,suspension,Customer reported suspension failure; diagnosis completed.,1059.35,1059.35,approved,2025-06-30,894.52,GHS,0,False
2762,28647,10495,13421,10,2025-03-03,body_hardware,Customer reported body hardware failure; diagnosis completed.,1655.69,1655.69,approved,2025-03-20,1479.28,GHS,17,False
2763,32346,20438,6933,11,2024-04-23,suspension,Customer reported suspension failure; diagnosis completed.,4134.09,4134.09,approved,2024-04-30,3631.04,GHS,7,False
2764,904,13989,9714,11,2024-05-26,infotainment,Customer reported infotainment failure; diagnosis completed.,536.14,536.14,approved,2024-06-01,501.74,GHS,6,False
2765,871,5254,12584,15,2025-05-05,engine,Customer reported engine failure; diagnosis completed.,939.29,0.00,denied,2025-05-23,0.00,GHS,18,False
2766,41576,4105,1929,7,2024-03-29,electrical,Customer reported electrical failure; diagnosis completed.,545.97,0.00,denied,2024-04-21,0.00,GHS,23,False
2767,24025,5251,7741,5,2025-03-08,battery,Customer reported battery failure; diagnosis completed.,488.90,488.90,approved,2025-04-07,446.69,GHS,30,False
2768,42010,20821,7165,5,2024-03-06,battery,Customer reported battery failure; diagnosis completed.,2574.93,1978.76,partially_approved,2024-04-08,1655.89,GHS,33,False
2769,40894,7762,8410,1,2025-02-04,suspension,Customer reported suspension failure; diagnosis completed.,655.24,0.00,denied,2025-02-23,0.00,GHS,19,False
2770,15327,23972,2333,8,2025-06-30,battery,Customer reported battery failure; diagnosis completed.,3366.73,0.00,denied,2025-06-30,0.00,GHS,0,True
2771,39232,12334,15837,4,2025-03-18,engine,Customer reported engine failure; diagnosis completed.,943.10,943.10,approved,2025-03-26,905.19,GHS,8,False
2772,45958,3055,8503,4,2024-03-03,infotainment,Customer reported infotainment failure; diagnosis completed.,3919.68,0.00,denied,2024-03-15,0.00,GHS,12,False
2773,38925,20235,4246,2,2024-10-29,suspension,Customer reported suspension failure; diagnosis completed.,1852.65,1852.65,approved,2024-11-08,1601.61,GHS,10,False
2774,36255,8478,13731,1,2024-10-27,body_hardware,Customer reported body hardware failure; diagnosis completed.,2597.43,2597.43,approved,2024-11-18,2298.39,GHS,22,False
2775,6350,15803,15383,8,2025-06-30,infotainment,Customer reported infotainment failure; diagnosis completed.,1974.07,1974.07,approved,2025-06-30,1826.65,GHS,0,False
2776,9006,23282,228,15,2025-06-24,electrical,Customer reported electrical failure; diagnosis completed.,1349.61,593.19,partially_approved,2025-06-30,511.30,GHS,6,False
2777,39441,12625,4334,3,2025-06-30,infotainment,Customer reported infotainment failure; diagnosis completed.,699.33,494.78,partially_approved,2025-06-30,460.50,GHS,0,False
2778,32078,3957,1837,14,2025-06-30,suspension,Customer reported suspension failure; diagnosis completed.,600.82,600.82,approved,2025-06-30,543.59,GHS,0,False
2779,15361,24309,9973,1,2025-04-01,suspension,Customer reported suspension failure; diagnosis completed.,2829.63,0.00,denied,2025-04-21,0.00,GHS,20,False
2780,23964,3943,2818,12,2024-08-06,engine,Customer reported engine failure; diagnosis completed.,1433.63,815.38,partially_approved,2024-08-18,794.98,GHS,12,False
2781,1971,11821,2891,1,2023-06-07,engine,Customer reported engine failure; diagnosis completed.,1576.90,1576.90,approved,2023-06-28,1389.02,GHS,21,False
2782,13522,5981,9171,1,2024-08-14,battery,Customer reported battery failure; diagnosis completed.,1600.40,1600.40,approved,2024-09-14,1322.12,GHS,31,False
2783,38377,14474,1955,13,2025-06-30,body_hardware,Customer reported body hardware failure; diagnosis completed.,853.58,853.58,approved,2025-06-30,807.61,GHS,0,False
2784,20174,6282,6457,6,2024-01-19,transmission,Customer reported transmission failure; diagnosis completed.,765.20,0.00,denied,2024-02-13,0.00,GHS,25,False
2785,40832,22496,7520,8,2024-10-23,engine,Customer reported engine failure; diagnosis completed.,851.32,851.32,approved,2024-10-29,822.44,GHS,6,False
2786,2662,24285,7009,11,2024-02-24,infotainment,Customer reported infotainment failure; diagnosis completed.,930.75,930.75,approved,2024-03-03,824.70,GHS,8,False
2787,7017,19492,4673,1,2025-03-13,electrical,Customer reported electrical failure; diagnosis completed.,616.08,1393.85,approved,2025-04-03,580.33,GHS,21,False
2788,29034,8509,16469,2,2025-06-30,infotainment,Customer reported infotainment failure; diagnosis completed.,1871.95,1871.95,approved,2025-06-30,1599.17,GHS,0,False
2789,26304,3145,8003,12,2025-06-30,body_hardware,Customer reported body hardware failure; diagnosis completed.,480.02,480.02,approved,2025-06-30,445.16,GHS,0,False
2790,36985,7675,14979,15,2025-06-30,transmission,Customer reported transmission failure; diagnosis completed.,993.96,657.00,partially_approved,2025-06-30,568.68,GHS,0,False
2791,34640,20912,16667,1,2025-03-11,engine,Customer reported engine failure; diagnosis completed.,2752.27,2752.27,approved,2025-03-14,2561.96,GHS,3,False
2792,42245,8001,3742,1,2023-12-18,infotainment,Customer reported infotainment failure; diagnosis completed.,988.79,369.22,partially_approved,2023-12-28,351.02,GHS,10,False
2793,6920,6885,1441,7,2025-02-22,electrical,Customer reported electrical failure; diagnosis completed.,476.35,476.35,approved,2025-03-18,415.28,GHS,24,False
2794,31995,13305,5959,5,2024-02-24,transmission,Customer reported transmission failure; diagnosis completed.,2385.00,2385.00,approved,2024-03-26,2207.82,GHS,31,False
2795,24627,14193,3694,1,2023-10-20,infotainment,Customer reported infotainment failure; diagnosis completed.,597.99,597.99,approved,2023-11-12,589.40,GHS,23,False
2796,32036,4101,7698,10,2024-08-06,engine,Customer reported engine failure; diagnosis completed.,840.56,299.32,partially_approved,2024-08-09,274.98,GHS,3,False
2797,40770,2808,1330,1,2024-05-08,engine,Customer reported engine failure; diagnosis completed.,465.94,465.94,approved,2024-05-28,443.71,GHS,20,False
2798,45233,13592,8241,7,2024-08-21,electrical,Customer reported electrical failure; diagnosis completed.,853.74,0.00,denied,2024-09-03,0.00,GHS,13,False
2799,43080,7689,7029,10,2024-09-21,infotainment,Customer reported infotainment failure; diagnosis completed.,8438.56,8438.56,approved,2024-10-03,8436.61,GHS,12,False
2800,40274,18488,8202,1,2025-04-15,electrical,Customer reported electrical failure; diagnosis completed.,4597.39,4597.39,approved,2025-05-09,4532.50,GHS,24,False
2801,31792,11727,14616,4,2025-06-30,engine,Customer reported engine failure; diagnosis completed.,1885.72,1885.72,approved,2025-06-30,1831.96,GHS,0,True
2802,7205,15051,11467,9,2024-07-12,infotainment,Customer reported infotainment failure; diagnosis completed.,2141.45,844.62,partially_approved,2024-07-15,776.40,GHS,3,True
2803,25680,20530,8799,3,2025-06-12,engine,Customer reported engine failure; diagnosis completed.,1994.66,1994.66,approved,2025-06-24,1955.42,GHS,12,False
2804,22472,2728,10932,3,2024-09-04,electrical,Customer reported electrical failure; diagnosis completed.,660.54,660.54,approved,2024-09-25,578.83,GHS,21,False
2805,31135,23811,4430,10,2023-12-11,electrical,Customer reported electrical failure; diagnosis completed.,266.20,126.80,partially_approved,2023-12-17,116.05,GHS,6,False
2806,22316,14756,2978,13,2024-03-30,engine,Customer reported engine failure; diagnosis completed.,1236.65,0.00,denied,2024-04-17,0.00,GHS,18,False
2807,33420,16120,15478,1,2025-06-30,engine,Customer reported engine failure; diagnosis completed.,2371.83,2371.83,approved,2025-06-30,2245.12,GHS,0,False
2808,17921,9948,5185,6,2023-11-17,suspension,Customer reported suspension failure; diagnosis completed.,684.50,370.94,partially_approved,2023-11-30,343.14,GHS,13,False
2809,11185,22076,67,2,2025-06-30,suspension,Customer reported suspension failure; diagnosis completed.,643.50,643.50,approved,2025-06-30,557.45,GHS,0,False
2810,9006,14472,15987,6,2025-06-30,engine,Customer reported engine failure; diagnosis completed.,544.98,544.98,approved,2025-06-30,459.22,GHS,0,False
2811,20277,18089,7456,2,2024-06-18,suspension,Customer reported suspension failure; diagnosis completed.,3043.05,0.00,denied,2024-07-02,0.00,GHS,14,True
2812,13858,22862,15909,5,2025-06-30,body_hardware,Customer reported body hardware failure; diagnosis completed.,833.40,833.40,approved,2025-06-30,757.71,GHS,0,False
2813,41336,5664,11371,4,2025-06-30,suspension,Customer reported suspension failure; diagnosis completed.,891.11,891.11,approved,2025-06-30,767.94,GHS,0,False
2814,34478,11389,782,6,2024-01-10,engine,Customer reported engine failure; diagnosis completed.,1331.69,1331.69,approved,2024-01-30,1196.57,GHS,20,False
2815,45001,2407,1958,3,2025-01-29,electrical,Customer reported electrical failure; diagnosis completed.,824.07,0.00,denied,2025-02-15,0.00,GHS,17,False
2816,1559,15182,12926,5,2025-02-16,engine,Customer reported engine failure; diagnosis completed.,2145.39,2145.39,approved,2025-02-19,1760.92,GHS,3,False
2817,14737,19557,10933,2,2024-09-20,engine,Customer reported engine failure; diagnosis completed.,4569.45,0.00,denied,2024-09-23,0.00,GHS,3,False
2818,45966,2568,11909,3,2025-06-24,engine,Customer reported engine failure; diagnosis completed.,1159.61,1159.61,approved,2025-06-30,1115.10,GHS,6,False
2819,4405,970,8002,2,2024-12-29,transmission,Customer reported transmission failure; diagnosis completed.,6281.76,6281.76,approved,2025-01-22,5341.42,GHS,24,False
2820,35283,23001,15094,1,2024-12-10,electrical,Customer reported electrical failure; diagnosis completed.,986.53,986.53,approved,2024-12-30,921.43,GHS,20,False
2821,4413,88,2795,10,2024-08-14,electrical,Customer reported electrical failure; diagnosis completed.,594.83,0.00,denied,2024-08-20,0.00,GHS,6,False
2822,26986,1491,5041,1,2024-09-11,engine,Customer reported engine failure; diagnosis completed.,714.58,714.58,approved,2024-09-26,618.30,GHS,15,False
2823,26557,2210,10796,2,2025-06-30,engine,Customer reported engine failure; diagnosis completed.,902.28,902.28,approved,2025-06-30,787.05,GHS,0,False
2824,35171,20108,9550,15,2025-06-30,battery,Customer reported battery failure; diagnosis completed.,1057.78,1057.78,approved,2025-06-30,916.50,GHS,0,True
2825,47484,5474,4794,8,2025-06-30,transmission,Customer reported transmission failure; diagnosis completed.,2161.89,2161.89,approved,2025-06-30,1899.05,GHS,0,False
2826,19443,7629,777,6,2025-01-04,transmission,Customer reported transmission failure; diagnosis completed.,684.82,684.82,approved,2025-02-18,665.98,GHS,45,False
2827,18299,20280,738,1,2023-10-16,battery,Customer reported battery failure; diagnosis completed.,2256.22,2256.22,approved,2023-11-23,1964.31,GHS,38,True
2828,20406,23250,15624,10,2025-02-03,electrical,Customer reported electrical failure; diagnosis completed.,2017.48,2017.48,approved,2025-02-10,1927.45,GHS,7,False
2829,36521,3243,7221,2,2024-03-04,transmission,Customer reported transmission failure; diagnosis completed.,611.44,391.79,partially_approved,2024-04-15,344.10,GHS,42,False
2830,34504,15191,16926,10,2025-06-23,body_hardware,Customer reported body hardware failure; diagnosis completed.,1136.78,1136.78,approved,2025-06-30,1135.89,GHS,7,False
2831,14464,18089,7456,4,2025-04-28,battery,Customer reported battery failure; diagnosis completed.,1475.74,1475.74,approved,2025-05-17,1380.61,GHS,19,False
2832,27073,9551,8804,9,2024-05-08,body_hardware,Customer reported body hardware failure; diagnosis completed.,4106.44,4106.44,approved,2024-05-19,3562.37,GHS,11,False
2833,38897,696,2016,2,2024-05-01,electrical,Customer reported electrical failure; diagnosis completed.,1265.08,0.00,denied,2024-05-13,0.00,GHS,12,False
2834,18351,13317,5801,3,2024-12-07,body_hardware,Customer reported body hardware failure; diagnosis completed.,686.18,0.00,denied,2024-12-18,0.00,GHS,11,False
2835,39193,11485,15515,5,2025-06-30,battery,Customer reported battery failure; diagnosis completed.,644.62,644.62,approved,2025-06-30,547.50,GHS,0,False
2836,20250,18796,4457,4,2024-02-14,engine,Customer reported engine failure; diagnosis completed.,3918.55,0.00,denied,2024-02-17,0.00,GHS,3,False
2837,5870,23129,14939,8,2025-06-29,electrical,Customer reported electrical failure; diagnosis completed.,863.39,863.39,approved,2025-06-30,715.52,GHS,1,False
2838,15643,125,12438,15,2025-02-04,transmission,Customer reported transmission failure; diagnosis completed.,1340.67,0.00,denied,2025-03-01,0.00,GHS,25,False
2839,4934,15394,1279,12,2025-01-31,infotainment,,3419.72,2450.00,partially_approved,2025-02-10,2378.14,GHS,10,False
2840,45666,20347,1704,2,2024-04-30,transmission,Customer reported transmission failure; diagnosis completed.,801.44,801.44,approved,2024-06-01,713.00,GHS,32,False
2841,9006,16502,1365,10,2024-04-10,body_hardware,Customer reported body hardware failure; diagnosis completed.,601.92,219.92,partially_approved,2024-04-13,201.55,GHS,3,False
2842,36513,5878,1964,4,2024-10-25,battery,Customer reported battery failure; diagnosis completed.,688.93,688.93,approved,2024-11-24,624.32,GHS,30,False
2843,33139,4498,39,7,2023-10-05,electrical,Customer reported electrical failure; diagnosis completed.,1451.95,0.00,denied,2023-10-25,0.00,GHS,20,False
2844,6561,14564,716,8,2025-04-24,infotainment,Customer reported infotainment failure; diagnosis completed.,2051.13,2051.13,approved,2025-05-16,1935.52,GHS,22,False
2845,14071,4549,13310,12,2025-06-30,engine,Customer reported engine failure; diagnosis completed.,488.10,0.00,denied,2025-06-30,0.00,GHS,0,False
2846,14477,16633,586,11,2023-10-19,engine,Customer reported engine failure; diagnosis completed.,704.52,704.52,approved,2023-10-28,594.14,GHS,9,False
2847,3398,13901,944,12,2023-12-25,transmission,Customer reported transmission failure; diagnosis completed.,1948.77,1948.77,approved,2024-01-24,1874.34,GHS,30,False
2848,36814,5182,205,2,2024-01-22,battery,Customer reported battery failure; diagnosis completed.,3192.30,2431.17,partially_approved,2024-03-02,2357.68,GHS,40,False
2849,35071,5229,4005,3,2025-06-30,transmission,Customer reported transmission failure; diagnosis completed.,930.09,930.09,approved,2025-06-30,864.30,GHS,0,False
2850,15179,24730,9573,3,2024-08-22,infotainment,Customer reported infotainment failure; diagnosis completed.,795.59,795.59,approved,2024-09-08,694.34,GHS,17,False
2851,26870,9729,5391,13,2024-07-01,engine,Customer reported engine failure; diagnosis completed.,558.82,341.78,partially_approved,2024-07-04,317.09,GHS,3,False
2852,43325,24654,4284,3,2025-06-30,infotainment,Customer reported infotainment failure; diagnosis completed.,1674.57,1674.57,approved,2025-06-30,1624.57,GHS,0,False
2853,8649,16268,537,7,2023-08-23,engine,Customer reported engine failure; diagnosis completed.,674.09,674.09,approved,2023-09-08,597.78,GHS,16,False
2854,43642,15893,7766,2,2024-08-05,electrical,Customer reported electrical failure; diagnosis completed.,1233.10,1233.10,approved,2024-08-10,1116.65,GHS,5,False
2855,9894,18755,9711,11,2024-04-20,suspension,Customer reported suspension failure; diagnosis completed.,786.28,0.00,denied,2024-05-06,0.00,GHS,16,True
2856,46659,11191,3753,12,2025-02-27,transmission,Customer reported transmission failure; diagnosis completed.,2830.08,2830.08,approved,2025-03-31,2346.46,GHS,32,False
2857,36592,23634,8975,4,2024-07-14,transmission,Customer reported transmission failure; diagnosis completed.,785.08,785.08,approved,2024-08-19,670.02,GHS,36,False
2858,20087,23325,5091,10,2024-01-27,engine,Customer reported engine failure; diagnosis completed.,2428.99,2428.99,approved,2024-02-18,2080.26,GHS,22,False
2859,44005,9411,8986,10,2024-12-23,body_hardware,Customer reported body hardware failure; diagnosis completed.,2532.77,0.00,denied,2025-01-16,0.00,GHS,24,False
2860,46492,18685,1064,3,2025-06-21,electrical,Customer reported electrical failure; diagnosis completed.,2472.19,1519.73,partially_approved,2025-06-30,1465.58,GHS,9,False
2861,1560,2258,20050,1,2025-06-30,battery,Customer reported battery failure; diagnosis completed.,2961.19,0.00,denied,2025-06-30,0.00,GHS,0,False
2862,29920,6120,2571,13,2024-05-17,electrical,Customer reported electrical failure; diagnosis completed.,5367.60,5367.60,approved,2024-06-02,4675.66,GHS,16,False
2863,9900,19071,10141,4,2024-08-03,engine,Customer reported engine failure; diagnosis completed.,2361.14,0.00,denied,2024-08-07,0.00,GHS,4,False
2864,9861,5345,17159,2,2025-06-15,suspension,Customer reported suspension failure; diagnosis completed.,657.61,657.61,approved,2025-06-28,588.13,GHS,13,False
2865,30369,17879,6963,8,2025-06-30,electrical,Customer reported electrical failure; diagnosis completed.,1016.73,1016.73,approved,2025-06-30,953.19,GHS,0,False
2866,29583,23648,7676,13,2025-06-30,transmission,Customer reported transmission failure; diagnosis completed.,1470.30,0.00,denied,2025-06-30,0.00,GHS,0,False
2867,2032,21499,6184,1,2024-03-15,electrical,Customer reported electrical failure; diagnosis completed.,1450.81,1450.81,approved,2024-03-23,1358.19,GHS,8,True
2868,20963,21770,3299,4,2025-02-15,battery,Customer reported battery failure; diagnosis completed.,1703.62,0.00,denied,2025-04-05,0.00,GHS,49,False
2869,40689,21287,8912,2,2024-04-30,engine,Customer reported engine failure; diagnosis completed.,5673.51,5673.51,approved,2024-05-14,4902.56,GHS,14,True
2870,20478,3965,2489,2,2024-05-02,battery,Customer reported battery failure; diagnosis completed.,3896.85,3896.85,approved,2024-06-05,3477.81,GHS,34,False
2871,23614,7146,17589,6,2025-06-30,battery,Customer reported battery failure; diagnosis completed.,1320.72,1320.72,approved,2025-06-30,1272.67,GHS,0,False
2872,10673,3691,1192,6,2024-07-26,transmission,Customer reported transmission failure; diagnosis completed.,807.51,807.51,approved,,780.74,GHS,16,False
2873,38947,14860,5222,4,2025-06-30,engine,Customer reported engine failure; diagnosis completed.,3579.06,0.00,denied,2025-06-30,0.00,GHS,0,False
2874,16632,3767,19980,5,2025-06-30,infotainment,Customer reported infotainment failure; diagnosis completed.,601.15,601.15,approved,2025-06-30,562.88,GHS,0,False
2875,30890,18472,337,5,2025-06-30,transmission,Customer reported transmission failure; diagnosis completed.,1141.32,469.12,partially_approved,2025-06-30,396.43,GHS,0,False
2876,42928,11417,7296,5,2025-06-12,suspension,Customer reported suspension failure; diagnosis completed.,13563.24,13563.24,approved,2025-06-20,12028.95,GHS,8,False
2877,40392,11576,5068,15,2023-10-13,infotainment,Customer reported infotainment failure; diagnosis completed.,3177.74,3177.74,approved,2023-10-24,2814.82,GHS,11,False
2878,46657,3901,11822,4,2024-07-19,engine,Customer reported engine failure; diagnosis completed.,921.56,921.56,approved,2024-07-30,908.61,GHS,11,True
2879,45682,5780,7603,1,2025-06-30,body_hardware,Customer reported body hardware failure; diagnosis completed.,667.30,520.16,partially_approved,2025-06-30,471.56,GHS,0,True
2880,19691,5007,2128,1,2025-03-23,engine,Customer reported engine failure; diagnosis completed.,1295.62,0.00,denied,2025-04-10,0.00,GHS,18,False
2881,4670,1313,20133,2,2025-06-30,electrical,Customer reported electrical failure; diagnosis completed.,989.84,382.06,partially_approved,2025-06-30,359.16,GHS,0,False
2882,44232,9573,18227,12,2025-04-26,electrical,Customer reported electrical failure; diagnosis completed.,1911.02,1911.02,approved,2025-05-04,1850.66,GHS,8,False
2883,22775,4005,3043,2,2024-11-16,engine,Customer reported engine failure; diagnosis completed.,371.96,371.96,approved,2024-12-01,339.27,GHS,15,False
2884,19708,8011,4169,15,2024-09-03,engine,Customer reported engine failure; diagnosis completed.,881.07,881.07,approved,2024-09-12,846.86,GHS,9,False
2885,40352,1561,15242,3,2025-06-30,suspension,Customer reported suspension failure; diagnosis completed.,604.53,0.00,denied,2025-06-30,0.00,GHS,0,False
2886,41014,20761,15870,15,2025-03-08,transmission,Customer reported transmission failure; diagnosis completed.,1600.85,0.00,denied,2025-04-13,0.00,GHS,36,False
2887,22997,1890,155,6,2025-06-30,engine,Customer reported engine failure; diagnosis completed.,1264.96,0.00,denied,2025-06-30,0.00,GHS,0,True
2888,12257,7746,11690,1,2025-06-30,transmission,Customer reported transmission failure; diagnosis completed.,779.93,310.57,partially_approved,2025-06-30,258.02,GHS,0,False
2889,43285,5405,10660,6,2024-07-30,engine,Customer reported engine failure; diagnosis completed.,2026.41,2026.41,approved,2024-08-08,2013.34,GHS,9,False
2890,41783,2285,6524,1,2024-06-05,suspension,Customer reported suspension failure; diagnosis completed.,923.30,923.30,approved,2024-06-23,846.20,GHS,18,False
2891,5658,16616,5511,2,2024-05-08,body_hardware,Customer reported body hardware failure; diagnosis completed.,2586.53,0.00,denied,2024-05-22,0.00,GHS,14,False
2892,30155,4211,10168,2,2024-07-06,body_hardware,Customer reported body hardware failure; diagnosis completed.,3100.56,3100.56,approved,2024-07-17,2596.70,GHS,11,True
2893,20229,13545,1040,9,2023-08-16,engine,Customer reported engine failure; diagnosis completed.,887.70,633.69,partially_approved,2023-08-29,550.68,GHS,13,False
2894,13832,17785,8246,3,2025-06-30,engine,Customer reported engine failure; diagnosis completed.,6235.32,0.00,denied,2025-06-30,0.00,GHS,0,False
2895,25857,11597,795,4,2023-06-02,infotainment,Customer reported infotainment failure; diagnosis completed.,798.92,798.92,approved,2023-06-12,780.33,GHS,10,False
2896,11737,5909,3730,5,2024-09-29,transmission,Customer reported transmission failure; diagnosis completed.,588.57,0.00,denied,2024-11-06,0.00,GHS,38,False
2897,41002,22894,8638,3,2024-04-19,electrical,Customer reported electrical failure; diagnosis completed.,423.59,423.59,approved,,394.14,GHS,14,False
2898,32010,22489,14790,6,2025-01-06,electrical,Customer reported electrical failure; diagnosis completed.,509.50,374.14,partially_approved,2025-01-29,368.69,GHS,23,False
2899,15101,18526,9113,9,2024-09-24,electrical,Customer reported electrical failure; diagnosis completed.,4000.72,4000.72,approved,2024-10-04,3553.59,GHS,10,True
2900,22485,24514,12348,15,2025-02-13,engine,Customer reported engine failure; diagnosis completed.,1082.65,1082.65,approved,2025-03-03,935.32,GHS,18,False
2901,44368,275,4265,15,2025-06-30,body_hardware,Customer reported body hardware failure; diagnosis completed.,2957.44,2957.44,approved,2025-06-30,2431.18,GHS,0,False
2902,33411,23909,9296,5,2025-04-05,engine,Customer reported engine failure; diagnosis completed.,806.60,806.60,approved,2025-04-11,750.76,GHS,6,False
2903,30169,242,4706,10,2024-01-19,engine,Customer reported engine failure; diagnosis completed.,681.16,681.16,approved,2024-02-06,661.70,GHS,18,False
2904,26490,12601,2959,5,2023-06-14,engine,Customer reported engine failure; diagnosis completed.,1842.01,942.31,partially_approved,2023-07-01,907.07,GHS,17,False
2905,17276,7439,7384,8,2025-06-30,engine,Customer reported engine failure; diagnosis completed.,4018.64,4018.64,approved,2025-06-30,3982.32,GHS,0,False
2906,17423,17202,922,5,2024-10-01,electrical,Customer reported electrical failure; diagnosis completed.,2987.37,0.00,denied,2024-10-11,0.00,GHS,10,False
2907,38829,5493,3664,1,2024-10-11,engine,Customer reported engine failure; diagnosis completed.,2539.44,2539.44,approved,2024-10-23,2129.56,GHS,12,False
2908,29336,1186,7158,7,2024-12-01,transmission,Customer reported transmission failure; diagnosis completed.,2684.19,2684.19,approved,2025-01-10,2603.93,GHS,40,False
2909,4615,10675,3750,9,2025-02-27,electrical,Customer reported electrical failure; diagnosis completed.,738.49,738.49,approved,2025-03-20,650.08,GHS,21,False
2910,1092,8123,10519,15,2024-06-04,transmission,Customer reported transmission failure; diagnosis completed.,1648.48,0.00,denied,2024-07-01,0.00,GHS,27,False
2911,3406,9433,7648,7,2024-09-22,electrical,Customer reported electrical failure; diagnosis completed.,1113.40,0.00,denied,2024-10-07,0.00,GHS,15,False
2912,34097,21821,13712,6,2025-06-30,suspension,Customer reported suspension failure; diagnosis completed.,6469.37,6469.37,approved,2025-06-30,6237.20,GHS,0,False
2913,16495,12737,597,5,2025-04-17,transmission,Customer reported transmission failure; diagnosis completed.,1938.00,1938.00,approved,2025-05-15,1746.26,GHS,28,False
2914,23466,9383,1571,7,2024-08-07,transmission,Customer reported transmission failure; diagnosis completed.,3047.90,3047.90,approved,2024-09-05,2772.76,GHS,29,False
2915,9510,22578,6972,3,2025-06-30,electrical,Customer reported electrical failure; diagnosis completed.,827.57,0.00,denied,2025-06-30,0.00,GHS,0,False
2916,13493,11886,11002,6,2024-09-22,engine,Customer reported engine failure; diagnosis completed.,1709.86,1709.86,approved,2024-10-05,1522.79,GHS,13,False
2917,5749,1824,12799,5,2025-06-24,infotainment,Customer reported infotainment failure; diagnosis completed.,1229.24,1229.24,approved,2025-06-30,1207.45,GHS,6,False
2918,41676,17904,771,9,2024-04-21,engine,Customer reported engine failure; diagnosis completed.,3113.42,3113.42,approved,2024-05-02,2936.03,GHS,11,False
2919,11753,20453,3001,15,2025-06-30,infotainment,Customer reported infotainment failure; diagnosis completed.,3089.00,3089.00,approved,2025-06-30,2700.88,GHS,0,False
2920,41168,12586,5479,7,2024-03-03,battery,Customer reported battery failure; diagnosis completed.,4140.58,4140.58,approved,2024-04-06,3947.94,GHS,34,False
2921,35951,22518,12995,1,2025-01-29,body_hardware,Customer reported body hardware failure; diagnosis completed.,1582.61,1582.61,approved,2025-02-13,1355.64,GHS,15,False
2922,19491,12906,13229,7,2025-06-30,electrical,Customer reported electrical failure; diagnosis completed.,1191.01,0.00,denied,2025-06-30,0.00,GHS,0,False
2923,45545,13888,7274,15,2024-03-24,suspension,Customer reported suspension failure; diagnosis completed.,377.88,377.88,approved,2024-03-28,336.70,GHS,4,False
2924,41877,1319,6896,15,2024-03-29,transmission,Customer reported transmission failure; diagnosis completed.,1494.29,0.00,denied,2024-04-11,0.00,GHS,13,False
2925,14580,2783,16915,7,2025-06-30,battery,Customer reported battery failure; diagnosis completed.,536.76,536.76,approved,2025-06-30,452.69,GHS,0,False
2926,14777,5400,6468,1,2024-10-07,electrical,Customer reported electrical failure; diagnosis completed.,1562.31,0.00,denied,2024-10-29,0.00,GHS,22,False
2927,37708,21628,7145,7,2025-06-30,engine,Customer reported engine failure; diagnosis completed.,1859.69,1859.69,approved,2025-06-30,1786.70,GHS,0,False
2928,20269,18996,18325,4,2025-06-30,transmission,Customer reported transmission failure; diagnosis completed.,607.64,220.07,partially_approved,2025-06-30,200.33,GHS,0,False
2929,46100,14963,9363,5,2025-06-30,engine,Customer reported engine failure; diagnosis completed.,329.32,0.00,denied,2025-06-30,0.00,GHS,0,False
2930,12270,20793,5559,9,2024-06-12,engine,Customer reported engine failure; diagnosis completed.,2000.91,2000.91,approved,2024-06-16,1877.29,GHS,4,False
2931,34531,19213,7208,2,2024-12-30,electrical,Customer reported electrical failure; diagnosis completed.,802.24,0.00,denied,2025-01-14,0.00,GHS,15,False
2932,47793,1952,7155,4,2025-03-09,suspension,Customer reported suspension failure; diagnosis completed.,1781.96,0.00,denied,2025-03-22,0.00,GHS,13,False
2933,12834,351,5909,14,2023-11-14,body_hardware,Customer reported body hardware failure; diagnosis completed.,797.20,310.65,partially_approved,2023-12-08,301.84,GHS,24,False
2934,18112,9127,2623,13,2024-06-28,electrical,Customer reported electrical failure; diagnosis completed.,872.94,872.94,approved,2024-07-22,789.27,GHS,24,False
2935,46700,11818,2604,3,2025-06-30,infotainment,Customer reported infotainment failure; diagnosis completed.,672.10,672.10,approved,2025-06-30,551.49,GHS,0,False
2936,36986,17236,10386,1,2024-11-04,body_hardware,Customer reported body hardware failure; diagnosis completed.,704.32,704.32,approved,2024-11-17,592.46,GHS,13,False
2937,1710,8711,257,15,2023-07-22,infotainment,Customer reported infotainment failure; diagnosis completed.,673.31,673.31,approved,2023-08-09,662.12,GHS,18,False
2938,31335,4302,5015,15,2023-10-02,engine,Customer reported engine failure; diagnosis completed.,6213.34,6213.34,approved,2023-10-24,5740.93,GHS,22,False
2939,22159,23627,4996,1,2023-09-24,battery,Customer reported battery failure; diagnosis completed.,1898.54,1898.54,approved,2023-10-17,1600.95,GHS,23,False
2940,28422,7128,1055,3,2024-02-10,battery,Customer reported battery failure; diagnosis completed.,497.42,0.00,denied,2024-03-11,0.00,GHS,30,False
2941,13930,13823,17268,1,2025-04-17,battery,Customer reported battery failure; diagnosis completed.,609.67,0.00,denied,2025-06-04,0.00,GHS,48,False
2942,19591,23612,677,7,2024-06-30,transmission,Customer reported transmission failure; diagnosis completed.,2397.81,0.00,denied,2024-07-30,0.00,GHS,30,False
2943,15578,2918,14063,2,2025-02-16,transmission,Customer reported transmission failure; diagnosis completed.,1023.97,0.00,denied,2025-03-12,0.00,GHS,24,True
2944,42920,16583,5412,4,2024-07-12,body_hardware,Customer reported body hardware failure; diagnosis completed.,1044.40,553.68,partially_approved,2024-07-24,500.93,GHS,12,False
2945,43461,12740,1905,1,2023-04-24,engine,Customer reported engine failure; diagnosis completed.,550.22,0.00,denied,2023-05-18,0.00,GHS,24,False
2946,47100,108,8358,15,2024-09-17,engine,Customer reported engine failure; diagnosis completed.,368.02,368.02,approved,2024-09-24,310.13,GHS,7,True
2947,39691,23909,9296,9,2024-09-24,body_hardware,Customer reported body hardware failure; diagnosis completed.,762.96,762.96,approved,2024-10-08,740.20,GHS,14,False
2948,33160,14557,7237,3,2024-05-29,engine,Customer reported engine failure; diagnosis completed.,835.43,835.43,approved,2024-06-20,699.83,GHS,22,False
2949,16770,19518,747,5,2023-06-29,engine,Customer reported engine failure; diagnosis completed.,827.07,599.22,partially_approved,2023-07-04,558.22,GHS,5,False
2950,27795,10319,9469,13,2024-10-20,engine,Customer reported engine failure; diagnosis completed.,2934.23,2934.23,approved,2024-10-28,2532.30,GHS,8,False
2951,25427,19419,3890,8,2025-03-16,infotainment,Customer reported infotainment failure; diagnosis completed.,3838.43,3838.43,approved,2025-03-24,3579.05,GHS,8,True
2952,21650,17109,12073,3,2025-06-30,electrical,Customer reported electrical failure; diagnosis completed.,720.26,720.26,approved,2025-06-30,682.81,GHS,0,False
2953,43275,18340,6757,5,2024-03-09,battery,Customer reported battery failure; diagnosis completed.,3688.16,3688.16,approved,2024-04-11,3492.67,GHS,33,False
2954,21425,10847,12829,4,2024-09-06,electrical,Customer reported electrical failure; diagnosis completed.,1087.40,1087.40,approved,2024-09-20,1016.72,GHS,14,False
2955,6503,15425,5981,10,2025-06-30,transmission,Customer reported transmission failure; diagnosis completed.,503.59,503.59,approved,2025-06-30,474.15,GHS,0,False
2956,14677,10318,4499,11,2024-03-27,body_hardware,Customer reported body hardware failure; diagnosis completed.,628.43,628.43,approved,2024-04-17,609.56,GHS,21,False
2957,45745,9199,3978,1,2025-04-21,electrical,Customer reported electrical failure; diagnosis completed.,1283.82,0.00,denied,2025-05-02,0.00,GHS,11,False
2958,37010,2838,4893,3,2023-11-05,engine,Customer reported engine failure; diagnosis completed.,1431.63,1431.63,approved,2023-11-17,1185.39,GHS,12,False
2959,8980,6214,814,2,2025-06-06,body_hardware,Customer reported body hardware failure; diagnosis completed.,2590.03,1520.27,partially_approved,2025-06-18,1371.16,GHS,12,False
2960,43377,8948,17392,5,2025-06-30,engine,Customer reported engine failure; diagnosis completed.,334.34,334.34,approved,2025-06-30,276.56,GHS,0,False
2961,30580,9941,12540,15,2024-09-05,engine,Customer reported engine failure; diagnosis completed.,6119.56,0.00,denied,2024-09-25,0.00,GHS,20,False
2962,20960,5429,9466,1,2025-02-03,body_hardware,Customer reported body hardware failure; diagnosis completed.,1042.19,1042.19,approved,2025-02-23,1041.32,GHS,20,False
2963,39676,20796,6263,13,2025-06-30,transmission,Customer reported transmission failure; diagnosis completed.,617.90,430.45,partially_approved,2025-06-30,396.64,GHS,0,False
2964,9085,17370,6186,12,2024-09-17,transmission,Customer reported transmission failure; diagnosis completed.,858.61,858.61,approved,2024-10-14,740.09,GHS,27,False
2965,25697,21948,13783,2,2024-10-23,transmission,Customer reported transmission failure; diagnosis completed.,6488.08,6488.08,approved,2024-12-06,5966.14,GHS,44,False
2966,46667,678,3508,4,2023-09-11,body_hardware,Customer reported body hardware failure; diagnosis completed.,902.20,902.20,approved,2023-09-26,894.95,GHS,15,False
2967,21397,2130,3719,3,2024-06-14,electrical,Customer reported electrical failure; diagnosis completed.,3251.58,3251.58,approved,2024-06-29,3202.26,GHS,15,False
2968,551,6100,8680,15,2025-06-24,engine,Customer reported engine failure; diagnosis completed.,866.23,626.50,partially_approved,2025-06-30,597.83,GHS,6,False
2969,4589,13707,7726,6,2024-09-11,suspension,Customer reported suspension failure; diagnosis completed.,2976.91,2976.91,approved,2024-09-17,2849.77,GHS,6,False
2970,6734,11211,16342,15,2025-06-30,electrical,Customer reported electrical failure; diagnosis completed.,3262.49,3262.49,approved,2025-06-30,3077.20,GHS,0,False
2971,22228,15561,17742,10,2025-06-30,suspension,Customer reported suspension failure; diagnosis completed.,3236.74,3236.74,approved,2025-06-30,2705.23,GHS,0,True
2972,11123,15161,2714,7,2025-05-25,electrical,Customer reported electrical failure; diagnosis completed.,1479.42,1479.42,approved,2025-06-08,1312.95,GHS,14,False
2973,39937,17270,2936,4,2023-08-15,engine,Customer reported engine failure; diagnosis completed.,2771.91,2771.91,approved,2023-08-27,2323.12,GHS,12,False
2974,41556,1947,1178,2,2024-04-26,engine,Customer reported engine failure; diagnosis completed.,1568.92,1112.54,partially_approved,2024-05-09,1055.36,GHS,13,False
2975,22563,15823,875,9,2024-02-12,suspension,Customer reported suspension failure; diagnosis completed.,1131.42,0.00,denied,2024-03-04,0.00,GHS,21,False
2976,12037,22694,5092,10,2024-04-19,electrical,Customer reported electrical failure; diagnosis completed.,1466.14,1466.14,approved,2024-04-29,1246.90,GHS,10,False
2977,5101,21444,8249,5,2025-06-30,transmission,Customer reported transmission failure; diagnosis completed.,3884.75,3884.75,approved,2025-06-30,3239.66,GHS,0,False
2978,3906,2053,6405,1,2025-06-30,electrical,Customer reported electrical failure; diagnosis completed.,1502.29,1502.29,approved,2025-06-30,1417.23,GHS,0,False
2979,18484,8922,4654,4,2024-05-24,electrical,Customer reported electrical failure; diagnosis completed.,1091.56,1091.56,approved,2024-06-05,937.82,GHS,12,False
2980,31231,13586,5687,13,2025-04-04,suspension,Customer reported suspension failure; diagnosis completed.,1700.76,1700.76,approved,2025-04-08,1664.21,GHS,4,False
2981,41406,3565,13874,6,2025-02-10,transmission,Customer reported transmission failure; diagnosis completed.,973.57,0.00,denied,2025-02-28,0.00,GHS,18,False
2982,34493,16474,16005,10,2025-06-30,transmission,Customer reported transmission failure; diagnosis completed.,837.87,837.87,approved,2025-06-30,721.45,GHS,0,False
2983,9683,2604,15804,1,2025-06-30,infotainment,Customer reported infotainment failure; diagnosis completed.,387.84,0.00,denied,2025-06-30,0.00,GHS,0,False
2984,45112,21691,5623,7,2023-11-16,electrical,Customer reported electrical failure; diagnosis completed.,451.50,451.50,approved,2023-11-22,405.13,GHS,6,False
2985,1941,17169,6874,2,2023-12-17,body_hardware,Customer reported body hardware failure; diagnosis completed.,3115.58,3115.58,approved,2023-12-25,2958.64,GHS,8,False
2986,26757,23511,4030,4,2024-02-26,engine,Customer reported engine failure; diagnosis completed.,1131.51,1131.51,approved,2024-03-18,1083.71,GHS,21,True
2987,32457,14572,7023,12,2024-03-01,transmission,Customer reported transmission failure; diagnosis completed.,1110.93,0.00,denied,2024-04-15,0.00,GHS,45,False
2988,11404,8784,3391,12,2024-08-06,battery,Customer reported battery failure; diagnosis completed.,1909.54,1909.54,approved,2024-09-03,1607.41,GHS,28,False
2989,34072,18148,5255,2,2025-01-12,electrical,Customer reported electrical failure; diagnosis completed.,1565.00,1565.00,approved,2025-01-30,1541.50,GHS,18,False
2990,25284,12601,2959,2,2024-01-16,electrical,Customer reported electrical failure; diagnosis completed.,1149.75,1149.75,approved,2024-02-06,1072.79,GHS,21,True
2991,5288,12125,9797,1,2025-06-30,electrical,Customer reported electrical failure; diagnosis completed.,2910.49,0.00,denied,2025-06-30,0.00,GHS,0,False
2992,46105,5503,4235,10,2024-03-28,electrical,Customer reported electrical failure; diagnosis completed.,3011.34,-3011.34,approved,2024-04-12,2654.98,GHS,15,False
2993,2144,7528,2295,8,2024-05-14,engine,Customer reported engine failure; diagnosis completed.,1028.94,1028.94,approved,2024-05-21,940.93,GHS,7,False
2994,27286,904,17173,1,2025-06-16,engine,Customer reported engine failure; diagnosis completed.,372.90,372.90,approved,2025-06-30,355.56,GHS,14,False
2995,8943,24813,3452,4,2024-08-13,infotainment,Customer reported infotainment failure; diagnosis completed.,854.20,395.70,partially_approved,2024-08-29,364.33,GHS,16,False
2996,25765,1170,2233,4,2023-10-19,transmission,Customer reported transmission failure; diagnosis completed.,1028.00,736.84,partially_approved,2023-12-02,604.39,GHS,44,False
2997,26740,21344,1331,1,2024-01-07,transmission,Customer reported transmission failure; diagnosis completed.,306.85,0.00,denied,2024-01-24,0.00,GHS,17,True
2998,47763,17910,4141,4,2025-06-30,electrical,Customer reported electrical failure; diagnosis completed.,5692.61,0.00,denied,2025-06-30,0.00,GHS,0,False
2999,6669,10371,12355,1,2024-08-13,body_hardware,Customer reported body hardware failure; diagnosis completed.,2268.08,2268.08,approved,2024-08-20,2154.29,GHS,7,False
3000,43091,13488,2014,9,2024-12-02,engine,Customer reported engine failure; diagnosis completed.,381.33,147.20,partially_approved,2024-12-09,143.28,GHS,7,False
3001,6024,24183,573,8,2024-04-25,transmission,Customer reported transmission failure; diagnosis completed.,1193.78,563.30,partially_approved,2024-05-29,510.69,GHS,34,False
3002,8608,4610,5982,7,2024-01-23,body_hardware,Customer reported body hardware failure; diagnosis completed.,326.81,147.50,partially_approved,2024-02-09,135.05,GHS,17,False
3003,36917,8500,13021,4,2025-06-30,engine,Customer reported engine failure; diagnosis completed.,4241.87,1671.70,partially_approved,2025-06-30,1407.07,GHS,0,False
3004,17711,6630,7717,5,2025-06-30,suspension,Customer reported suspension failure; diagnosis completed.,1437.39,1120.00,partially_approved,2025-06-30,1092.53,GHS,0,False
3005,40473,3476,6486,1,2025-02-04,battery,Customer reported battery failure; diagnosis completed.,2340.18,1172.49,partially_approved,2025-03-09,1095.01,GHS,33,False
3006,13401,15280,5046,2,2024-09-08,infotainment,Customer reported infotainment failure; diagnosis completed.,809.43,809.43,approved,2024-09-25,712.02,GHS,17,False
3007,42641,19283,3360,14,2024-02-04,electrical,Customer reported electrical failure; diagnosis completed.,1179.78,1179.78,approved,2024-02-15,1008.41,GHS,11,False
3008,42306,14740,3540,1,2023-10-29,engine,Customer reported engine failure; diagnosis completed.,1042.93,1042.93,approved,2023-11-07,930.11,GHS,9,True
3009,3381,11145,240,4,2023-10-19,electrical,Customer reported electrical failure; diagnosis completed.,3763.03,3763.03,approved,2023-10-30,3200.48,GHS,11,False
3010,32596,1621,12934,1,2025-03-20,transmission,Customer reported transmission failure; diagnosis completed.,1951.12,1951.12,approved,2025-04-24,1794.72,GHS,35,True
3011,1343,1663,17474,2,2025-06-30,engine,Customer reported engine failure; diagnosis completed.,3615.32,0.00,denied,2025-06-30,0.00,GHS,0,False
3012,7631,24446,5194,8,2024-06-03,engine,Customer reported engine failure; diagnosis completed.,996.37,665.23,partially_approved,2024-06-27,555.93,GHS,24,False
3013,4762,24922,6056,9,2023-11-27,infotainment,Customer reported infotainment failure; diagnosis completed.,785.75,0.00,denied,2023-12-04,0.00,GHS,7,False
3014,36182,23304,10264,1,2025-06-30,electrical,Customer reported electrical failure; diagnosis completed.,519.88,222.65,partially_approved,2025-06-30,196.88,GHS,0,False
3015,22915,10367,12033,2,2024-08-19,electrical,Customer reported electrical failure; diagnosis completed.,512.56,512.56,approved,2024-09-12,420.50,GHS,24,False
3016,916,8384,2381,11,2023-07-29,infotainment,Customer reported infotainment failure; diagnosis completed.,586.62,0.00,denied,2023-08-06,0.00,GHS,8,False
3017,6130,24260,11149,7,2025-06-30,infotainment,Customer reported infotainment failure; diagnosis completed.,1739.49,1739.49,approved,2025-06-30,1469.12,GHS,0,False
3018,32576,4483,78,11,2025-03-28,body_hardware,Customer reported body hardware failure; diagnosis completed.,2254.62,0.00,denied,2025-04-17,0.00,GHS,20,False
3019,9902,11805,8697,7,2025-06-30,electrical,Customer reported electrical failure; diagnosis completed.,717.41,717.41,approved,2025-06-30,647.13,GHS,0,False
3020,13956,18940,5253,1,2023-11-16,body_hardware,Customer reported body hardware failure; diagnosis completed.,536.65,0.00,denied,2023-11-29,0.00,GHS,13,False
3021,39141,4235,2583,3,2024-12-09,suspension,Customer reported suspension failure; diagnosis completed.,3301.70,3301.70,approved,2024-12-27,2744.12,GHS,18,False
3022,20225,37,12338,15,2025-01-08,engine,Customer reported engine failure; diagnosis completed.,1626.67,1626.67,approved,2025-01-22,1349.71,GHS,14,False
3023,21024,269,5173,11,2023-11-22,suspension,Customer reported suspension failure; diagnosis completed.,1228.64,1228.64,approved,2023-12-02,1101.89,GHS,10,False
3024,29224,21378,17074,2,2025-03-05,body_hardware,Customer reported body hardware failure; diagnosis completed.,915.19,915.19,approved,2025-03-10,890.12,GHS,5,False
3025,26959,18439,4770,4,2025-03-24,transmission,Customer reported transmission failure; diagnosis completed.,808.18,363.40,partially_approved,2025-04-25,333.06,GHS,32,False
3026,6631,15956,13287,1,2025-06-30,body_hardware,Customer reported body hardware failure; diagnosis completed.,538.81,538.81,approved,2025-06-30,453.29,GHS,0,False
3027,39034,13545,1040,1,2023-11-02,transmission,Customer reported transmission failure; diagnosis completed.,687.22,687.22,approved,2023-11-29,572.97,GHS,27,False
3028,8937,251,9225,12,2024-05-22,body_hardware,Customer reported body hardware failure; diagnosis completed.,2663.67,2663.67,approved,2024-06-05,2296.30,GHS,14,False
3029,44445,23251,1512,3,2023-08-13,suspension,Customer reported suspension failure; diagnosis completed.,1702.07,0.00,denied,2023-08-19,0.00,GHS,6,False
3030,41632,15604,12822,14,2025-01-31,electrical,Customer reported electrical failure; diagnosis completed.,952.85,952.85,approved,2025-02-19,812.95,GHS,19,False
3031,44435,5426,6877,3,2024-08-19,body_hardware,Customer reported body hardware failure; diagnosis completed.,2608.20,2608.20,approved,,2430.08,GHS,3,False
3032,35932,17508,4298,2,2025-06-15,engine,Customer reported engine failure; diagnosis completed.,1571.94,-1571.94,approved,2025-06-21,1394.93,GHS,6,False
3033,41498,5417,11415,15,2025-06-30,electrical,Customer reported electrical failure; diagnosis completed.,3209.76,3209.76,approved,2025-06-30,3098.45,GHS,0,False
3034,3903,568,6788,14,2025-06-30,battery,Customer reported battery failure; diagnosis completed.,2394.19,2394.19,approved,2025-06-30,2227.84,GHS,0,False
3035,28853,8023,6626,3,2024-07-15,body_hardware,Customer reported body hardware failure; diagnosis completed.,1110.38,1110.38,approved,2024-08-08,1093.07,GHS,24,False
3036,39967,4531,10552,4,2024-05-19,suspension,Customer reported suspension failure; diagnosis completed.,1414.66,0.00,denied,2024-06-07,0.00,GHS,19,False
3037,29286,22574,11091,2,2024-12-09,transmission,Customer reported transmission failure; diagnosis completed.,1000.58,1000.58,approved,2025-01-25,989.39,GHS,47,False
3038,17042,13302,14244,4,2025-05-26,electrical,Customer reported electrical failure; diagnosis completed.,493.01,0.00,denied,2025-06-16,0.00,GHS,21,False
3039,33111,10947,1863,4,2024-09-10,transmission,Customer reported transmission failure; diagnosis completed.,889.68,889.68,approved,2024-10-23,735.02,GHS,43,False
3040,2739,1043,1581,5,2025-06-26,battery,Customer reported battery failure; diagnosis completed.,1506.60,1506.60,approved,2025-06-30,1412.55,GHS,4,True
3041,46854,5074,9917,3,2024-12-19,infotainment,Customer reported infotainment failure; diagnosis completed.,2036.48,2036.48,approved,2025-01-07,1995.86,GHS,19,False
3042,17342,11467,14077,5,2025-06-03,electrical,Customer reported electrical failure; diagnosis completed.,2342.29,0.00,denied,2025-06-25,0.00,GHS,22,False
3043,6804,14866,3623,9,2024-12-13,electrical,Customer reported electrical failure; diagnosis completed.,896.00,896.00,approved,2024-12-25,867.42,GHS,12,False
3044,9963,9252,18575,11,2025-06-30,infotainment,Customer reported infotainment failure; diagnosis completed.,1219.80,1219.80,approved,2025-06-30,1135.41,GHS,0,False
3045,33303,9303,6046,8,2024-01-25,engine,Customer reported engine failure; diagnosis completed.,834.53,0.00,denied,2024-02-07,0.00,GHS,13,False
3046,46502,16677,5727,3,2024-03-26,battery,Customer reported battery failure; diagnosis completed.,861.92,861.92,approved,2024-05-14,720.31,GHS,49,False
3047,35040,4755,12477,2,2025-01-24,engine,Customer reported engine failure; diagnosis completed.,930.74,0.00,denied,2025-02-03,0.00,GHS,10,False
3048,13215,7517,17893,2,2025-06-30,infotainment,Customer reported infotainment failure; diagnosis completed.,5682.31,5682.31,approved,2025-06-30,4661.53,GHS,0,False
3049,47234,17504,10097,13,2025-02-03,engine,Customer reported engine failure; diagnosis completed.,668.57,668.57,approved,2025-02-06,564.14,GHS,3,False
3050,9006,12234,8397,5,2025-06-30,infotainment,Customer reported infotainment failure; diagnosis completed.,3553.69,3553.69,approved,2025-06-30,3460.88,GHS,0,False
3051,37490,20971,1416,4,2023-09-10,engine,Customer reported engine failure; diagnosis completed.,1390.55,1390.55,approved,2023-09-14,1290.02,GHS,4,False 
3052,41895,21688,9909,3,2024-10-15,body_hardware,Customer reported body hardware failure; diagnosis completed.,2833.60,2833.60,approved,2024-10-22,2816.55,GHS,7,False 
3053,42076,22756,6736,1,2024-01-14,infotainment,Customer reported infotainment failure; diagnosis completed.,4307.65,0.00,denied,2024-01-23,0.00,GHS,9,False 
3054,4850,7841,9667,7,2025-05-15,infotainment,Customer reported infotainment failure; diagnosis completed.,951.11,951.11,approved,2025-06-06,935.80,GHS,22,False 
3055,9290,19591,1947,2,2024-08-09,engine,Customer reported engine failure; diagnosis completed.,746.50,746.50,approved,2024-08-22,660.63,GHS,13,False 
3056,8410,22969,10433,8,2024-05-16,transmission,Customer reported transmission failure; diagnosis completed.,929.06,929.06,approved,2024-06-08,928.38,GHS,23,False 
3057,9096,22228,3418,8,2024-01-27,electrical,Customer reported electrical failure; diagnosis completed.,1785.27,1785.27,approved,2024-02-08,1731.49,GHS,12,False 
3058,2900,16263,7120,4,2025-05-06,body_hardware,Customer reported body hardware failure; diagnosis completed.,654.81,654.81,approved,2025-05-11,557.51,GHS,5,False 
463,8553,3148,1765,5,2024-08-15,electrical,Customer reported electrical failure; diagnosis completed.,6610.89,6610.89,approved,2024-09-02,6008.53,GHS,18,False
1313,7523,24239,3325,15,2025-02-27,electrical,Customer reported electrical failure; diagnosis completed.,916.10,916.10,approved,2025-03-10,840.51,GHS,11,False
2654,7543,1226,6390,14,2025-06-30,suspension,Customer reported suspension failure; diagnosis completed.,733.37,733.37,approved,2025-06-30,622.37,GHS,0,False
706,957,17195,4692,5,2023-11-07,transmission,Customer reported transmission failure; diagnosis completed.,1629.18,0.00,denied,2023-12-09,0.00,GHS,32,False
401,10763,722,13069,9,2024-09-16,battery,Customer reported battery failure; diagnosis completed.,770.45,0.00,denied,2024-10-16,0.00,GHS,30,False
988,44526,639,1889,12,2024-04-16,battery,Customer reported battery failure; diagnosis completed.,3922.93,3922.93,approved,2024-05-18,3660.88,GHS,32,False
2427,2272,22428,10344,2,2024-07-12,engine,Customer reported engine failure; diagnosis completed.,1159.84,1159.84,approved,2024-07-29,1058.58,GHS,17,False
1100,31241,7835,3563,3,2025-01-09,electrical,Customer reported electrical failure; diagnosis completed.,1273.65,0.00,denied,2025-01-29,0.00,GHS,20,False
2668,14628,6221,6878,6,2025-05-07,transmission,Customer reported transmission failure; diagnosis completed.,706.40,706.40,approved,2025-06-09,656.02,GHS,33,False
1102,33426,12288,1023,1,2023-09-14,battery,Customer reported battery failure; diagnosis completed.,741.40,741.40,approved,2023-10-13,635.31,GHS,29,False
2215,9621,6054,13879,13,2024-10-25,electrical,Customer reported electrical failure; diagnosis completed.,1822.53,1822.53,approved,2024-11-02,1554.53,GHS,8,False
2786,2662,24285,7009,11,2024-02-24,infotainment,Customer reported infotainment failure; diagnosis completed.,930.75,930.75,approved,2024-03-03,824.70,GHS,8,False
